regularization,frozen,train_accuracy,val_accuracy,layer_0_train_separability,layer_0_test_separability,layer_1_train_separability,layer_1_test_separability,layer_2_train_separability,layer_2_test_separability,layer_3_train_separability,layer_3_test_separability,layer_4_train_separability,layer_4_test_separability,layer_5_train_separability,layer_5_test_separability
l1_0.001,True,0.20362000167369843,0.20149999856948853,0.10174,0.1013,0.12132,0.1073,0.10174,0.1013,0.21236,0.2047,0.22644,0.1972,0.20974,0.2077
l1_0.001,True,0.2711000144481659,0.26840001344680786,0.25436,0.2497,0.28252,0.2574,0.18566,0.1823,0.28538,0.2742,0.30004,0.2746,0.28652,0.282
l1_0.001,True,0.20260000228881836,0.20250000059604645,0.10254,0.1022,0.12104,0.1038,0.10254,0.1022,0.2096,0.2008,0.2299,0.1996,0.21334,0.2109
l1_0.001,True,0.2708599865436554,0.262800008058548,0.24676,0.2434,0.28286,0.2565,0.18154,0.1794,0.27866,0.2695,0.29238,0.2727,0.28214,0.2811
l1_0.001,True,0.2022400051355362,0.20020000636577606,0.10184,0.1015,0.12074,0.0984,0.1,0.1,0.2132,0.2027,0.22446,0.1951,0.20828,0.2051
l1_0.001,True,0.20462000370025635,0.20520000159740448,0.10258,0.1029,0.12136,0.1024,0.1,0.1,0.21706,0.2043,0.23108,0.2047,0.21422,0.21
l1_0.001,True,0.20217999815940857,0.2071000039577484,0.10214,0.1017,0.12136,0.0969,0.10214,0.1017,0.21468,0.2045,0.22686,0.1988,0.2108,0.2089
l1_0.001,True,0.20149999856948853,0.19990000128746033,0.10236,0.1027,0.12008,0.0994,0.10238,0.1027,0.21116,0.1981,0.22706,0.2021,0.20932,0.2075
l1_0.001,True,0.20324000716209412,0.20659999549388885,0.10196,0.1019,0.11998,0.1009,0.10196,0.1019,0.21552,0.2071,0.23204,0.2043,0.21376,0.2127
l1_0.001,True,0.2052599936723709,0.2045000046491623,0.10186,0.1017,0.11938,0.1042,0.10186,0.1017,0.2111,0.2078,0.22708,0.2006,0.21068,0.207
l1_0.001,True,0.2034199982881546,0.21070000529289246,0.10192,0.1018,0.11988,0.0973,0.10192,0.1018,0.21108,0.2029,0.2274,0.197,0.21216,0.2104
l1_0.001,True,0.27107998728752136,0.2590999901294708,0.2555,0.2544,0.29128,0.2623,0.18598,0.1854,0.28338,0.279,0.29844,0.2764,0.28558,0.2822
l1_0.001,True,0.20294000208377838,0.19670000672340393,0.10166,0.1012,0.12038,0.0998,0.10166,0.1012,0.20798,0.1993,0.22696,0.1988,0.21146,0.2059
l1_0.001,True,0.2714399993419647,0.26739999651908875,0.18244,0.1826,0.23406,0.2082,0.18316,0.183,0.28498,0.2815,0.29752,0.2819,0.28496,0.2819
l1_0.001,True,0.2679600119590759,0.27630001306533813,0.18006,0.1792,0.23218,0.2196,0.1793,0.1785,0.27778,0.2816,0.29576,0.28,0.28164,0.2813
l1_0.001,True,0.20297999680042267,0.1973000019788742,0.1015,0.1011,0.12092,0.0997,0.1015,0.1011,0.21166,0.2014,0.22638,0.2048,0.21028,0.2075
l1_0.001,True,0.20372000336647034,0.20720000565052032,0.10218,0.1018,0.11926,0.1024,0.10218,0.1018,0.21228,0.2052,0.23056,0.2041,0.21266,0.2092
l1_0.001,True,0.2717599868774414,0.23440000414848328,0.19812,0.1963,0.24194,0.2167,0.19968,0.1991,0.2838,0.2761,0.2957,0.2705,0.28094,0.2802
l1_0.001,True,0.20465999841690063,0.20630000531673431,0.1017,0.1014,0.1192,0.1017,0.1017,0.1014,0.20978,0.2014,0.22772,0.1978,0.21186,0.2122
l1_0.001,True,0.20311999320983887,0.20059999823570251,0.10192,0.1019,0.12004,0.098,0.10192,0.1019,0.2124,0.2063,0.22994,0.2053,0.21124,0.2076
l1_0.001,True,0.27017998695373535,0.2734000086784363,0.28146,0.2771,0.31672,0.2969,0.1824,0.1819,0.28136,0.2798,0.29392,0.2801,0.28044,0.282
l1_0.001,True,0.2709200084209442,0.28209999203681946,0.23494,0.237,0.26752,0.2469,0.18524,0.183,0.27876,0.269,0.29626,0.2796,0.28362,0.2828
l1_0.001,True,0.2732599973678589,0.27880001068115234,0.25346,0.2511,0.28434,0.2625,0.18188,0.1794,0.28112,0.2785,0.29904,0.276,0.28758,0.2845
l1_0.001,True,0.20239999890327454,0.19850000739097595,0.10272,0.1028,0.12056,0.1059,0.10272,0.1028,0.20246,0.1975,0.22666,0.2012,0.20968,0.2092
l1_0.001,True,0.20440000295639038,0.20589999854564667,0.10244,0.1021,0.12006,0.0963,0.10244,0.1021,0.20834,0.2024,0.22896,0.2015,0.21344,0.2059
l1_0.001,False,0.20666000247001648,0.21140000224113464,0.10196,0.1016,0.19508,0.1941,0.1,0.1,0.19526,0.1902,0.1,0.1,0.21236,0.2076
l1_0.001,False,0.20542000234127045,0.21209999918937683,0.10202,0.1017,0.19988,0.1983,0.1,0.1,0.1878,0.1875,0.1,0.1,0.21298,0.2146
l1_0.001,False,0.27564001083374023,0.267300009727478,0.1848,0.1811,0.25742,0.25,0.18462,0.1814,0.25692,0.2528,0.18436,0.1814,0.2851,0.2808
l1_0.001,False,0.20513999462127686,0.2117999941110611,0.10196,0.1018,0.16296,0.1566,0.10194,0.1018,0.16258,0.1562,0.10194,0.1018,0.2125,0.2107
l1_0.001,False,0.20382000505924225,0.20170000195503235,0.10222,0.1016,0.15804,0.1511,0.10222,0.1016,0.15708,0.1506,0.10222,0.1016,0.20968,0.2069
l1_0.001,False,0.2028599977493286,0.20399999618530273,0.10154,0.1011,0.19394,0.1948,0.1,0.1,0.18628,0.1875,0.1,0.1,0.21224,0.2099
l1_0.001,False,0.20518000423908234,0.20880000293254852,0.10174,0.1017,0.16576,0.1599,0.10176,0.1017,0.16464,0.1591,0.10182,0.1017,0.21338,0.2065
l1_0.001,False,0.20476000010967255,0.20800000429153442,0.10208,0.1018,0.16334,0.1553,0.10208,0.1018,0.16246,0.155,0.10208,0.1018,0.21558,0.2118
l1_0.001,False,0.20586000382900238,0.20649999380111694,0.10174,0.1013,0.19588,0.1901,0.1,0.1,0.19308,0.1887,0.1,0.1,0.21418,0.2159
l1_0.001,False,0.274399995803833,0.2547999918460846,0.18262,0.1821,0.26696,0.2675,0.1827,0.182,0.2662,0.267,0.18284,0.1822,0.28512,0.284
l1_0.001,False,0.0975399985909462,0.10000000149011612,0.38878,0.3854,0.39114,0.3851,0.36958,0.3664,0.2474,0.2507,0.10056,0.1008,0.1,0.1
l1_0.001,False,0.09668000042438507,0.10000000149011612,0.39068,0.3781,0.3928,0.3808,0.36282,0.3553,0.25594,0.2515,0.10178,0.0999,0.1,0.1
l1_0.001,False,0.20622000098228455,0.20260000228881836,0.10146,0.1012,0.19952,0.1942,0.1,0.1,0.18296,0.1825,0.1,0.1,0.21384,0.2143
l1_0.001,False,0.2059600055217743,0.2037999927997589,0.10208,0.1018,0.1592,0.1532,0.10208,0.1018,0.15928,0.1542,0.1021,0.1018,0.20944,0.2098
l1_0.001,False,0.20562000572681427,0.21299999952316284,0.10182,0.1017,0.1703,0.1648,0.10182,0.1017,0.17694,0.1742,0.10182,0.1017,0.21382,0.2115
l1_0.001,False,0.2763400077819824,0.2833000123500824,0.18388,0.1819,0.2676,0.2647,0.18402,0.1822,0.264,0.2633,0.18408,0.1823,0.2856,0.2847
l1_0.001,False,0.20720000565052032,0.2046000063419342,0.1023,0.102,0.1963,0.1931,0.1,0.1,0.19746,0.199,0.1,0.1,0.21392,0.2115
l1_0.001,False,0.20674000680446625,0.20110000669956207,0.10154,0.1012,0.19404,0.1901,0.1,0.1,0.18968,0.1866,0.1,0.1,0.21232,0.2098
l1_0.001,False,0.20788000524044037,0.20499999821186066,0.102,0.1017,0.16186,0.1552,0.16176,0.1551,0.16274,0.1544,0.10204,0.1016,0.21166,0.2105
l1_0.001,False,0.20401999354362488,0.2062000036239624,0.1023,0.1022,0.20036,0.1964,0.1,0.1,0.19532,0.1918,0.1,0.1,0.20854,0.2072
l1_0.001,False,0.20329999923706055,0.20280000567436218,0.10156,0.1012,0.1977,0.1946,0.1,0.1,0.20518,0.2016,0.1,0.1,0.21328,0.2118
l1_0.001,False,0.09803999960422516,0.10000000149011612,0.38578,0.3751,0.38714,0.3732,0.3665,0.3613,0.227,0.2307,0.1007,0.101,0.1,0.1
l1_0.001,False,0.2058199942111969,0.1988999992609024,0.1024,0.1017,0.15984,0.1523,0.10238,0.1017,0.15974,0.1523,0.1024,0.1017,0.2135,0.209
l1_0.001,False,0.20457999408245087,0.2053000032901764,0.1021,0.1022,0.19046,0.1863,0.1021,0.1022,0.19092,0.184,0.1021,0.1022,0.21226,0.2072
l1_0.001,False,0.20513999462127686,0.21080000698566437,0.10192,0.1015,0.16318,0.156,0.10192,0.1015,0.16258,0.1565,0.1019,0.1015,0.21224,0.2136
l1_0.01,True,0.09668000042438507,0.10000000149011612,0.39164,0.3887,0.41778,0.4055,0.3771,0.3702,0.36114,0.3609,0.35534,0.3475,0.1,0.1
l1_0.01,True,0.09973999857902527,0.10000000149011612,0.39302,0.3856,0.41162,0.4033,0.36796,0.3686,0.36096,0.3574,0.35112,0.3397,0.1,0.1
l1_0.01,True,0.0982000008225441,0.10000000149011612,0.38134,0.3815,0.41424,0.4005,0.3681,0.3708,0.36074,0.3593,0.3512,0.3422,0.1,0.1
l1_0.01,True,0.09722000360488892,0.10000000149011612,0.39346,0.3894,0.41774,0.4085,0.37102,0.3768,0.36008,0.3676,0.3546,0.3442,0.1,0.1
l1_0.01,True,0.09784000366926193,0.10000000149011612,0.3912,0.3841,0.41772,0.4032,0.37108,0.3689,0.36198,0.361,0.35884,0.353,0.1,0.1
l1_0.01,True,0.09927999973297119,0.10000000149011612,0.39042,0.3858,0.41702,0.4125,0.36972,0.3741,0.3578,0.3641,0.35694,0.345,0.1,0.1
l1_0.01,True,0.09914000332355499,0.10000000149011612,0.39168,0.3881,0.4149,0.4035,0.3763,0.3712,0.36004,0.3571,0.3582,0.341,0.1,0.1
l1_0.01,True,0.09731999784708023,0.10000000149011612,0.393,0.3832,0.41432,0.3995,0.37748,0.3777,0.36494,0.3677,0.36038,0.3518,0.1,0.1
l1_0.01,True,0.09901999682188034,0.10000000149011612,0.39678,0.387,0.42046,0.4034,0.38012,0.3783,0.3728,0.3669,0.36694,0.3511,0.1,0.1
l1_0.01,True,0.09731999784708023,0.10000000149011612,0.38912,0.3823,0.41686,0.4021,0.36872,0.3709,0.36138,0.361,0.35576,0.3434,0.1,0.1
l1_0.01,True,0.09784000366926193,0.10000000149011612,0.39166,0.3846,0.41554,0.4025,0.36632,0.3659,0.35624,0.3536,0.3515,0.3402,0.1,0.1
l1_0.01,True,0.09837999939918518,0.10000000149011612,0.39068,0.3804,0.41802,0.4025,0.38084,0.3742,0.3627,0.3613,0.35576,0.3481,0.1,0.1
l1_0.01,True,0.098860003054142,0.10000000149011612,0.39154,0.3827,0.41636,0.4058,0.36348,0.3634,0.3566,0.3597,0.35458,0.3426,0.1,0.1
l1_0.01,True,0.09641999751329422,0.10000000149011612,0.39172,0.3845,0.41354,0.4033,0.37302,0.3679,0.36354,0.3607,0.35852,0.3442,0.1,0.1
l1_0.01,True,0.09948000311851501,0.10000000149011612,0.388,0.3784,0.4148,0.4019,0.37002,0.3644,0.35814,0.3568,0.35392,0.3378,0.1,0.1
l1_0.01,True,0.0980599969625473,0.10000000149011612,0.38588,0.3844,0.41308,0.4083,0.36244,0.367,0.35598,0.3583,0.35392,0.3407,0.1,0.1
l1_0.01,True,0.0975399985909462,0.10000000149011612,0.39022,0.3862,0.41266,0.406,0.37024,0.3631,0.36136,0.3584,0.35584,0.3424,0.1,0.1
l1_0.01,True,0.09842000156641006,0.10000000149011612,0.38418,0.3825,0.40876,0.399,0.37036,0.3689,0.36574,0.3579,0.35716,0.348,0.1,0.1
l1_0.01,True,0.0987199991941452,0.10000000149011612,0.39504,0.3864,0.41898,0.4091,0.37436,0.3714,0.36504,0.3656,0.35808,0.3487,0.1,0.1
l1_0.01,True,0.0975399985909462,0.10000000149011612,0.39134,0.3835,0.41912,0.4008,0.37522,0.3766,0.36212,0.3621,0.3577,0.3553,0.1,0.1
l1_0.01,True,0.0979200005531311,0.10000000149011612,0.39108,0.3869,0.41632,0.4026,0.37532,0.3761,0.36428,0.3636,0.3589,0.3476,0.1,0.1
l1_0.01,True,0.09809999912977219,0.10000000149011612,0.39514,0.3815,0.41874,0.4002,0.37038,0.3635,0.36028,0.3569,0.35704,0.347,0.1,0.1
l1_0.01,True,0.09793999791145325,0.10000000149011612,0.39328,0.3891,0.41676,0.4048,0.36734,0.3689,0.36324,0.361,0.35856,0.3435,0.1,0.1
l1_0.01,True,0.09619999676942825,0.10000000149011612,0.39036,0.3813,0.4181,0.405,0.37324,0.3631,0.3649,0.3597,0.35502,0.3447,0.1,0.1
l1_0.01,True,0.09759999811649323,0.10000000149011612,0.38976,0.3848,0.4153,0.4002,0.3739,0.3672,0.3592,0.3581,0.3532,0.34,0.1,0.1
l1_0.01,False,0.09963999688625336,0.10000000149011612,0.39722,0.3903,0.40006,0.3868,0.37362,0.3683,0.24696,0.2401,0.10128,0.1014,0.1,0.1
l1_0.01,False,0.09715999662876129,0.10000000149011612,0.38838,0.3812,0.3898,0.3821,0.37146,0.3683,0.2479,0.2395,0.13344,0.1326,0.1,0.1
l1_0.01,False,0.09706000238656998,0.10000000149011612,0.39142,0.387,0.393,0.3886,0.37778,0.3746,0.24994,0.2564,0.10056,0.1008,0.1,0.1
l1_0.01,False,0.09839999675750732,0.10000000149011612,0.395,0.3898,0.39822,0.3887,0.37542,0.3729,0.2362,0.2268,0.15506,0.1594,0.1,0.1
l1_0.01,False,0.09922000020742416,0.10000000149011612,0.39522,0.3851,0.3962,0.3852,0.37462,0.3692,0.2484,0.2506,0.12044,0.1173,0.1,0.1
l1_0.01,False,0.09713999927043915,0.10000000149011612,0.39292,0.3884,0.3949,0.3871,0.37284,0.3727,0.25728,0.2665,0.10738,0.1081,0.1,0.1
l1_0.01,False,0.0968799963593483,0.10000000149011612,0.38876,0.378,0.38958,0.376,0.37528,0.367,0.22114,0.2257,0.1,0.1,0.1,0.1
l1_0.01,False,0.09743999689817429,0.10000000149011612,0.39252,0.3841,0.39406,0.3824,0.37744,0.3682,0.26094,0.267,0.10066,0.1022,0.1,0.1
l1_0.01,False,0.09814000129699707,0.10000000149011612,0.38542,0.3774,0.38622,0.3758,0.36832,0.3661,0.26666,0.2639,0.10056,0.1008,0.1,0.1
l1_0.01,False,0.09831999987363815,0.10000000149011612,0.39058,0.3905,0.39304,0.3893,0.3779,0.376,0.24264,0.2365,0.12964,0.1264,0.1,0.1
l1_0.01,False,0.09815999865531921,0.10000000149011612,0.3944,0.3888,0.3953,0.3862,0.3791,0.3761,0.25516,0.255,0.1062,0.1063,0.1,0.1
l1_0.01,False,0.09818000346422195,0.10000000149011612,0.38934,0.383,0.3913,0.3824,0.37322,0.3655,0.25816,0.2525,0.1,0.1,0.1,0.1
l1_0.01,False,0.09815999865531921,0.10000000149011612,0.38918,0.3868,0.39184,0.3873,0.37038,0.3679,0.25226,0.2537,0.10058,0.1009,0.1,0.1
l1_0.01,False,0.09895999729633331,0.10000000149011612,0.38888,0.3795,0.39018,0.3822,0.37442,0.3702,0.26196,0.2659,0.10716,0.1089,0.1,0.1
l1_0.01,False,0.09826000034809113,0.10000000149011612,0.39414,0.3914,0.3944,0.3886,0.37568,0.3699,0.26976,0.2782,0.1167,0.1175,0.1,0.1
l1_0.01,False,0.09929999709129333,0.10000000149011612,0.3917,0.3824,0.39338,0.3823,0.3759,0.3728,0.26958,0.2727,0.10212,0.1023,0.1,0.1
l1_0.01,False,0.09685999900102615,0.10000000149011612,0.3895,0.3795,0.39268,0.3823,0.36556,0.3662,0.22388,0.2255,0.1006,0.1005,0.1,0.1
l1_0.01,False,0.09821999818086624,0.10000000149011612,0.39144,0.3818,0.39212,0.3818,0.3783,0.3711,0.23862,0.234,0.11068,0.1105,0.1,0.1
l1_0.01,False,0.09923999756574631,0.10000000149011612,0.39088,0.3812,0.39258,0.3766,0.37058,0.3636,0.23748,0.2378,0.1358,0.1355,0.1,0.1
l1_0.01,False,0.09719999879598618,0.10000000149011612,0.39292,0.3777,0.39352,0.3754,0.37828,0.3646,0.23338,0.2418,0.10576,0.1067,0.1,0.1
l1_0.01,False,0.09780000150203705,0.10000000149011612,0.38924,0.381,0.3905,0.3823,0.37016,0.3655,0.27154,0.2733,0.15242,0.1533,0.1,0.1
l1_0.01,False,0.09910000115633011,0.10000000149011612,0.38816,0.3918,0.3893,0.3893,0.37478,0.3724,0.25338,0.2566,0.1,0.1,0.1,0.1
l1_0.01,False,0.09854000061750412,0.10000000149011612,0.39046,0.3935,0.39244,0.3929,0.36444,0.3653,0.26296,0.2635,0.10078,0.1003,0.1,0.1
l1_0.01,False,0.09629999846220016,0.10000000149011612,0.39086,0.3864,0.39256,0.383,0.37642,0.3675,0.24536,0.2462,0.11552,0.1191,0.1,0.1
l1_0.01,False,0.09972000122070312,0.10000000149011612,0.39028,0.3847,0.39132,0.3851,0.37596,0.3718,0.25054,0.2482,0.10058,0.1007,0.1,0.1
batchnorm,True,0.9431399703025818,0.5092999935150146,0.42568,0.4066,0.56188,0.4974,0.61756,0.5003,0.7031,0.517,0.8095,0.5244,0.90036,0.5147
batchnorm,True,0.9422199726104736,0.5199999809265137,0.42724,0.4027,0.55726,0.4945,0.62272,0.5073,0.70822,0.5154,0.81894,0.5246,0.91694,0.5242
batchnorm,True,0.9410200119018555,0.512499988079071,0.4266,0.4037,0.55734,0.4937,0.62302,0.503,0.699,0.5212,0.80176,0.5305,0.89002,0.5282
batchnorm,True,0.9419999718666077,0.5054000020027161,0.42382,0.4011,0.55666,0.4963,0.62056,0.4959,0.7058,0.516,0.81068,0.5284,0.9077,0.5201
batchnorm,True,0.9450600147247314,0.5188999772071838,0.4252,0.403,0.55664,0.4972,0.62376,0.5002,0.70798,0.5142,0.81484,0.525,0.90992,0.5229
batchnorm,True,0.9437599778175354,0.5151000022888184,0.42454,0.397,0.55592,0.4939,0.6113,0.4998,0.70512,0.5149,0.81874,0.5264,0.92156,0.5198
batchnorm,True,0.9454600214958191,0.5141000151634216,0.4236,0.3998,0.55868,0.5022,0.62352,0.5064,0.7128,0.5186,0.81526,0.5225,0.902,0.5225
batchnorm,True,0.9419800043106079,0.5141000151634216,0.42648,0.4031,0.55974,0.4957,0.6247,0.4955,0.71156,0.5173,0.81954,0.5266,0.90904,0.5249
batchnorm,True,0.9429399967193604,0.49729999899864197,0.42398,0.402,0.55688,0.4935,0.61846,0.4989,0.70408,0.5167,0.8076,0.518,0.8973,0.5188
batchnorm,True,0.9461600184440613,0.504800021648407,0.4278,0.4008,0.56006,0.4929,0.61528,0.5013,0.6999,0.5157,0.7955,0.5192,0.8857,0.5154
batchnorm,True,0.9417999982833862,0.5115000009536743,0.4223,0.3993,0.5557,0.499,0.61016,0.5033,0.70128,0.5216,0.80296,0.5289,0.91006,0.5215
batchnorm,True,0.9413999915122986,0.49709999561309814,0.42292,0.4025,0.5562,0.4995,0.61534,0.5026,0.70226,0.5163,0.80496,0.5243,0.90206,0.5168
batchnorm,True,0.9437999725341797,0.5070000290870667,0.4288,0.4053,0.56062,0.4982,0.6232,0.4996,0.70592,0.5128,0.80844,0.5227,0.89654,0.5241
batchnorm,True,0.939300000667572,0.5059999823570251,0.42622,0.4031,0.55666,0.4942,0.61206,0.5012,0.70118,0.5083,0.79902,0.5223,0.90108,0.5152
batchnorm,True,0.9446799755096436,0.5077000260353088,0.43002,0.4012,0.55876,0.4949,0.61964,0.5061,0.70876,0.5167,0.81244,0.5262,0.89694,0.5182
batchnorm,True,0.9389200210571289,0.49810001254081726,0.42334,0.3982,0.55478,0.4994,0.60134,0.5003,0.6754,0.5132,0.76926,0.5187,0.85908,0.5154
batchnorm,True,0.9408800005912781,0.5015000104904175,0.42494,0.3968,0.55438,0.4893,0.60998,0.4966,0.69064,0.5103,0.78984,0.5201,0.88058,0.5169
batchnorm,True,0.941100001335144,0.5127000212669373,0.4271,0.403,0.55872,0.501,0.61772,0.4986,0.7025,0.5134,0.81758,0.5251,0.9109,0.5202
batchnorm,True,0.9429799914360046,0.5058000087738037,0.42538,0.3986,0.55952,0.4942,0.61944,0.4996,0.7026,0.517,0.80042,0.528,0.89232,0.5163
batchnorm,True,0.9399200081825256,0.5139999985694885,0.42202,0.3988,0.55654,0.4968,0.61736,0.5027,0.7005,0.52,0.80622,0.5243,0.90532,0.5202
batchnorm,True,0.9470800161361694,0.49950000643730164,0.42422,0.4041,0.55544,0.503,0.61144,0.4969,0.69286,0.5125,0.78252,0.5205,0.85798,0.5177
batchnorm,True,0.9446600079536438,0.5072000026702881,0.42792,0.402,0.5552,0.4954,0.61432,0.5003,0.7029,0.5176,0.80528,0.5253,0.89582,0.5188
batchnorm,True,0.9428399801254272,0.4961000084877014,0.42612,0.4086,0.56012,0.4988,0.62394,0.4973,0.71128,0.5127,0.81352,0.5194,0.90354,0.5071
batchnorm,True,0.9425399899482727,0.49470001459121704,0.42436,0.3991,0.55492,0.4939,0.61578,0.4979,0.70946,0.511,0.80944,0.5194,0.90432,0.5137
batchnorm,True,0.9438999891281128,0.5196999907493591,0.42464,0.4006,0.55782,0.498,0.62226,0.4986,0.70248,0.508,0.81988,0.5256,0.92308,0.5208
batchnorm,False,0.9419199824333191,0.508899986743927,0.42174,0.3983,0.57918,0.5087,0.64328,0.5164,0.7623,0.5254,0.89152,0.5269,0.92782,0.5182
batchnorm,False,0.9416999816894531,0.5099999904632568,0.42232,0.398,0.58078,0.5101,0.64344,0.509,0.75444,0.5221,0.8791,0.531,0.9114,0.5187
batchnorm,False,0.9437199831008911,0.5115000009536743,0.42056,0.399,0.58108,0.5133,0.63976,0.5114,0.76016,0.5251,0.89698,0.536,0.9359,0.524
batchnorm,False,0.9413400292396545,0.5098999738693237,0.4272,0.4035,0.58124,0.5061,0.65148,0.5135,0.7651,0.521,0.8895,0.532,0.91564,0.5214
batchnorm,False,0.9414399862289429,0.5152000188827515,0.42364,0.4035,0.5773,0.5144,0.6366,0.5142,0.75108,0.521,0.8861,0.5318,0.91506,0.5192
batchnorm,False,0.9401599764823914,0.5134999752044678,0.42268,0.3987,0.58298,0.513,0.65124,0.5164,0.76114,0.5209,0.8983,0.5275,0.92808,0.5246
batchnorm,False,0.9470800161361694,0.5239999890327454,0.4277,0.4039,0.58926,0.5152,0.66918,0.5198,0.79024,0.5362,0.91472,0.5403,0.94186,0.5284
batchnorm,False,0.9435999989509583,0.5196999907493591,0.42562,0.4029,0.58524,0.5157,0.65754,0.5147,0.77618,0.5207,0.89886,0.5306,0.92812,0.5265
batchnorm,False,0.9427199959754944,0.5047000050544739,0.42302,0.3998,0.57918,0.5077,0.64502,0.5143,0.74758,0.5154,0.86974,0.5281,0.90208,0.5183
batchnorm,False,0.9411200284957886,0.5230000019073486,0.42578,0.4022,0.58268,0.5135,0.6607,0.5175,0.77776,0.531,0.90418,0.5398,0.93758,0.5276
batchnorm,False,0.9429200291633606,0.5196999907493591,0.42506,0.4031,0.58184,0.5082,0.65054,0.5104,0.76282,0.5229,0.89454,0.5292,0.92764,0.5245
batchnorm,False,0.9437800049781799,0.5199999809265137,0.42312,0.3987,0.58312,0.5105,0.65768,0.5107,0.7706,0.525,0.90222,0.5329,0.9357,0.524
batchnorm,False,0.9447000026702881,0.510699987411499,0.42454,0.3972,0.58388,0.5153,0.65336,0.511,0.76764,0.5167,0.8933,0.5281,0.91946,0.5193
batchnorm,False,0.9440400004386902,0.5214999914169312,0.42444,0.4029,0.583,0.5153,0.65562,0.5136,0.77018,0.526,0.90554,0.5359,0.94178,0.5247
batchnorm,False,0.9437400102615356,0.5164999961853027,0.423,0.3998,0.57848,0.513,0.63226,0.5137,0.74112,0.5246,0.87596,0.5376,0.90872,0.5236
batchnorm,False,0.9420999884605408,0.5187000036239624,0.41866,0.3961,0.5777,0.5141,0.64214,0.5107,0.7539,0.5206,0.88272,0.5357,0.91408,0.5219
batchnorm,False,0.9456400275230408,0.5091000199317932,0.4245,0.4025,0.58976,0.5096,0.65462,0.5116,0.77242,0.5299,0.9004,0.5359,0.93586,0.5221
batchnorm,False,0.9431599974632263,0.52920001745224,0.42868,0.4037,0.58814,0.5129,0.6629,0.514,0.78124,0.5351,0.90744,0.5419,0.93626,0.5348
batchnorm,False,0.9426800012588501,0.4986000061035156,0.42398,0.4018,0.57834,0.5096,0.63318,0.5102,0.7267,0.5248,0.85084,0.5307,0.87898,0.5155
batchnorm,False,0.9420199990272522,0.4966999888420105,0.42636,0.4026,0.58088,0.5094,0.64354,0.508,0.7479,0.5178,0.8617,0.5249,0.88574,0.5161
batchnorm,False,0.9411600232124329,0.5059999823570251,0.42332,0.4026,0.57778,0.5102,0.64438,0.5145,0.7555,0.5164,0.8841,0.5261,0.91672,0.5202
batchnorm,False,0.9391800165176392,0.5189999938011169,0.42492,0.4043,0.58136,0.5174,0.64994,0.5141,0.7622,0.5265,0.88716,0.5318,0.9228,0.5235
batchnorm,False,0.9448000192642212,0.531499981880188,0.42792,0.4064,0.58338,0.5088,0.66488,0.5164,0.77948,0.5323,0.90154,0.5342,0.93696,0.5284
batchnorm,False,0.9438400268554688,0.5235999822616577,0.42142,0.4015,0.58264,0.5136,0.65388,0.5147,0.7713,0.5241,0.89692,0.5326,0.93034,0.5301
batchnorm,False,0.9446399807929993,0.5192000269889832,0.42646,0.3957,0.5845,0.5105,0.6498,0.5088,0.76098,0.5231,0.89076,0.5318,0.92294,0.5255
dropout_0.1,True,0.46046000719070435,0.45730000734329224,0.42978,0.4029,0.50862,0.4621,0.50248,0.4554,0.52934,0.4716,0.53714,0.4736,0.52732,0.4651
dropout_0.1,True,0.4791199862957001,0.46939998865127563,0.43708,0.4188,0.51602,0.4745,0.51854,0.4699,0.54482,0.4829,0.55346,0.4853,0.54588,0.4813
dropout_0.1,True,0.4674200117588043,0.4528000056743622,0.43822,0.4105,0.51244,0.4685,0.50918,0.46,0.5302,0.4749,0.54082,0.4769,0.52832,0.4719
dropout_0.1,True,0.4611400067806244,0.4620000123977661,0.43264,0.4105,0.50596,0.4633,0.502,0.4565,0.52456,0.4654,0.53378,0.4681,0.522,0.4684
dropout_0.1,True,0.4808200001716614,0.4702000021934509,0.4238,0.403,0.5098,0.4656,0.514,0.4639,0.54322,0.4753,0.55182,0.4756,0.54344,0.4768
dropout_0.1,True,0.4838399887084961,0.460999995470047,0.4414,0.42,0.52036,0.4755,0.51784,0.4706,0.5441,0.4737,0.55216,0.4779,0.53954,0.4772
dropout_0.1,True,0.48030000925064087,0.4758000075817108,0.43834,0.4141,0.51568,0.4639,0.52094,0.4634,0.54952,0.4787,0.55652,0.4808,0.54748,0.4808
dropout_0.1,True,0.483599990606308,0.4797999858856201,0.43954,0.4122,0.51782,0.4736,0.52074,0.4711,0.54794,0.4877,0.55732,0.4853,0.5484,0.4884
dropout_0.1,True,0.48528000712394714,0.46970000863075256,0.44176,0.4149,0.51612,0.4713,0.5206,0.4667,0.55,0.4778,0.55756,0.4791,0.54528,0.4745
dropout_0.1,True,0.48256000876426697,0.48399999737739563,0.43392,0.4191,0.51972,0.4824,0.51854,0.4732,0.54824,0.4868,0.55696,0.487,0.54774,0.4869
dropout_0.1,True,0.49323999881744385,0.4747999906539917,0.4418,0.4157,0.52552,0.4736,0.52808,0.4737,0.5542,0.4807,0.56298,0.486,0.55176,0.4836
dropout_0.1,True,0.4831799864768982,0.47679999470710754,0.43766,0.4212,0.52566,0.4818,0.52632,0.4781,0.55526,0.4826,0.56252,0.4851,0.55274,0.478
dropout_0.1,True,0.49897998571395874,0.476500004529953,0.45512,0.4338,0.5312,0.4825,0.53702,0.481,0.565,0.494,0.57352,0.4955,0.56254,0.4919
dropout_0.1,True,0.4777800142765045,0.47189998626708984,0.44308,0.4189,0.515,0.4741,0.51988,0.4708,0.54652,0.4843,0.5555,0.4829,0.54828,0.4833
dropout_0.1,True,0.49066001176834106,0.4837999939918518,0.45068,0.4326,0.52802,0.4797,0.5342,0.475,0.5622,0.4884,0.57146,0.4894,0.5622,0.4876
dropout_0.1,True,0.4918400049209595,0.4697999954223633,0.45492,0.4297,0.53022,0.4846,0.53224,0.4769,0.56058,0.4913,0.56836,0.4913,0.55816,0.4801
dropout_0.1,True,0.4997600018978119,0.4758000075817108,0.44568,0.4165,0.52962,0.4762,0.52678,0.4708,0.55772,0.4847,0.56652,0.4864,0.5582,0.4831
dropout_0.1,True,0.4789600074291229,0.46560001373291016,0.43746,0.4132,0.51668,0.4666,0.51358,0.4667,0.54598,0.4803,0.55374,0.485,0.54552,0.4809
dropout_0.1,True,0.4782800078392029,0.46799999475479126,0.43324,0.4101,0.51386,0.4671,0.50732,0.4571,0.54154,0.4769,0.54974,0.4765,0.54176,0.4746
dropout_0.1,True,0.48622000217437744,0.47929999232292175,0.43288,0.4093,0.52346,0.4755,0.52346,0.4686,0.55508,0.4812,0.56262,0.4841,0.5548,0.4831
dropout_0.1,True,0.48528000712394714,0.47429999709129333,0.44626,0.4192,0.5167,0.4678,0.51692,0.4651,0.54646,0.4822,0.55696,0.486,0.55108,0.4839
dropout_0.1,True,0.4974200129508972,0.48969998955726624,0.45568,0.4321,0.53002,0.4809,0.54504,0.4836,0.57384,0.4984,0.58208,0.5013,0.57522,0.4977
dropout_0.1,True,0.4818199872970581,0.47049999237060547,0.4446,0.4205,0.51388,0.4695,0.5095,0.4644,0.54266,0.478,0.55014,0.4808,0.53752,0.4747
dropout_0.1,True,0.4871799945831299,0.47049999237060547,0.44082,0.4182,0.52008,0.4726,0.52762,0.4693,0.55364,0.4836,0.56084,0.4855,0.55282,0.4837
dropout_0.1,True,0.46625998616218567,0.4575999975204468,0.4158,0.3968,0.49776,0.4529,0.49608,0.451,0.5274,0.4725,0.53424,0.4747,0.52728,0.4675
dropout_0.1,False,0.49757999181747437,0.4819999933242798,0.43722,0.4234,0.54226,0.4849,0.5614,0.492,0.56604,0.4884,0.5704,0.4895,0.57168,0.488
dropout_0.1,False,0.45923998951911926,0.46320000290870667,0.3976,0.3864,0.51024,0.4714,0.5208,0.4707,0.52614,0.4694,0.5314,0.4686,0.5286,0.471
dropout_0.1,False,0.5054600238800049,0.48559999465942383,0.43326,0.4163,0.542,0.4862,0.56304,0.4914,0.56474,0.4862,0.57152,0.4893,0.57026,0.4899
dropout_0.1,False,0.45813998579978943,0.4528000056743622,0.40506,0.3885,0.50252,0.4636,0.51124,0.4674,0.51228,0.4664,0.51716,0.4661,0.51574,0.4618
dropout_0.1,False,0.4743799865245819,0.47859999537467957,0.40574,0.3914,0.51728,0.474,0.54,0.4794,0.54504,0.4832,0.55266,0.4836,0.54838,0.4834
dropout_0.1,False,0.46950000524520874,0.46320000290870667,0.40662,0.3905,0.51352,0.4737,0.52142,0.47,0.52104,0.4683,0.53006,0.4671,0.52722,0.4715
dropout_0.1,False,0.4467200040817261,0.4510999917984009,0.38822,0.3729,0.49048,0.4595,0.49786,0.4574,0.50174,0.456,0.50802,0.4581,0.50688,0.4615
dropout_0.1,False,0.4609600007534027,0.44839999079704285,0.40752,0.3913,0.50394,0.4661,0.5114,0.464,0.51482,0.4568,0.52142,0.4601,0.52026,0.4607
dropout_0.1,False,0.45844000577926636,0.45210000872612,0.40594,0.3916,0.50288,0.469,0.5151,0.47,0.51706,0.4634,0.52288,0.4636,0.52152,0.4669
dropout_0.1,False,0.4879800081253052,0.48170000314712524,0.43274,0.418,0.53812,0.4837,0.55508,0.4915,0.55594,0.4872,0.56096,0.4855,0.56004,0.4907
dropout_0.1,False,0.4821999967098236,0.46970000863075256,0.42464,0.4135,0.5311,0.482,0.54614,0.4838,0.54788,0.4792,0.55468,0.4801,0.55348,0.477
dropout_0.1,False,0.47255998849868774,0.4602999985218048,0.42076,0.4003,0.52246,0.4735,0.53412,0.4739,0.53488,0.4665,0.54336,0.4702,0.5409,0.4704
dropout_0.1,False,0.49959999322891235,0.48579999804496765,0.45672,0.4372,0.54168,0.4895,0.5627,0.4945,0.56504,0.4894,0.5691,0.4914,0.57056,0.4904
dropout_0.1,False,0.46713998913764954,0.4650999903678894,0.41668,0.4038,0.51724,0.4785,0.53144,0.4713,0.53144,0.4686,0.53702,0.4723,0.53642,0.4717
dropout_0.1,False,0.4788599908351898,0.4787999987602234,0.42546,0.4128,0.52812,0.4806,0.54728,0.4872,0.54842,0.4832,0.55468,0.4821,0.5537,0.4849
dropout_0.1,False,0.4972600042819977,0.4878999888896942,0.43306,0.4186,0.54276,0.4946,0.56012,0.4924,0.56278,0.4893,0.5669,0.4869,0.56554,0.493
dropout_0.1,False,0.4929800033569336,0.4717999994754791,0.43518,0.4131,0.53414,0.4818,0.55114,0.4827,0.55374,0.4781,0.56084,0.4812,0.55812,0.4808
dropout_0.1,False,0.4740999937057495,0.4706999957561493,0.41402,0.3922,0.52058,0.4709,0.53286,0.4734,0.5316,0.4665,0.5397,0.4714,0.53748,0.4676
dropout_0.1,False,0.4611800014972687,0.4641000032424927,0.41026,0.4015,0.50464,0.4699,0.51602,0.4725,0.51982,0.4688,0.52686,0.4686,0.52224,0.4703
dropout_0.1,False,0.4864400029182434,0.4636000096797943,0.42092,0.3993,0.52696,0.4793,0.53732,0.4747,0.53844,0.4681,0.54292,0.469,0.54088,0.4682
dropout_0.1,False,0.44887998700141907,0.4562999904155731,0.39036,0.3781,0.49234,0.4564,0.50626,0.4672,0.50814,0.4547,0.51462,0.4604,0.512,0.4571
dropout_0.1,False,0.45945999026298523,0.4627000093460083,0.41588,0.4054,0.50468,0.4672,0.51824,0.4701,0.51962,0.4663,0.52702,0.4688,0.52416,0.4709
dropout_0.1,False,0.48221999406814575,0.47130000591278076,0.42776,0.4066,0.52814,0.4808,0.54562,0.4833,0.5494,0.4883,0.5585,0.49,0.55704,0.4897
dropout_0.1,False,0.46955999732017517,0.45809999108314514,0.41326,0.3998,0.51504,0.4679,0.52258,0.4713,0.52706,0.4696,0.53096,0.467,0.52852,0.4708
dropout_0.1,False,0.490119993686676,0.48030000925064087,0.42836,0.4118,0.5315,0.4859,0.54978,0.4816,0.55292,0.4769,0.55856,0.484,0.55636,0.4832
dropout_0.25,True,0.32203999161720276,0.3653999865055084,0.34866,0.3394,0.39588,0.3667,0.3842,0.3679,0.40542,0.3864,0.41852,0.3962,0.40726,0.3935
dropout_0.25,True,0.31442001461982727,0.3564000129699707,0.34346,0.3315,0.3807,0.3566,0.38462,0.3718,0.40192,0.3851,0.41292,0.3832,0.39948,0.3809
dropout_0.25,True,0.23999999463558197,0.22789999842643738,0.20526,0.1994,0.25458,0.2387,0.26088,0.2531,0.24322,0.2331,0.26322,0.2426,0.28706,0.2843
dropout_0.25,True,0.19009999930858612,0.16599999368190765,0.17212,0.1768,0.23272,0.2136,0.1747,0.1766,0.2298,0.2295,0.25536,0.2338,0.22636,0.2239
dropout_0.25,True,0.24875999987125397,0.2680000066757202,0.23198,0.2298,0.25472,0.2405,0.2876,0.286,0.31024,0.3021,0.32154,0.2996,0.305,0.3003
dropout_0.25,True,0.3038800060749054,0.3174999952316284,0.2832,0.2793,0.332,0.3185,0.34354,0.339,0.3653,0.3503,0.37748,0.3547,0.36408,0.3522
dropout_0.25,True,0.3362399935722351,0.3727000057697296,0.37454,0.3619,0.4169,0.3894,0.40512,0.3876,0.41636,0.3925,0.42548,0.3993,0.41458,0.3943
dropout_0.25,True,0.29225999116897583,0.3116999864578247,0.29778,0.293,0.359,0.3397,0.32322,0.321,0.36374,0.354,0.38048,0.3598,0.35968,0.3502
dropout_0.25,True,0.2961600124835968,0.32100000977516174,0.2742,0.2741,0.31852,0.3055,0.33198,0.326,0.35504,0.3423,0.3723,0.3519,0.35378,0.3443
dropout_0.25,True,0.24094000458717346,0.2312999963760376,0.21318,0.2053,0.25178,0.2315,0.25342,0.2461,0.25742,0.2543,0.2733,0.2525,0.28902,0.2806
dropout_0.25,True,0.27724000811576843,0.2955999970436096,0.24242,0.2294,0.27742,0.2618,0.31526,0.3054,0.34078,0.3259,0.35034,0.326,0.33666,0.3206
dropout_0.25,True,0.3018600046634674,0.2992999851703644,0.29336,0.285,0.34444,0.3275,0.32362,0.3141,0.35872,0.345,0.37534,0.3537,0.35414,0.3462
dropout_0.25,True,0.23683999478816986,0.2515999972820282,0.24066,0.237,0.2635,0.2463,0.24646,0.242,0.2587,0.2554,0.2792,0.2631,0.29,0.2854
dropout_0.25,True,0.26194000244140625,0.27140000462532043,0.2415,0.2354,0.27166,0.2551,0.28584,0.2806,0.26942,0.2629,0.2824,0.2641,0.31174,0.3074
dropout_0.25,True,0.28336000442504883,0.31040000915527344,0.28632,0.2835,0.33796,0.3169,0.34718,0.3392,0.36676,0.3533,0.38012,0.3561,0.36366,0.3494
dropout_0.25,True,0.26611998677253723,0.2948000133037567,0.26228,0.2562,0.31014,0.2952,0.29272,0.2882,0.32986,0.3199,0.34692,0.3257,0.32948,0.3207
dropout_0.25,True,0.29638001322746277,0.2782999873161316,0.25504,0.2443,0.2923,0.2774,0.32408,0.3155,0.34432,0.3321,0.35438,0.3321,0.34226,0.328
dropout_0.25,True,0.22857999801635742,0.2101999968290329,0.25144,0.2501,0.28754,0.2636,0.24342,0.2415,0.26788,0.2608,0.29526,0.274,0.2793,0.2675
dropout_0.25,True,0.2351599931716919,0.24070000648498535,0.2236,0.2199,0.27036,0.2537,0.24766,0.2482,0.2647,0.2686,0.2886,0.2694,0.29136,0.2925
dropout_0.25,True,0.29763999581336975,0.3107999861240387,0.28332,0.2798,0.32254,0.3088,0.34496,0.3369,0.3581,0.3476,0.36996,0.3504,0.35808,0.3433
dropout_0.25,True,0.31439998745918274,0.34200000762939453,0.29244,0.2897,0.3646,0.3452,0.36866,0.3649,0.38632,0.3763,0.39922,0.3824,0.38306,0.3802
dropout_0.25,True,0.29684001207351685,0.3465999960899353,0.31304,0.3098,0.35812,0.3403,0.3516,0.3427,0.38058,0.3711,0.39404,0.3747,0.37744,0.3673
dropout_0.25,True,0.22830000519752502,0.23579999804496765,0.2362,0.2255,0.27386,0.2562,0.24612,0.2413,0.27358,0.2675,0.29182,0.2756,0.28996,0.2823
dropout_0.25,True,0.2206999957561493,0.22030000388622284,0.24288,0.2385,0.2677,0.2513,0.21892,0.2173,0.25922,0.2585,0.27796,0.2694,0.27294,0.2702
dropout_0.25,True,0.30979999899864197,0.33309999108314514,0.28806,0.2813,0.3371,0.3213,0.36004,0.3547,0.37788,0.3682,0.38904,0.3659,0.38072,0.3696
dropout_0.25,False,0.30867999792099,0.33649998903274536,0.29628,0.2906,0.37886,0.3671,0.3782,0.3651,0.37284,0.357,0.37616,0.3612,0.37546,0.3614
dropout_0.25,False,0.3068400025367737,0.32839998602867126,0.28982,0.2767,0.3747,0.361,0.37912,0.3641,0.36956,0.3579,0.37504,0.3594,0.3741,0.3585
dropout_0.25,False,0.23216000199317932,0.25540000200271606,0.2107,0.205,0.2801,0.2761,0.288,0.2864,0.28408,0.2739,0.28566,0.2745,0.2836,0.2745
dropout_0.25,False,0.3197000026702881,0.3330000042915344,0.2983,0.2894,0.38052,0.3674,0.37844,0.3637,0.37272,0.3593,0.3775,0.356,0.3749,0.3592
dropout_0.25,False,0.3095000088214874,0.3305000066757202,0.33494,0.3256,0.38558,0.3669,0.38652,0.3652,0.38008,0.3624,0.3837,0.3653,0.37986,0.3611
dropout_0.25,False,0.2983799874782562,0.3278000056743622,0.29882,0.2966,0.37994,0.3677,0.37676,0.3703,0.37146,0.3617,0.3741,0.3629,0.3711,0.3572
dropout_0.25,False,0.32284000515937805,0.35359999537467957,0.3296,0.3264,0.39412,0.3794,0.39468,0.3796,0.39156,0.3739,0.39322,0.3735,0.39048,0.3721
dropout_0.25,False,0.2847599983215332,0.32690000534057617,0.25124,0.2397,0.35658,0.3415,0.36168,0.3497,0.35786,0.343,0.3594,0.3446,0.35954,0.3427
dropout_0.25,False,0.31731998920440674,0.3490000069141388,0.33332,0.3229,0.38452,0.3705,0.38654,0.3712,0.37972,0.3653,0.38406,0.3638,0.38034,0.3613
dropout_0.25,False,0.3153199851512909,0.34369999170303345,0.3237,0.3209,0.39222,0.379,0.39328,0.3763,0.38674,0.373,0.39076,0.3751,0.38778,0.3737
dropout_0.25,False,0.29190000891685486,0.32089999318122864,0.30568,0.2998,0.3624,0.3507,0.36796,0.3528,0.3621,0.3458,0.36172,0.3494,0.3613,0.347
dropout_0.25,False,0.3287999927997589,0.37209999561309814,0.33062,0.322,0.40316,0.3856,0.40942,0.3917,0.4054,0.3903,0.40624,0.3892,0.40536,0.3901
dropout_0.25,False,0.3322399854660034,0.3659999966621399,0.31964,0.3162,0.40334,0.3916,0.39916,0.3863,0.39776,0.3812,0.39834,0.3802,0.39542,0.3785
dropout_0.25,False,0.26618000864982605,0.29739999771118164,0.25686,0.2521,0.34206,0.3343,0.34286,0.3286,0.3404,0.3262,0.3376,0.3243,0.33722,0.3234
dropout_0.25,False,0.2442599982023239,0.2581999897956848,0.18332,0.1781,0.28082,0.2735,0.28846,0.2773,0.28566,0.2715,0.2858,0.2765,0.2848,0.2707
dropout_0.25,False,0.23635999858379364,0.2506999969482422,0.19134,0.1908,0.27708,0.2708,0.27908,0.2716,0.27424,0.265,0.27552,0.2666,0.27658,0.2667
dropout_0.25,False,0.3096800148487091,0.34689998626708984,0.3148,0.3085,0.3888,0.3757,0.39184,0.378,0.38522,0.3731,0.38732,0.3744,0.38722,0.3757
dropout_0.25,False,0.3055199980735779,0.3327000141143799,0.30496,0.3023,0.38048,0.3729,0.38302,0.3704,0.37982,0.3691,0.3782,0.3626,0.37818,0.3656
dropout_0.25,False,0.2872999906539917,0.3199000060558319,0.27522,0.2716,0.3531,0.3458,0.36252,0.3538,0.35552,0.3402,0.3533,0.3364,0.35058,0.3343
dropout_0.25,False,0.3181000053882599,0.3605000078678131,0.30696,0.2959,0.38664,0.3816,0.39212,0.3821,0.38414,0.3754,0.39012,0.3766,0.38834,0.3794
dropout_0.25,False,0.29754000902175903,0.29190000891685486,0.2814,0.2689,0.35526,0.342,0.35478,0.3399,0.34758,0.3338,0.34828,0.332,0.34928,0.3358
dropout_0.25,False,0.2878200113773346,0.304500013589859,0.3068,0.3018,0.36102,0.352,0.36174,0.3416,0.35614,0.3358,0.3577,0.3356,0.35498,0.3392
dropout_0.25,False,0.2944999933242798,0.3012999892234802,0.29582,0.2926,0.36966,0.3589,0.3663,0.3531,0.35624,0.3446,0.35664,0.3444,0.35634,0.3408
dropout_0.25,False,0.30362001061439514,0.3118000030517578,0.25284,0.2473,0.3422,0.3311,0.34424,0.334,0.3413,0.3291,0.34252,0.3245,0.33964,0.3234
dropout_0.25,False,0.33032000064849854,0.3659000098705292,0.34764,0.3372,0.4017,0.3908,0.39756,0.3877,0.3949,0.3858,0.39868,0.3837,0.39422,0.3834
dropout_0.5,True,0.09780000150203705,0.10000000149011612,0.1,0.1,0.1,0.1,0.1,0.1,0.1,0.1,0.1,0.1,0.1,0.1
dropout_0.5,True,0.17297999560832977,0.17679999768733978,0.13894,0.1399,0.16752,0.1596,0.20872,0.2081,0.13646,0.137,0.16526,0.1488,0.21398,0.2167
dropout_0.5,True,0.17321999371051788,0.17839999496936798,0.14694,0.1405,0.17312,0.1508,0.22028,0.2151,0.14694,0.1425,0.17682,0.155,0.22408,0.2153
dropout_0.5,True,0.13594000041484833,0.17159999907016754,0.11418,0.113,0.12554,0.1058,0.18284,0.1788,0.11866,0.1153,0.13578,0.1126,0.18596,0.1795
dropout_0.5,True,0.15651999413967133,0.17419999837875366,0.13478,0.1332,0.15012,0.1308,0.20896,0.208,0.145,0.1427,0.16524,0.1435,0.21816,0.2135
dropout_0.5,True,0.1698399931192398,0.1738000065088272,0.16422,0.1625,0.17388,0.1593,0.21754,0.2147,0.15756,0.1543,0.17474,0.1626,0.22386,0.2188
dropout_0.5,True,0.13145999610424042,0.16329999268054962,0.11958,0.1176,0.12934,0.1182,0.16404,0.1598,0.12358,0.1184,0.13604,0.1167,0.16836,0.161
dropout_0.5,True,0.09786000102758408,0.10000000149011612,0.1,0.1,0.1,0.1,0.1,0.1,0.1,0.1,0.09998,0.1001,0.1,0.1
dropout_0.5,True,0.0983399972319603,0.10000000149011612,0.1,0.1,0.1,0.1,0.1,0.1,0.1,0.1,0.1,0.1,0.1,0.1
dropout_0.5,True,0.1578799933195114,0.1761000007390976,0.12918,0.1267,0.14006,0.1236,0.20492,0.2004,0.20506,0.2035,0.21932,0.1995,0.2066,0.2042
dropout_0.5,True,0.17542000114917755,0.18330000340938568,0.18032,0.1817,0.22704,0.2127,0.22666,0.227,0.1696,0.1631,0.20964,0.1815,0.22026,0.2206
dropout_0.5,True,0.164900004863739,0.179299995303154,0.1299,0.1296,0.15662,0.1384,0.14298,0.1379,0.19572,0.1924,0.24468,0.2213,0.22092,0.2139
dropout_0.5,True,0.09724000096321106,0.10000000149011612,0.1,0.1,0.1,0.1,0.1,0.1,0.1,0.1,0.1,0.1,0.1,0.1
dropout_0.5,True,0.17917999625205994,0.1784999966621399,0.15208,0.1471,0.18328,0.1634,0.22598,0.2219,0.14496,0.1404,0.17316,0.1563,0.22456,0.218
dropout_0.5,True,0.17166000604629517,0.16850000619888306,0.20696,0.2036,0.24352,0.2221,0.22636,0.2245,0.20412,0.2016,0.24032,0.2178,0.21924,0.2189
dropout_0.5,True,0.16519999504089355,0.1777999997138977,0.1298,0.1279,0.15336,0.1414,0.20958,0.2067,0.13778,0.1364,0.16424,0.1428,0.21372,0.2108
dropout_0.5,True,0.16877999901771545,0.18060000240802765,0.13384,0.1325,0.1497,0.1378,0.20184,0.1995,0.138,0.1366,0.16316,0.1413,0.21292,0.2047
dropout_0.5,True,0.1569799929857254,0.1665000021457672,0.17428,0.1682,0.19052,0.1663,0.17988,0.1727,0.17964,0.1738,0.1979,0.1765,0.18472,0.1792
dropout_0.5,True,0.16911999881267548,0.18559999763965607,0.14344,0.14,0.19798,0.1807,0.19138,0.193,0.19056,0.1829,0.21494,0.1932,0.22336,0.2211
dropout_0.5,True,0.09799999743700027,0.10000000149011612,0.1,0.1,0.1,0.1,0.1,0.1,0.1,0.1,0.1,0.1,0.1,0.1
dropout_0.5,True,0.16315999627113342,0.17350000143051147,0.18018,0.1813,0.22088,0.2006,0.22136,0.2205,0.20484,0.201,0.2328,0.2106,0.22264,0.2216
dropout_0.5,True,0.1739799976348877,0.179299995303154,0.1426,0.1379,0.19176,0.1823,0.21466,0.2112,0.15378,0.1552,0.18564,0.1723,0.22206,0.2197
dropout_0.5,True,0.167480006814003,0.1834000051021576,0.14848,0.1462,0.17952,0.1626,0.20856,0.2065,0.16396,0.1575,0.18782,0.1652,0.2297,0.2235
dropout_0.5,True,0.17416000366210938,0.18240000307559967,0.16124,0.1625,0.1946,0.1798,0.23988,0.2358,0.16924,0.1656,0.1904,0.1758,0.23248,0.2269
dropout_0.5,True,0.16674000024795532,0.18019999563694,0.12728,0.1297,0.14298,0.1289,0.20878,0.2085,0.13864,0.1344,0.16454,0.1438,0.21154,0.2029
dropout_0.5,False,0.15970000624656677,0.17759999632835388,0.12204,0.1214,0.19568,0.1918,0.19818,0.1935,0.1306,0.1266,0.19796,0.1951,0.20308,0.1952
dropout_0.5,False,0.1687999963760376,0.17569999396800995,0.1402,0.1377,0.21582,0.2135,0.22378,0.2159,0.22082,0.2151,0.22026,0.2119,0.22156,0.2141
dropout_0.5,False,0.09911999851465225,0.10000000149011612,0.1,0.1,0.1,0.1,0.1,0.1,0.1,0.1,0.1,0.1,0.1,0.1
dropout_0.5,False,0.09731999784708023,0.10000000149011612,0.1,0.1,0.1,0.1,0.1,0.1,0.1,0.1,0.1,0.1,0.1,0.1
dropout_0.5,False,0.13736000657081604,0.17339999973773956,0.1111,0.1124,0.18616,0.1837,0.19102,0.1866,0.12396,0.1225,0.19024,0.1866,0.125,0.1219
dropout_0.5,False,0.09935999661684036,0.10000000149011612,0.10004,0.1,0.10006,0.1,0.10062,0.1007,0.10004,0.1,0.10068,0.1008,0.1,0.1
dropout_0.5,False,0.15534000098705292,0.17720000445842743,0.11576,0.1161,0.21586,0.2122,0.22412,0.2213,0.22424,0.22,0.2251,0.2187,0.22836,0.2191
dropout_0.5,False,0.1555200070142746,0.1746000051498413,0.12662,0.1255,0.20436,0.2046,0.20486,0.2038,0.1391,0.1356,0.20072,0.1976,0.20432,0.1985
dropout_0.5,False,0.09737999737262726,0.10000000149011612,0.10002,0.1,0.10002,0.1002,0.10002,0.1002,0.10064,0.1009,0.10064,0.1011,0.1,0.1
dropout_0.5,False,0.14985999464988708,0.17800000309944153,0.11956,0.1198,0.19026,0.1909,0.19304,0.194,0.19256,0.1955,0.19094,0.1914,0.19594,0.1933
dropout_0.5,False,0.09675999730825424,0.10000000149011612,0.1,0.1,0.1,0.1,0.1,0.1,0.10062,0.1009,0.10062,0.1009,0.1,0.1
dropout_0.5,False,0.15678000450134277,0.16519999504089355,0.12858,0.1266,0.20868,0.2057,0.19754,0.1959,0.1372,0.1327,0.19228,0.1886,0.1984,0.1938
dropout_0.5,False,0.15602000057697296,0.1704999953508377,0.12112,0.1215,0.20286,0.2039,0.20984,0.207,0.20976,0.207,0.20716,0.205,0.20826,0.2025
dropout_0.5,False,0.1399800032377243,0.1573999971151352,0.11476,0.1139,0.18458,0.1813,0.1836,0.1783,0.12466,0.1212,0.1883,0.1819,0.12658,0.12
dropout_0.5,False,0.1561799943447113,0.18729999661445618,0.13962,0.1389,0.20436,0.2053,0.20662,0.2034,0.14088,0.1392,0.2039,0.201,0.20714,0.199
dropout_0.5,False,0.1356399953365326,0.14869999885559082,0.11624,0.1157,0.15834,0.1582,0.15884,0.1577,0.12052,0.1178,0.15862,0.1558,0.12142,0.1188
dropout_0.5,False,0.15647999942302704,0.16500000655651093,0.1256,0.1235,0.20308,0.1993,0.20804,0.2061,0.20766,0.2033,0.2066,0.2014,0.2084,0.2006
dropout_0.5,False,0.1536400020122528,0.1695999950170517,0.19126,0.1883,0.20906,0.2069,0.21378,0.2109,0.21394,0.2094,0.19768,0.1936,0.206,0.1974
dropout_0.5,False,0.16930000483989716,0.1770000010728836,0.15084,0.1485,0.20906,0.2056,0.22034,0.2208,0.17268,0.1731,0.21446,0.2151,0.21836,0.2146
dropout_0.5,False,0.1525000035762787,0.17020000517368317,0.1299,0.1302,0.1879,0.1857,0.19346,0.19,0.13624,0.1345,0.18896,0.1847,0.19076,0.1855
dropout_0.5,False,0.13782000541687012,0.17579999566078186,0.10864,0.1098,0.19058,0.1877,0.19248,0.1908,0.12464,0.1215,0.19212,0.1864,0.12564,0.1178
dropout_0.5,False,0.15518000721931458,0.16769999265670776,0.13206,0.13,0.19268,0.19,0.19232,0.1885,0.13124,0.1297,0.18788,0.1831,0.19166,0.1848
dropout_0.5,False,0.15918000042438507,0.17960000038146973,0.13728,0.1349,0.20816,0.2048,0.2013,0.1986,0.19974,0.1984,0.20154,0.2,0.20426,0.1962
dropout_0.5,False,0.09781999886035919,0.10000000149011612,0.1,0.1,0.1,0.1,0.1,0.1,0.1,0.1,0.1,0.1,0.1,0.1
dropout_0.5,False,0.17637999355793,0.18140000104904175,0.19598,0.1933,0.22782,0.2228,0.26352,0.2631,0.21218,0.2094,0.25714,0.2523,0.25414,0.2506
