num_reservoir_layers,frozen,train_accuracy,val_accuracy,layer_0_train_separability,layer_0_test_separability,layer_1_train_separability,layer_1_test_separability,layer_2_train_separability,layer_2_test_separability,layer_3_train_separability,layer_3_test_separability,layer_4_train_separability,layer_4_test_separability,layer_5_train_separability,layer_5_test_separability,layer_6_train_separability,layer_6_test_separability,layer_7_train_separability,layer_7_test_separability,layer_8_train_separability,layer_8_test_separability,layer_9_train_separability,layer_9_test_separability,layer_10_train_separability,layer_10_test_separability,layer_11_train_separability,layer_11_test_separability,layer_12_train_separability,layer_12_test_separability,layer_13_train_separability,layer_13_test_separability,layer_14_train_separability,layer_14_test_separability,layer_15_train_separability,layer_15_test_separability,layer_16_train_separability,layer_16_test_separability,layer_17_train_separability,layer_17_test_separability,layer_18_train_separability,layer_18_test_separability,layer_19_train_separability,layer_19_test_separability,layer_20_train_separability,layer_20_test_separability,layer_21_train_separability,layer_21_test_separability,layer_22_train_separability,layer_22_test_separability,layer_23_train_separability,layer_23_test_separability
8,True,0.09935999661684036,0.10000000149011612,0.29292,0.287,0.32256,0.3103,0.28808,0.2824,0.30492,0.2979,0.31754,0.3107,0.29134,0.2913,0.29898,0.2964,0.31536,0.3051,0.27942,0.2826,0.2865,0.285,0.30506,0.2967,0.23976,0.2399,0.2446,0.2446,0.26294,0.2491,0.23434,0.2368,0.2355,0.2358,0.24522,0.235,0.23164,0.2342,0.23344,0.2371,0.244,0.2371,0.15052,0.1592,0.1,0.1,0.1,0.1,0.1,0.1
8,True,0.10056000202894211,0.10000000149011612,0.28956,0.2846,0.318,0.3102,0.29522,0.2901,0.3092,0.3057,0.32274,0.3151,0.29514,0.294,0.30284,0.3074,0.32052,0.312,0.27614,0.2818,0.28286,0.2803,0.29998,0.2908,0.26194,0.2604,0.26426,0.2619,0.27532,0.2603,0.22832,0.2284,0.23058,0.2296,0.24424,0.2263,0.21008,0.211,0.21856,0.217,0.22942,0.2033,0.17036,0.1685,0.1,0.1,0.1,0.1,0.1,0.1
8,True,0.27685999870300293,0.25999999046325684,0.34298,0.3435,0.40052,0.3919,0.34062,0.3373,0.35312,0.3487,0.37446,0.3594,0.14308,0.1385,0.27266,0.2668,0.28488,0.2707,0.13642,0.1328,0.27038,0.2625,0.28768,0.2695,0.16692,0.1679,0.22736,0.2192,0.28188,0.2575,0.1677,0.1676,0.16982,0.1684,0.17992,0.1654,0.1016,0.0999,0.16752,0.167,0.176,0.1654,0.21164,0.2072,0.27124,0.2632,0.28576,0.2536,0.26506,0.2594
8,True,0.09821999818086624,0.10000000149011612,0.31318,0.305,0.3669,0.3538,0.33842,0.3285,0.35032,0.3469,0.36274,0.349,0.26912,0.2602,0.29522,0.2897,0.30776,0.2893,0.1319,0.132,0.19364,0.1935,0.2108,0.1875,0.13418,0.1344,0.10576,0.1054,0.13802,0.1054,0.15386,0.156,0.16038,0.1598,0.18186,0.1557,0.1,0.1,0.15062,0.1534,0.1787,0.1537,0.1,0.1,0.16386,0.1623,0.18474,0.1629,0.1,0.1
8,True,0.0972599983215332,0.10000000149011612,0.28518,0.2746,0.31298,0.3026,0.304,0.2936,0.31082,0.3042,0.3203,0.3047,0.29426,0.2931,0.3028,0.2952,0.3096,0.2978,0.29758,0.2968,0.30068,0.2962,0.30964,0.2961,0.28458,0.2838,0.2934,0.2886,0.3056,0.2945,0.2594,0.2576,0.2721,0.27,0.2921,0.2743,0.21256,0.2127,0.20802,0.2054,0.24556,0.2167,0.13924,0.143,0.1,0.1,0.1,0.1,0.1,0.1
8,True,0.18021999299526215,0.21729999780654907,0.39828,0.3938,0.44758,0.4294,0.3942,0.3928,0.3726,0.3729,0.40748,0.3975,0.18148,0.1812,0.24178,0.2382,0.2515,0.2346,0.1797,0.1793,0.21492,0.2134,0.24968,0.2281,0.1005,0.1,0.10032,0.1,0.11868,0.1047,0.1,0.1,0.10032,0.1,0.11996,0.0999,0.1,0.1,0.1009,0.1007,0.1202,0.0983,0.10636,0.1064,0.23224,0.2153,0.25068,0.2078,0.21974,0.2128
8,True,0.3633800148963928,0.3366999924182892,0.42456,0.413,0.47752,0.4509,0.44088,0.4267,0.44816,0.4306,0.4628,0.4352,0.38606,0.3726,0.41022,0.3889,0.42248,0.3911,0.27882,0.2636,0.36054,0.3384,0.38564,0.3532,0.10342,0.1032,0.19922,0.1928,0.2966,0.2688,0.11636,0.1163,0.22876,0.2192,0.24916,0.2301,0.10078,0.1008,0.16258,0.1594,0.16614,0.1581,0.15828,0.1574,0.3556,0.3392,0.36964,0.3462,0.27464,0.2656
8,True,0.29236000776290894,0.28200000524520874,0.40544,0.396,0.4702,0.4572,0.41728,0.4118,0.42362,0.4153,0.4431,0.4292,0.3181,0.311,0.35858,0.3504,0.37098,0.3509,0.20516,0.1981,0.32158,0.3148,0.33668,0.3149,0.20462,0.198,0.27598,0.2682,0.31306,0.2951,0.1,0.1,0.1857,0.1821,0.21116,0.1958,0.18564,0.1821,0.18562,0.1824,0.24768,0.2283,0.10002,0.1,0.26432,0.2551,0.31262,0.2912,0.20758,0.2039
8,True,0.28077998757362366,0.28369998931884766,0.37084,0.3709,0.44258,0.4232,0.38622,0.3769,0.39296,0.3803,0.41578,0.3907,0.25346,0.2482,0.3196,0.3067,0.34632,0.3209,0.1218,0.1195,0.26608,0.2571,0.30568,0.2835,0.13188,0.129,0.12438,0.1209,0.13368,0.1247,0.1274,0.1289,0.13242,0.1343,0.1396,0.1337,0.14286,0.1431,0.15144,0.1516,0.16114,0.1493,0.1877,0.1847,0.2849,0.2775,0.3157,0.2856,0.28552,0.2785
8,True,0.09836000204086304,0.10000000149011612,0.31404,0.3104,0.34194,0.3344,0.32628,0.3251,0.33322,0.3298,0.34608,0.3292,0.32594,0.3235,0.32642,0.3249,0.33448,0.3295,0.31536,0.3175,0.32204,0.323,0.33622,0.3318,0.30356,0.3042,0.30474,0.3056,0.32106,0.3092,0.2832,0.2833,0.28232,0.2801,0.29546,0.2871,0.25168,0.2563,0.25118,0.2544,0.26656,0.253,0.16062,0.1617,0.1,0.1,0.1,0.1,0.1,0.1
8,True,0.30103999376296997,0.28790000081062317,0.4037,0.4063,0.46566,0.4441,0.4178,0.4126,0.42148,0.411,0.44056,0.416,0.3141,0.3026,0.35412,0.3347,0.3689,0.3392,0.24732,0.2364,0.32718,0.3183,0.3378,0.3157,0.16668,0.163,0.25334,0.2471,0.32774,0.311,0.10012,0.1,0.18538,0.1822,0.27756,0.2625,0.10012,0.1,0.18506,0.1799,0.31614,0.2981,0.15448,0.1552,0.3148,0.2996,0.32956,0.3012,0.23204,0.2284
8,True,0.09904000163078308,0.10000000149011612,0.27806,0.2708,0.30048,0.2898,0.29434,0.2908,0.29856,0.2959,0.3063,0.2945,0.29278,0.2896,0.29808,0.2931,0.30804,0.2983,0.29372,0.2926,0.29954,0.2959,0.30576,0.2962,0.2736,0.277,0.27932,0.2775,0.28974,0.2819,0.25116,0.2497,0.25408,0.2549,0.27142,0.2604,0.23516,0.239,0.23118,0.2287,0.25008,0.2296,0.19336,0.1925,0.1,0.1,0.1,0.1,0.1,0.1
8,True,0.3325200080871582,0.3249000012874603,0.41086,0.4026,0.47642,0.4527,0.4338,0.4186,0.43898,0.4223,0.4588,0.4314,0.3735,0.3583,0.40144,0.3817,0.4191,0.3873,0.16208,0.1587,0.33158,0.3129,0.36504,0.3326,0.10058,0.1009,0.20598,0.1957,0.22782,0.2024,0.17996,0.1727,0.20576,0.196,0.31392,0.284,0.10058,0.1009,0.13564,0.1339,0.14706,0.1369,0.1,0.1,0.343,0.3184,0.37376,0.3375,0.2588,0.2438
8,True,0.10029999911785126,0.10000000149011612,0.31694,0.317,0.34836,0.3419,0.3316,0.3306,0.33976,0.337,0.3509,0.3397,0.33406,0.3323,0.3379,0.3352,0.35062,0.3405,0.33192,0.325,0.3324,0.3244,0.34718,0.3294,0.30318,0.3031,0.30404,0.2995,0.3253,0.3097,0.26844,0.2679,0.2642,0.2667,0.28394,0.2702,0.23284,0.2357,0.2281,0.2312,0.24372,0.2265,0.16046,0.1592,0.15578,0.1565,0.18518,0.1632,0.1,0.1
8,True,0.09849999845027924,0.10000000149011612,0.30716,0.3046,0.32776,0.3187,0.31654,0.3176,0.3221,0.3228,0.33666,0.3246,0.31646,0.3162,0.32232,0.3171,0.33178,0.3183,0.31398,0.3109,0.31698,0.3162,0.32846,0.3168,0.3006,0.2993,0.30324,0.2985,0.32204,0.3097,0.28006,0.2823,0.28366,0.2854,0.29888,0.2881,0.22936,0.2344,0.23334,0.2377,0.25646,0.2422,0.195,0.1961,0.1,0.1,0.1,0.1,0.1,0.1
8,True,0.0989999994635582,0.10000000149011612,0.30028,0.3014,0.32408,0.3174,0.29944,0.3015,0.31098,0.3138,0.3258,0.3206,0.30814,0.3122,0.31502,0.3148,0.32852,0.3234,0.30062,0.3004,0.29992,0.3032,0.32154,0.3164,0.27606,0.2778,0.27194,0.2735,0.29182,0.2778,0.24086,0.2392,0.2345,0.2354,0.25016,0.2336,0.22654,0.2259,0.22762,0.2233,0.23862,0.2162,0.18256,0.1867,0.1,0.1,0.1,0.1,0.1,0.1
8,True,0.09842000156641006,0.10000000149011612,0.33012,0.3302,0.35194,0.3438,0.3046,0.3053,0.31988,0.3189,0.33356,0.3257,0.31112,0.3156,0.31576,0.3188,0.33128,0.3257,0.30994,0.3076,0.31538,0.3151,0.32756,0.3207,0.2846,0.2856,0.28468,0.2896,0.29844,0.2852,0.26306,0.2672,0.2655,0.2702,0.27756,0.2664,0.24426,0.2485,0.24424,0.2475,0.25312,0.2364,0.13412,0.1396,0.1,0.1,0.1,0.1,0.1,0.1
8,True,0.0979200005531311,0.10000000149011612,0.32088,0.3154,0.34558,0.3351,0.29098,0.29,0.31366,0.311,0.32916,0.3191,0.28176,0.2801,0.28994,0.2878,0.31218,0.3037,0.26002,0.2638,0.27972,0.2762,0.29898,0.2894,0.22276,0.225,0.23346,0.2368,0.25318,0.2407,0.21572,0.215,0.21768,0.2182,0.22918,0.2128,0.2039,0.2097,0.20786,0.2121,0.2231,0.201,0.18582,0.1847,0.18954,0.1902,0.20262,0.1738,0.1,0.1
8,True,0.4042600095272064,0.4083999991416931,0.40156,0.3953,0.4731,0.4533,0.42676,0.4116,0.4515,0.4306,0.46632,0.4389,0.21322,0.2071,0.38486,0.3687,0.43242,0.3958,0.20384,0.1993,0.37158,0.3506,0.43436,0.4019,0.19296,0.1886,0.39278,0.3746,0.43554,0.3993,0.20178,0.1967,0.3764,0.3564,0.43682,0.3995,0.22844,0.2215,0.397,0.3749,0.44024,0.4041,0.34324,0.3284,0.43474,0.4075,0.44396,0.4082,0.43202,0.4076
8,True,0.09799999743700027,0.10000000149011612,0.32526,0.3256,0.3529,0.3445,0.33154,0.3345,0.32884,0.3329,0.3396,0.3382,0.31706,0.319,0.3237,0.3243,0.33276,0.3278,0.3143,0.3181,0.31572,0.317,0.33006,0.3247,0.30696,0.3119,0.30002,0.3087,0.31982,0.3168,0.2801,0.2868,0.2771,0.2822,0.2948,0.2872,0.21924,0.2232,0.20916,0.215,0.24574,0.232,0.14774,0.151,0.14776,0.1512,0.17346,0.1423,0.1,0.1
8,True,0.30206000804901123,0.28380000591278076,0.39678,0.3908,0.45898,0.4399,0.41876,0.4076,0.4228,0.408,0.44128,0.421,0.33916,0.3349,0.36206,0.355,0.38284,0.3636,0.1,0.1,0.26696,0.2568,0.28714,0.2742,0.10002,0.1,0.24174,0.234,0.24956,0.2389,0.10008,0.1,0.20866,0.2047,0.30106,0.282,0.10026,0.1001,0.22076,0.221,0.31662,0.2972,0.10496,0.1049,0.28222,0.2685,0.34112,0.3185,0.24086,0.2348
8,True,0.09798000007867813,0.10000000149011612,0.33328,0.3323,0.35254,0.3473,0.32152,0.3232,0.3328,0.3304,0.34564,0.3332,0.33648,0.3371,0.33718,0.3361,0.35084,0.3422,0.3193,0.3231,0.32434,0.3275,0.33418,0.3323,0.3006,0.3045,0.30288,0.3063,0.3155,0.3136,0.27708,0.2795,0.28072,0.2868,0.29156,0.2874,0.25802,0.2647,0.25598,0.261,0.27048,0.2557,0.19186,0.1943,0.1,0.1,0.1,0.1,0.1,0.1
8,True,0.10001999884843826,0.10000000149011612,0.31874,0.3123,0.34176,0.333,0.3225,0.3242,0.32422,0.3214,0.3428,0.3366,0.3117,0.3121,0.31868,0.3147,0.33448,0.3242,0.30376,0.2989,0.30928,0.3017,0.32752,0.3197,0.29512,0.2914,0.29148,0.284,0.31112,0.2976,0.25212,0.2549,0.2512,0.2512,0.26896,0.2569,0.2259,0.2352,0.21496,0.2193,0.2311,0.2138,0.21206,0.218,0.1,0.1,0.1,0.1,0.1,0.1
8,True,0.09989999979734421,0.10000000149011612,0.32946,0.325,0.35328,0.3476,0.34086,0.3388,0.34898,0.3474,0.36104,0.3512,0.3355,0.3306,0.33808,0.3333,0.35682,0.3454,0.33122,0.3315,0.33204,0.3334,0.34556,0.3395,0.31328,0.3195,0.30674,0.312,0.32012,0.3104,0.28756,0.2897,0.28358,0.2866,0.29418,0.2896,0.262,0.2711,0.26542,0.2702,0.27622,0.2629,0.16584,0.1647,0.1,0.1,0.1,0.1,0.1,0.1
8,True,0.09877999871969223,0.10000000149011612,0.31102,0.3134,0.3395,0.3335,0.32374,0.3198,0.33102,0.3282,0.34956,0.3331,0.32622,0.3262,0.33052,0.3293,0.33916,0.3314,0.31418,0.3124,0.32038,0.3174,0.33234,0.3222,0.3046,0.3035,0.29646,0.2943,0.31952,0.3055,0.25816,0.2549,0.2519,0.2537,0.27372,0.266,0.22552,0.2273,0.2268,0.2331,0.24604,0.231,0.12044,0.1242,0.1,0.1,0.1,0.1,0.1,0.1
8,False,0.10080000013113022,0.10000000149011612,0.32478,0.3223,0.36336,0.3519,0.34672,0.3462,0.35042,0.3436,0.36524,0.3549,0.33876,0.3412,0.34096,0.338,0.36158,0.3531,0.32342,0.3161,0.32772,0.3225,0.33626,0.3246,0.3083,0.3076,0.30046,0.296,0.30884,0.3035,0.28634,0.2859,0.28094,0.2842,0.2825,0.2851,0.25036,0.2477,0.2521,0.2499,0.25232,0.2485,0.22488,0.2302,0.1,0.1,0.1,0.1,0.1,0.1
8,False,0.09907999634742737,0.10000000149011612,0.35418,0.3465,0.38742,0.3703,0.3615,0.3535,0.35976,0.3469,0.37766,0.3665,0.35332,0.3547,0.35004,0.3429,0.36376,0.3489,0.34348,0.3351,0.33994,0.3317,0.35088,0.3414,0.32088,0.3216,0.32066,0.3198,0.32768,0.3231,0.30018,0.2974,0.29504,0.2949,0.30026,0.2945,0.2722,0.2692,0.26872,0.2657,0.26968,0.2672,0.25342,0.254,0.21962,0.222,0.14472,0.1483,0.1,0.1
8,False,0.09749999642372131,0.10000000149011612,0.31774,0.3169,0.34544,0.3367,0.33284,0.3285,0.33826,0.335,0.35264,0.3455,0.3377,0.3351,0.33874,0.3326,0.34692,0.3404,0.32814,0.3228,0.32126,0.316,0.33042,0.3224,0.29488,0.2928,0.29052,0.2881,0.29706,0.2919,0.27374,0.27,0.27518,0.272,0.27874,0.2694,0.26202,0.2623,0.26444,0.2639,0.26436,0.2656,0.14838,0.1488,0.1,0.1,0.11246,0.1103,0.1,0.1
8,False,0.09700000286102295,0.10000000149011612,0.3248,0.3225,0.33798,0.331,0.33204,0.3301,0.33968,0.3372,0.34402,0.3396,0.33038,0.3341,0.33638,0.3431,0.34486,0.3426,0.32376,0.3254,0.31804,0.3259,0.33134,0.3311,0.29376,0.296,0.2975,0.3008,0.30156,0.3027,0.29238,0.2909,0.28322,0.2843,0.28746,0.2858,0.27452,0.2788,0.24378,0.2503,0.2503,0.2531,0.24264,0.2474,0.22202,0.225,0.1,0.1,0.1,0.1
8,False,0.098580002784729,0.10000000149011612,0.25154,0.2544,0.30578,0.2963,0.29884,0.294,0.30006,0.2933,0.31088,0.2991,0.29692,0.2908,0.30002,0.2931,0.30868,0.2985,0.2937,0.2878,0.2917,0.2883,0.30136,0.2934,0.27276,0.2751,0.26822,0.2663,0.27336,0.2701,0.26728,0.2671,0.26578,0.2684,0.26844,0.2667,0.2459,0.2474,0.2483,0.2456,0.24896,0.2473,0.23034,0.2336,0.15206,0.1531,0.1,0.1,0.1,0.1
8,False,0.09849999845027924,0.10000000149011612,0.31522,0.3181,0.34736,0.343,0.32312,0.3267,0.33636,0.3361,0.3501,0.3439,0.3319,0.3369,0.32754,0.3319,0.33852,0.3371,0.3024,0.3085,0.3048,0.3068,0.30978,0.3086,0.29166,0.2958,0.27416,0.278,0.2761,0.2809,0.26626,0.2701,0.26754,0.2698,0.26986,0.2694,0.26702,0.2697,0.26128,0.2649,0.25872,0.2653,0.19538,0.1955,0.1955,0.1915,0.1,0.1,0.1,0.1
8,False,0.09864000231027603,0.10000000149011612,0.30916,0.3028,0.33744,0.3394,0.33384,0.3356,0.33856,0.3432,0.35118,0.3483,0.33252,0.3312,0.32854,0.3315,0.3489,0.3431,0.31932,0.3177,0.30502,0.312,0.3154,0.3133,0.2798,0.2845,0.27962,0.2874,0.28292,0.2834,0.27924,0.2851,0.27734,0.2847,0.2819,0.2842,0.25748,0.268,0.25512,0.2622,0.25564,0.2636,0.22282,0.2325,0.19306,0.2006,0.16184,0.161,0.1,0.1
8,False,0.09933999925851822,0.10000000149011612,0.362,0.3584,0.3909,0.3812,0.35524,0.3561,0.36176,0.3569,0.38186,0.3693,0.34924,0.3519,0.34668,0.3401,0.35992,0.347,0.33812,0.3364,0.3333,0.3288,0.34552,0.3399,0.31008,0.3156,0.30242,0.3068,0.31026,0.3166,0.28122,0.291,0.28104,0.2902,0.28444,0.2885,0.25754,0.2666,0.2599,0.2691,0.25962,0.2652,0.19338,0.1966,0.20402,0.2089,0.19522,0.1999,0.1,0.1
8,False,0.09722000360488892,0.10000000149011612,0.33198,0.3298,0.36166,0.3516,0.34,0.3351,0.3481,0.3425,0.36146,0.3519,0.33664,0.3317,0.3383,0.3405,0.35052,0.3499,0.32192,0.3194,0.32758,0.3268,0.34052,0.3373,0.31154,0.3133,0.31294,0.3096,0.31906,0.3117,0.28698,0.288,0.28682,0.288,0.29322,0.2896,0.25504,0.2554,0.25678,0.2586,0.26014,0.2604,0.21912,0.2253,0.21468,0.2198,0.1,0.1,0.1,0.1
8,False,0.09905999898910522,0.10000000149011612,0.31964,0.3163,0.34794,0.3398,0.33716,0.3297,0.3445,0.3441,0.35204,0.3448,0.33782,0.3322,0.34216,0.3401,0.34924,0.3403,0.33236,0.3301,0.33618,0.3309,0.3437,0.336,0.3178,0.3168,0.29958,0.3007,0.31176,0.3066,0.27652,0.281,0.26542,0.2716,0.26846,0.2777,0.24346,0.2433,0.23374,0.2337,0.23614,0.2363,0.2,0.1957,0.1679,0.1736,0.1,0.1,0.1,0.1
8,False,0.09629999846220016,0.10000000149011612,0.31762,0.3197,0.35698,0.3514,0.3322,0.327,0.33734,0.3327,0.35434,0.346,0.33146,0.332,0.3242,0.3217,0.34244,0.3394,0.32072,0.3198,0.32162,0.3182,0.3334,0.3187,0.2984,0.2955,0.29552,0.2901,0.30122,0.2902,0.27726,0.2759,0.27374,0.2737,0.27558,0.2743,0.24982,0.2527,0.23574,0.2378,0.2408,0.2447,0.23688,0.2373,0.16652,0.1709,0.1326,0.1357,0.1,0.1
8,False,0.09815999865531921,0.10000000149011612,0.31778,0.3195,0.34178,0.3403,0.33266,0.3311,0.33234,0.3357,0.34268,0.3394,0.32564,0.3265,0.32878,0.3282,0.33836,0.3382,0.32938,0.332,0.3202,0.3246,0.33222,0.3325,0.3017,0.3036,0.30078,0.3039,0.31134,0.3063,0.2795,0.2841,0.26752,0.277,0.27618,0.2801,0.24252,0.253,0.24064,0.2485,0.24374,0.2477,0.21912,0.2226,0.21832,0.2188,0.21258,0.2158,0.1,0.1
8,False,0.09722000360488892,0.10000000149011612,0.28626,0.286,0.316,0.312,0.30606,0.3075,0.30744,0.31,0.31522,0.3105,0.30938,0.3069,0.30916,0.31,0.31708,0.3084,0.30492,0.3064,0.3082,0.3105,0.31384,0.3114,0.29766,0.2945,0.29372,0.2881,0.29798,0.2905,0.26278,0.2669,0.25678,0.2571,0.26254,0.2618,0.20294,0.2069,0.21386,0.2113,0.2177,0.2125,0.17064,0.1715,0.1329,0.1353,0.1,0.1,0.1,0.1
8,False,0.09814000129699707,0.10000000149011612,0.31212,0.3118,0.33816,0.3336,0.33472,0.3383,0.33518,0.3363,0.34754,0.3387,0.3308,0.3366,0.3329,0.3396,0.34266,0.3453,0.32712,0.3329,0.32504,0.3352,0.341,0.3385,0.31492,0.3185,0.3152,0.3207,0.32052,0.3224,0.2958,0.3,0.28226,0.2866,0.28686,0.2877,0.2522,0.2548,0.23786,0.2419,0.2412,0.2422,0.20368,0.2,0.1675,0.1684,0.15678,0.1583,0.1,0.1
8,False,0.0972599983215332,0.10000000149011612,0.33512,0.3309,0.37458,0.3673,0.3469,0.3462,0.35146,0.3521,0.37378,0.3607,0.34194,0.336,0.34194,0.3364,0.35928,0.3502,0.32552,0.3257,0.32448,0.3202,0.3363,0.3355,0.30694,0.3103,0.30198,0.3018,0.31006,0.3023,0.29462,0.2942,0.28066,0.2808,0.28418,0.2804,0.27244,0.2741,0.26498,0.2716,0.26712,0.2706,0.24652,0.2495,0.1,0.1,0.1,0.1,0.1,0.1
8,False,0.09790000319480896,0.10000000149011612,0.28318,0.2803,0.32566,0.3214,0.31024,0.3141,0.32154,0.324,0.3309,0.3274,0.3135,0.3156,0.31538,0.317,0.32882,0.324,0.29612,0.2949,0.29836,0.3009,0.30724,0.3081,0.28118,0.2816,0.2796,0.2789,0.28008,0.2798,0.2717,0.2735,0.26506,0.2661,0.26722,0.2679,0.26254,0.2617,0.24294,0.2458,0.24246,0.2459,0.24178,0.2438,0.17856,0.1829,0.1,0.1,0.1,0.1
8,False,0.10078000277280807,0.10000000149011612,0.32632,0.3264,0.3548,0.3498,0.3375,0.3394,0.35416,0.3519,0.36624,0.3637,0.3422,0.3495,0.34134,0.346,0.35956,0.3553,0.3302,0.3346,0.32534,0.3295,0.33402,0.333,0.29352,0.2965,0.28854,0.2941,0.29336,0.2927,0.27942,0.2838,0.26752,0.2699,0.27226,0.2695,0.26434,0.2648,0.2562,0.2583,0.25906,0.2591,0.22306,0.2285,0.12838,0.1334,0.1,0.1,0.1,0.1
8,False,0.09650000184774399,0.10000000149011612,0.32144,0.3222,0.33378,0.3359,0.32752,0.3376,0.33094,0.3389,0.34278,0.3402,0.33212,0.3346,0.33354,0.3378,0.34412,0.3381,0.32934,0.3331,0.3221,0.3268,0.33214,0.3317,0.31028,0.3147,0.30204,0.3058,0.30906,0.3151,0.2846,0.2903,0.27466,0.2766,0.27806,0.2754,0.2626,0.264,0.255,0.2554,0.26004,0.2591,0.21322,0.2166,0.17202,0.1702,0.1,0.1,0.1,0.1
8,False,0.09771999716758728,0.10000000149011612,0.34718,0.3472,0.37946,0.3663,0.3603,0.3584,0.36026,0.3574,0.3793,0.3759,0.3524,0.3503,0.34712,0.3439,0.36444,0.3619,0.33708,0.3381,0.3324,0.3368,0.3462,0.3455,0.3166,0.32,0.3137,0.3151,0.31864,0.3165,0.28336,0.2833,0.28458,0.2856,0.28794,0.2858,0.26806,0.2709,0.27126,0.273,0.27276,0.2724,0.26802,0.2708,0.21356,0.218,0.1,0.1,0.1,0.1
8,False,0.09809999912977219,0.10000000149011612,0.3357,0.3315,0.35796,0.3482,0.34868,0.3448,0.35162,0.3432,0.36,0.3527,0.34262,0.343,0.34672,0.3437,0.35582,0.3454,0.33488,0.3364,0.33682,0.3332,0.35022,0.3456,0.32286,0.3206,0.3226,0.3217,0.33158,0.3275,0.306,0.3048,0.29732,0.2979,0.30792,0.304,0.27036,0.2746,0.26932,0.2733,0.26984,0.275,0.22942,0.2304,0.18344,0.184,0.20664,0.2056,0.1,0.1
8,False,0.09759999811649323,0.10000000149011612,0.35288,0.3455,0.39036,0.3741,0.35058,0.3444,0.35008,0.3436,0.3717,0.3605,0.34232,0.3378,0.33564,0.3344,0.35398,0.344,0.31964,0.3127,0.31912,0.3156,0.3326,0.3242,0.30672,0.3091,0.30618,0.3034,0.31294,0.3091,0.29646,0.2979,0.2879,0.2872,0.29138,0.287,0.2624,0.2682,0.25772,0.2639,0.26066,0.2663,0.2227,0.2309,0.14756,0.151,0.1,0.1,0.1,0.1
8,False,0.09734000265598297,0.10000000149011612,0.31252,0.3104,0.35002,0.3488,0.31266,0.3097,0.33158,0.3319,0.3479,0.3418,0.3267,0.3259,0.33136,0.3305,0.34416,0.3364,0.31184,0.3125,0.30796,0.3067,0.31852,0.3159,0.28908,0.2943,0.28718,0.2908,0.2909,0.2925,0.28204,0.2837,0.28096,0.2823,0.28372,0.2856,0.28188,0.2823,0.27956,0.2813,0.27918,0.279,0.2573,0.2534,0.1,0.1,0.1,0.1,0.1,0.1
8,False,0.0979200005531311,0.10000000149011612,0.32354,0.3176,0.34788,0.346,0.33442,0.3384,0.34122,0.3422,0.34664,0.3474,0.33256,0.3321,0.33796,0.3403,0.34608,0.3453,0.3281,0.3261,0.32906,0.3265,0.34006,0.3337,0.32062,0.3186,0.31036,0.3053,0.31672,0.305,0.274,0.2744,0.26504,0.2662,0.26786,0.2668,0.24022,0.2436,0.22202,0.2221,0.22546,0.2213,0.2216,0.2199,0.1,0.1,0.1,0.1,0.1,0.1
8,False,0.09644000232219696,0.10000000149011612,0.31852,0.3139,0.33394,0.3326,0.32744,0.3339,0.3292,0.3351,0.3352,0.3379,0.33162,0.3323,0.33344,0.3368,0.3436,0.3411,0.33074,0.3352,0.32714,0.3275,0.33402,0.3282,0.30716,0.311,0.30366,0.3055,0.31214,0.3121,0.27976,0.2813,0.2809,0.2802,0.28458,0.2838,0.25692,0.2566,0.2404,0.2387,0.24316,0.2384,0.22748,0.2215,0.15816,0.1589,0.16124,0.1648,0.1,0.1
8,False,0.098860003054142,0.10000000149011612,0.32278,0.3181,0.35462,0.3498,0.34498,0.3386,0.34918,0.3444,0.35908,0.3548,0.33516,0.3375,0.33682,0.3357,0.34848,0.3448,0.3265,0.327,0.32794,0.3291,0.34032,0.3351,0.31706,0.3147,0.31224,0.3073,0.32478,0.3165,0.29252,0.2938,0.28094,0.2836,0.28936,0.2864,0.26962,0.2676,0.25402,0.2565,0.25502,0.2562,0.20866,0.2079,0.2016,0.2036,0.1,0.1,0.1,0.1
7,True,0.4719200134277344,0.4377000033855438,0.43118,0.4175,0.50266,0.466,0.4782,0.4413,0.49668,0.4513,0.50894,0.4596,0.26982,0.2494,0.47402,0.4205,0.50126,0.4428,0.28864,0.2621,0.46452,0.4159,0.5002,0.4409,0.26784,0.2439,0.47672,0.4248,0.49998,0.4395,0.2636,0.2483,0.43448,0.3909,0.47584,0.4182,0.4665,0.422,0.4937,0.4394,0.50118,0.4403,0.49134,0.4399
7,True,0.43125998973846436,0.42750000953674316,0.4113,0.4003,0.48516,0.4594,0.45608,0.4395,0.47128,0.4476,0.4863,0.4524,0.30408,0.2915,0.45044,0.4153,0.4697,0.4268,0.2173,0.2128,0.36158,0.3429,0.46022,0.4191,0.20512,0.2003,0.35176,0.338,0.43888,0.4051,0.20708,0.2024,0.39786,0.3798,0.44758,0.4119,0.30208,0.2935,0.45906,0.4264,0.46818,0.4255,0.45262,0.4268
7,True,0.09818000346422195,0.10000000149011612,0.13614,0.1399,0.15928,0.1313,0.17176,0.174,0.1747,0.1781,0.18262,0.1761,0.17234,0.1737,0.17606,0.1775,0.18474,0.1749,0.17394,0.1757,0.175,0.1767,0.1874,0.1753,0.17164,0.1748,0.17688,0.175,0.1868,0.1688,0.16192,0.1667,0.16464,0.1677,0.17844,0.1643,0.1,0.1,0.1,0.1,0.1,0.1,0.1,0.1
7,True,0.40428000688552856,0.39149999618530273,0.37648,0.3731,0.45412,0.4353,0.42376,0.4137,0.43942,0.4299,0.45222,0.4348,0.3233,0.3105,0.37092,0.3587,0.41208,0.3917,0.25794,0.2535,0.39064,0.3808,0.416,0.3914,0.25498,0.251,0.32416,0.3099,0.37764,0.3533,0.28338,0.2763,0.34702,0.3341,0.42648,0.4019,0.24308,0.2364,0.4223,0.4051,0.4338,0.4075,0.41494,0.3976
7,True,0.09818000346422195,0.10000000149011612,0.32016,0.3185,0.34324,0.3402,0.32246,0.3225,0.33018,0.3299,0.3423,0.3393,0.32066,0.3282,0.3267,0.3305,0.34012,0.3387,0.31494,0.3073,0.3189,0.3134,0.33146,0.3147,0.2853,0.2882,0.28236,0.2807,0.29852,0.2837,0.24182,0.2431,0.24924,0.2518,0.26482,0.2525,0.1835,0.1851,0.1,0.1,0.1,0.1,0.1,0.1
7,True,0.0989999994635582,0.10000000149011612,0.26204,0.2635,0.29292,0.2821,0.2586,0.2595,0.27912,0.2783,0.29656,0.2906,0.2656,0.2697,0.2831,0.2784,0.2984,0.2855,0.245,0.2451,0.25086,0.2521,0.26606,0.2576,0.23584,0.2413,0.23756,0.2411,0.2491,0.2359,0.19022,0.1899,0.19124,0.1893,0.20534,0.1785,0.18996,0.1902,0.1466,0.1462,0.17246,0.1428,0.1,0.1
7,True,0.2837800085544586,0.2921000123023987,0.37612,0.3746,0.43938,0.4258,0.39122,0.3814,0.40726,0.3938,0.42044,0.3956,0.34076,0.3301,0.36438,0.3506,0.3861,0.3616,0.27616,0.2684,0.29548,0.2819,0.328,0.3019,0.10014,0.1001,0.18734,0.184,0.30002,0.2855,0.1,0.1,0.10592,0.105,0.11196,0.1015,0.10972,0.1096,0.2979,0.2902,0.31542,0.2952,0.23044,0.2308
7,True,0.3741399943828583,0.41850000619888306,0.43602,0.4217,0.496,0.4674,0.46246,0.4435,0.48072,0.458,0.4912,0.4603,0.4344,0.4165,0.45596,0.4314,0.46804,0.4345,0.36128,0.3475,0.44892,0.4259,0.46188,0.4339,0.35838,0.3476,0.42982,0.4072,0.46084,0.4276,0.34758,0.3346,0.4441,0.4189,0.45926,0.4271,0.4026,0.3859,0.4504,0.4254,0.459,0.4321,0.44254,0.4211
7,True,0.5170800089836121,0.4496999979019165,0.43704,0.4229,0.50764,0.4701,0.4972,0.4608,0.518,0.4681,0.53852,0.4755,0.4002,0.3546,0.49828,0.4334,0.52578,0.453,0.1847,0.1721,0.43506,0.3793,0.51872,0.4446,0.18344,0.1715,0.354,0.3152,0.51388,0.4377,0.21416,0.1975,0.5014,0.4265,0.53942,0.4486,0.31502,0.2872,0.5343,0.4571,0.54154,0.4512,0.51848,0.4458
7,True,0.2682799994945526,0.25130000710487366,0.37626,0.3717,0.44268,0.4208,0.39972,0.3902,0.40436,0.3923,0.4198,0.3994,0.2917,0.2823,0.35368,0.341,0.3573,0.3382,0.12596,0.126,0.18126,0.1778,0.22696,0.2155,0.1,0.1,0.10098,0.1013,0.10688,0.1027,0.10002,0.1,0.10382,0.1043,0.11136,0.1002,0.1,0.1,0.27628,0.2664,0.30128,0.2794,0.26772,0.2595
7,True,0.4756599962711334,0.4309999942779541,0.42222,0.4129,0.4937,0.4682,0.46902,0.4473,0.49394,0.4571,0.51216,0.4601,0.42006,0.3866,0.48114,0.4356,0.49022,0.4425,0.26306,0.2532,0.38152,0.3524,0.46188,0.4145,0.18894,0.1836,0.27554,0.2633,0.4154,0.3748,0.17162,0.1656,0.35588,0.3278,0.4402,0.396,0.17176,0.1654,0.48544,0.4351,0.49378,0.4311,0.44824,0.4095
7,True,0.3379400074481964,0.33169999718666077,0.40224,0.3932,0.46452,0.4421,0.40902,0.3978,0.42296,0.4081,0.44428,0.4183,0.1966,0.1913,0.35594,0.3402,0.37182,0.3469,0.16448,0.1583,0.3065,0.2922,0.36394,0.3402,0.1,0.1,0.32216,0.3024,0.36066,0.3321,0.1,0.1,0.3115,0.2908,0.36258,0.335,0.1,0.1,0.34822,0.324,0.36108,0.3352,0.28072,0.2708
7,True,0.3361400067806244,0.3249000012874603,0.38492,0.3775,0.45316,0.4385,0.39954,0.4002,0.41508,0.4082,0.43092,0.4151,0.1802,0.1768,0.2653,0.2596,0.34622,0.3304,0.10008,0.1,0.20078,0.1961,0.3474,0.3211,0.13288,0.1335,0.26046,0.2568,0.34908,0.3237,0.2324,0.2261,0.32626,0.318,0.33296,0.315,0.18748,0.1848,0.34266,0.3287,0.34932,0.3274,0.32724,0.3169
7,True,0.09685999900102615,0.10000000149011612,0.31768,0.3112,0.33844,0.3321,0.3171,0.3148,0.32478,0.3232,0.33436,0.3271,0.30596,0.3116,0.31556,0.3155,0.33028,0.3282,0.30528,0.3091,0.30796,0.3093,0.32362,0.3163,0.27082,0.2735,0.27008,0.2687,0.2892,0.281,0.23344,0.2325,0.23292,0.2299,0.26166,0.2456,0.1869,0.1882,0.1,0.1,0.1,0.1,0.1,0.1
7,True,0.09982000291347504,0.10000000149011612,0.2341,0.2295,0.268,0.2547,0.26056,0.2605,0.27318,0.2699,0.28818,0.2791,0.26744,0.263,0.27426,0.273,0.28668,0.2787,0.26416,0.2671,0.25976,0.262,0.28134,0.2705,0.22614,0.2293,0.23182,0.2349,0.2503,0.2417,0.20848,0.2129,0.20984,0.2094,0.22808,0.2074,0.20418,0.2069,0.2058,0.2059,0.22226,0.1943,0.1,0.1
7,True,0.26315999031066895,0.2524999976158142,0.39352,0.3904,0.46032,0.4401,0.41714,0.4141,0.41902,0.4135,0.43926,0.4216,0.3318,0.3289,0.3566,0.3468,0.38174,0.3653,0.16426,0.1645,0.1794,0.1768,0.24328,0.227,0.1,0.1,0.17928,0.1766,0.20394,0.1907,0.10148,0.1017,0.10296,0.1027,0.11048,0.1025,0.10156,0.1017,0.27828,0.2715,0.29256,0.2622,0.18442,0.1819
7,True,0.45465999841690063,0.4307999908924103,0.42142,0.4122,0.49092,0.4622,0.45988,0.4383,0.48274,0.4506,0.49746,0.4592,0.3713,0.3484,0.4498,0.4198,0.46772,0.4277,0.17738,0.1719,0.24784,0.237,0.37798,0.3489,0.16644,0.16,0.32204,0.3049,0.43924,0.4034,0.16592,0.1603,0.4277,0.3999,0.47664,0.4281,0.3684,0.3469,0.47228,0.4332,0.47736,0.4302,0.45308,0.4192
7,True,0.46634000539779663,0.429500013589859,0.40232,0.3896,0.48214,0.4515,0.4584,0.4405,0.48244,0.4531,0.49804,0.4518,0.3471,0.3253,0.47502,0.429,0.48924,0.4339,0.2712,0.2592,0.41822,0.3815,0.46572,0.4174,0.16976,0.1639,0.33908,0.3124,0.45168,0.4051,0.16958,0.1636,0.412,0.3709,0.48694,0.4283,0.25598,0.2387,0.4837,0.4341,0.49098,0.4307,0.47926,0.434
7,True,0.2593800127506256,0.26969999074935913,0.37224,0.3673,0.43514,0.4213,0.395,0.3886,0.39888,0.389,0.41924,0.4055,0.32312,0.321,0.34942,0.34,0.36686,0.3487,0.16272,0.1606,0.25842,0.2479,0.2917,0.2787,0.09998,0.1,0.18906,0.1838,0.21298,0.1923,0.10248,0.1017,0.19036,0.1855,0.27168,0.2519,0.09998,0.1,0.27378,0.2658,0.29648,0.265,0.18714,0.1839
7,True,0.5516600012779236,0.4523000121116638,0.42566,0.4138,0.506,0.4684,0.478,0.4267,0.51592,0.4481,0.54016,0.4568,0.38466,0.3247,0.54874,0.4413,0.57152,0.4541,0.35368,0.3037,0.53056,0.4313,0.564,0.4427,0.28724,0.2456,0.42552,0.351,0.55814,0.4401,0.2893,0.2423,0.4862,0.4001,0.56232,0.4413,0.43986,0.3656,0.57518,0.4535,0.58324,0.455,0.57516,0.4573
7,True,0.3597800135612488,0.3287999927997589,0.39878,0.3912,0.46348,0.4429,0.41496,0.4108,0.42964,0.4156,0.4476,0.4297,0.2907,0.2742,0.38962,0.3743,0.4028,0.376,0.28094,0.265,0.36862,0.3519,0.38574,0.3622,0.10016,0.0999,0.23116,0.226,0.25356,0.2352,0.1,0.1,0.15064,0.151,0.1592,0.1499,0.1,0.1,0.31344,0.2981,0.3672,0.3445,0.27254,0.2655
7,True,0.3823400139808655,0.3637999892234802,0.41426,0.4008,0.48434,0.4498,0.44602,0.421,0.46578,0.4347,0.4815,0.4423,0.38152,0.3567,0.40436,0.3753,0.43758,0.4015,0.16906,0.163,0.27574,0.259,0.3771,0.3448,0.1,0.1,0.11254,0.11,0.1132,0.1104,0.11644,0.1148,0.3303,0.3124,0.39034,0.3514,0.09992,0.1,0.3887,0.3529,0.4122,0.3639,0.27268,0.2601
7,True,0.3843599855899811,0.3686000108718872,0.4236,0.4171,0.48812,0.4597,0.45426,0.4357,0.46298,0.4339,0.48134,0.4454,0.38328,0.3564,0.42458,0.3939,0.44664,0.4071,0.10018,0.1002,0.24424,0.2319,0.27626,0.2571,0.12368,0.1225,0.11536,0.1145,0.11828,0.114,0.1,0.1,0.14886,0.1475,0.15234,0.145,0.21898,0.2099,0.36948,0.3361,0.4175,0.3728,0.30498,0.2845
7,True,0.3196200132369995,0.3222000002861023,0.3906,0.3832,0.45348,0.4422,0.40048,0.3911,0.40192,0.3861,0.42672,0.4046,0.26028,0.2524,0.3452,0.3345,0.37396,0.3458,0.2211,0.2129,0.34882,0.3384,0.36822,0.3441,0.10054,0.1009,0.18756,0.1826,0.291,0.2723,0.12258,0.1217,0.18108,0.1767,0.18632,0.173,0.11724,0.1146,0.347,0.3271,0.35436,0.3233,0.32974,0.3161
7,True,0.09933999925851822,0.10000000149011612,0.30824,0.2957,0.3532,0.3366,0.33224,0.3203,0.34514,0.3327,0.35272,0.3366,0.2332,0.2287,0.27174,0.2679,0.29004,0.2628,0.10002,0.1,0.1625,0.1654,0.18312,0.1585,0.15698,0.1598,0.16222,0.1648,0.18702,0.15,0.1587,0.1579,0.16374,0.1624,0.1821,0.1503,0.15502,0.156,0.1637,0.1598,0.18554,0.1562,0.10002,0.1
7,False,0.09762000292539597,0.10000000149011612,0.2969,0.298,0.3302,0.3274,0.3216,0.3276,0.32416,0.3301,0.33394,0.3373,0.31796,0.3229,0.3244,0.3302,0.33358,0.34,0.3167,0.3295,0.31332,0.319,0.32072,0.3285,0.28764,0.2906,0.2791,0.2881,0.28256,0.2948,0.2576,0.2648,0.25808,0.2661,0.25986,0.2655,0.21104,0.2141,0.1618,0.1619,0.1,0.1,0.1,0.1
7,False,0.09764000028371811,0.10000000149011612,0.31054,0.3097,0.33334,0.3272,0.31942,0.3222,0.32718,0.3278,0.33784,0.3383,0.32504,0.3297,0.329,0.3324,0.33796,0.3392,0.30162,0.3051,0.30844,0.3093,0.31482,0.3077,0.28374,0.2916,0.27246,0.2766,0.28042,0.2747,0.26146,0.2644,0.25694,0.2591,0.25998,0.2571,0.21952,0.2236,0.13216,0.1322,0.1,0.1,0.1,0.1
7,False,0.0980599969625473,0.10000000149011612,0.18986,0.1877,0.24482,0.24,0.2342,0.236,0.2367,0.2359,0.24516,0.2383,0.23734,0.2354,0.23882,0.2328,0.24286,0.2331,0.22712,0.2234,0.22284,0.2181,0.22514,0.2211,0.22084,0.2209,0.21614,0.2167,0.2182,0.2156,0.21802,0.2179,0.2136,0.2158,0.21528,0.2136,0.20292,0.1997,0.1851,0.1909,0.1,0.1,0.1,0.1
7,False,0.09831999987363815,0.10000000149011612,0.30022,0.2935,0.32772,0.3215,0.31336,0.3121,0.31132,0.3065,0.32418,0.318,0.30022,0.3018,0.30642,0.3035,0.31752,0.3104,0.28172,0.2827,0.28196,0.2801,0.27728,0.2748,0.23998,0.2434,0.24238,0.2454,0.24632,0.2479,0.24256,0.2467,0.23994,0.242,0.2433,0.2417,0.22434,0.2303,0.15552,0.1622,0.1658,0.1709,0.1,0.1
7,False,0.09808000177145004,0.10000000149011612,0.27306,0.2727,0.30986,0.3065,0.29794,0.3003,0.30476,0.3049,0.31442,0.3121,0.29932,0.302,0.30426,0.3063,0.31828,0.3199,0.29956,0.3004,0.29642,0.2981,0.30338,0.3009,0.28028,0.287,0.26812,0.2699,0.27194,0.2694,0.26676,0.2674,0.2532,0.2578,0.25696,0.2596,0.23884,0.2384,0.2039,0.2102,0.1,0.1,0.1,0.1
7,False,0.09818000346422195,0.10000000149011612,0.30154,0.3013,0.34528,0.3374,0.32474,0.3191,0.32774,0.3222,0.34952,0.3358,0.31964,0.3218,0.32142,0.3191,0.33288,0.3271,0.3064,0.3028,0.28706,0.289,0.29906,0.2975,0.27016,0.2714,0.27074,0.2719,0.27314,0.274,0.2524,0.2576,0.2527,0.2566,0.25466,0.2539,0.20012,0.2084,0.1,0.1,0.15878,0.1579,0.1,0.1
7,False,0.09843999892473221,0.10000000149011612,0.2911,0.2882,0.31164,0.3035,0.30594,0.3059,0.3072,0.309,0.31262,0.3092,0.30754,0.3094,0.30996,0.3115,0.3159,0.3096,0.31096,0.3101,0.31,0.3109,0.31746,0.3118,0.30098,0.2984,0.30424,0.2988,0.3057,0.2961,0.2557,0.2534,0.24066,0.2414,0.2463,0.2467,0.19452,0.1951,0.15112,0.149,0.1,0.1,0.1,0.1
7,False,0.09808000177145004,0.10000000149011612,0.28828,0.2803,0.31132,0.3031,0.30612,0.3019,0.30924,0.3031,0.31788,0.313,0.3023,0.3021,0.30376,0.3048,0.30914,0.3037,0.29762,0.2929,0.30042,0.2986,0.30946,0.2986,0.28694,0.2851,0.2884,0.2874,0.29106,0.2867,0.25594,0.2569,0.25178,0.2512,0.25788,0.2574,0.21358,0.2158,0.18398,0.1891,0.1,0.0999,0.1,0.1
7,False,0.09719999879598618,0.10000000149011612,0.29782,0.2927,0.33376,0.3257,0.31898,0.3148,0.32582,0.322,0.33474,0.3292,0.32178,0.3218,0.32204,0.3222,0.33366,0.3285,0.31148,0.3119,0.31646,0.3107,0.31958,0.3156,0.28932,0.2903,0.28454,0.2876,0.28942,0.2874,0.26612,0.2664,0.25412,0.2554,0.25888,0.2567,0.22566,0.2291,0.20818,0.206,0.1,0.1,0.1,0.1
7,False,0.09916000068187714,0.10000000149011612,0.27822,0.2771,0.30818,0.3062,0.28324,0.2855,0.29852,0.2984,0.30678,0.3083,0.29194,0.2944,0.29998,0.3009,0.30838,0.3095,0.2848,0.2915,0.27386,0.2766,0.28186,0.2828,0.26108,0.2636,0.26312,0.2678,0.26496,0.2682,0.2461,0.2504,0.24468,0.2486,0.24522,0.2464,0.23892,0.2411,0.1,0.1,0.1,0.1,0.1,0.1
7,False,0.0939600020647049,0.10000000149011612,0.25554,0.2522,0.27858,0.2804,0.27118,0.2741,0.27792,0.2785,0.29118,0.2869,0.27568,0.2792,0.28476,0.2863,0.2885,0.2887,0.27196,0.2722,0.2722,0.2712,0.27774,0.2737,0.2183,0.2213,0.21714,0.2222,0.2192,0.2218,0.219,0.2193,0.21442,0.2191,0.21372,0.2127,0.201,0.2049,0.1,0.1,0.14156,0.1444,0.1,0.1
7,False,0.3399600088596344,0.3287000060081482,0.385,0.3805,0.45458,0.4359,0.41314,0.4007,0.39816,0.3884,0.40112,0.3824,0.37512,0.3591,0.35136,0.3386,0.29568,0.2793,0.23942,0.226,0.29114,0.2722,0.28854,0.2713,0.29024,0.2743,0.26296,0.2514,0.19166,0.1885,0.19364,0.1897,0.18666,0.1805,0.18128,0.177,0.20876,0.202,0.10088,0.101,0.14336,0.1423,0.30232,0.2832
7,False,0.0952799990773201,0.10000000149011612,0.29184,0.2951,0.31986,0.3202,0.29572,0.3,0.30814,0.3119,0.3188,0.319,0.30884,0.3144,0.30698,0.3138,0.31896,0.3219,0.29128,0.2896,0.29796,0.2951,0.30372,0.2973,0.27718,0.2782,0.26374,0.2609,0.27432,0.2727,0.24174,0.2435,0.23058,0.2331,0.2337,0.2354,0.21464,0.2161,0.14672,0.1498,0.1414,0.1438,0.1,0.1
7,False,0.3097600042819977,0.3190000057220459,0.38598,0.383,0.45214,0.4309,0.42104,0.4091,0.41038,0.3994,0.4087,0.3968,0.36646,0.3552,0.29468,0.2781,0.3069,0.2863,0.24176,0.2301,0.16968,0.1653,0.25918,0.2536,0.18456,0.1811,0.25078,0.2471,0.2605,0.2566,0.23284,0.2264,0.19084,0.1868,0.21542,0.2073,0.20674,0.2052,0.11072,0.1113,0.25172,0.2496,0.31716,0.3076
7,False,0.09867999702692032,0.10000000149011612,0.30934,0.3084,0.33118,0.3231,0.3213,0.316,0.32544,0.324,0.3322,0.3227,0.32616,0.3253,0.32702,0.3219,0.3363,0.3259,0.31964,0.3184,0.32436,0.3252,0.32994,0.3244,0.29258,0.2929,0.28386,0.2817,0.28686,0.2872,0.24342,0.242,0.2453,0.2402,0.2483,0.2432,0.17842,0.1843,0.13598,0.1415,0.1,0.1,0.1,0.1
7,False,0.09864000231027603,0.10000000149011612,0.245,0.2504,0.28158,0.2763,0.27856,0.2807,0.282,0.2843,0.29398,0.2929,0.27858,0.2813,0.27972,0.284,0.29098,0.2898,0.26902,0.2697,0.2716,0.2697,0.27572,0.2748,0.25454,0.2529,0.23956,0.2457,0.2414,0.2441,0.22706,0.2299,0.21476,0.216,0.21778,0.2209,0.16888,0.1692,0.17732,0.1758,0.1,0.1,0.1,0.1
7,False,0.09784000366926193,0.10000000149011612,0.31962,0.3189,0.33798,0.3361,0.32854,0.3318,0.3327,0.3357,0.34286,0.3418,0.3308,0.3329,0.3366,0.3386,0.3468,0.3493,0.32104,0.3263,0.3204,0.3214,0.32544,0.3268,0.29228,0.2941,0.28612,0.2894,0.2903,0.2914,0.2846,0.288,0.27236,0.2767,0.27458,0.2771,0.2642,0.267,0.1,0.1,0.1,0.1,0.1,0.1
7,False,0.097120001912117,0.10000000149011612,0.2737,0.266,0.3161,0.3048,0.30986,0.3029,0.30878,0.3051,0.31972,0.3126,0.30464,0.3032,0.31092,0.3071,0.31828,0.3123,0.30372,0.3024,0.30114,0.2981,0.31142,0.3088,0.28462,0.2874,0.28074,0.283,0.28816,0.2848,0.26118,0.2597,0.25292,0.2535,0.2596,0.2562,0.20046,0.2034,0.19894,0.2028,0.1,0.1,0.1,0.1
7,False,0.09935999661684036,0.10000000149011612,0.29612,0.2979,0.33114,0.3289,0.31544,0.3165,0.32342,0.322,0.34216,0.3354,0.32142,0.3225,0.32594,0.3272,0.34072,0.3336,0.30538,0.3033,0.29926,0.2979,0.3089,0.3054,0.28012,0.2824,0.27904,0.2813,0.2808,0.2811,0.27768,0.2804,0.272,0.2753,0.27426,0.2763,0.23924,0.245,0.16024,0.1653,0.1,0.1,0.1,0.1
7,False,0.098580002784729,0.10000000149011612,0.28858,0.2882,0.3173,0.3138,0.3136,0.3126,0.31934,0.3181,0.32806,0.3237,0.30804,0.3108,0.3152,0.3158,0.32602,0.3224,0.30356,0.3068,0.30326,0.2988,0.31058,0.3091,0.27616,0.2786,0.27788,0.2801,0.283,0.2753,0.27278,0.2764,0.264,0.2674,0.26694,0.268,0.22742,0.2313,0.20656,0.2073,0.1,0.1,0.1,0.1
7,False,0.09764000028371811,0.10000000149011612,0.19056,0.1878,0.25608,0.2422,0.24758,0.2459,0.2465,0.2447,0.2547,0.248,0.24696,0.2471,0.24852,0.2458,0.25402,0.2485,0.24006,0.237,0.23952,0.2394,0.24774,0.239,0.22904,0.23,0.23016,0.2276,0.23526,0.2324,0.21804,0.2141,0.21662,0.217,0.21778,0.2154,0.17838,0.1756,0.18464,0.1802,0.1,0.1,0.1,0.1
7,False,0.09703999757766724,0.10000000149011612,0.2897,0.2847,0.31554,0.3085,0.30196,0.2958,0.30942,0.3043,0.3128,0.3086,0.3102,0.3112,0.31192,0.3128,0.3186,0.3158,0.30426,0.2994,0.3082,0.3024,0.31138,0.3028,0.2722,0.2627,0.26412,0.2568,0.27,0.2602,0.2384,0.2351,0.23966,0.2408,0.2409,0.2359,0.19836,0.2037,0.15066,0.1593,0.1,0.1,0.1,0.1
7,False,0.09893999993801117,0.10000000149011612,0.25564,0.2484,0.30372,0.2948,0.29242,0.2912,0.29568,0.2966,0.30198,0.2944,0.28838,0.2911,0.2897,0.2903,0.29658,0.2894,0.2882,0.286,0.28738,0.2874,0.29488,0.2881,0.26764,0.2633,0.26324,0.2563,0.27038,0.2608,0.23962,0.2375,0.21162,0.2151,0.21744,0.217,0.2007,0.2027,0.13096,0.1348,0.13082,0.134,0.1,0.1
7,False,0.09815999865531921,0.10000000149011612,0.29298,0.2911,0.33416,0.3258,0.32118,0.3183,0.32546,0.3236,0.34006,0.3437,0.32082,0.3148,0.3219,0.3165,0.33664,0.3263,0.30414,0.2984,0.30152,0.3014,0.30546,0.305,0.27054,0.2725,0.25264,0.2533,0.25942,0.2543,0.24088,0.2438,0.24354,0.2454,0.24414,0.242,0.22956,0.2313,0.20742,0.2078,0.21,0.2107,0.1,0.1
7,False,0.09740000218153,0.10000000149011612,0.3023,0.2994,0.3213,0.3207,0.2872,0.2887,0.30676,0.2994,0.3166,0.306,0.31362,0.3065,0.31594,0.309,0.32072,0.3102,0.31046,0.3089,0.30742,0.3015,0.31586,0.3085,0.27884,0.2724,0.27474,0.2666,0.286,0.2764,0.20722,0.2033,0.2097,0.2071,0.18274,0.1808,0.15588,0.1508,0.15292,0.1499,0.1,0.1,0.1,0.1
6,True,0.5136399865150452,0.47049999237060547,0.42882,0.412,0.51088,0.4769,0.49144,0.4578,0.51646,0.4689,0.533,0.4791,0.44748,0.4067,0.49872,0.4428,0.52664,0.4661,0.42346,0.3823,0.45538,0.403,0.52028,0.4585,0.43524,0.392,0.47006,0.4196,0.5192,0.4556,0.4756,0.4239,0.52978,0.474,0.53916,0.4734,0.52816,0.474
6,True,0.5699999928474426,0.4731000065803528,0.4398,0.4245,0.51648,0.4799,0.51398,0.4768,0.5528,0.4817,0.56942,0.4829,0.4904,0.413,0.56122,0.4541,0.5845,0.4702,0.4109,0.3449,0.52942,0.429,0.57836,0.4678,0.42536,0.3531,0.53446,0.4343,0.5875,0.472,0.50216,0.4166,0.58852,0.4733,0.59832,0.4773,0.58888,0.474
6,True,0.575760006904602,0.4715000092983246,0.4282,0.4108,0.50874,0.4754,0.49224,0.4512,0.54122,0.4724,0.5617,0.477,0.46684,0.3923,0.56282,0.454,0.58486,0.4674,0.42368,0.3509,0.50526,0.4102,0.5794,0.4647,0.42176,0.3481,0.52178,0.4163,0.58666,0.4674,0.47096,0.3825,0.58902,0.4738,0.59868,0.477,0.59246,0.4721
6,True,0.5281000137329102,0.43939998745918274,0.43322,0.4185,0.50676,0.4748,0.48782,0.4454,0.51872,0.4675,0.53744,0.4683,0.4104,0.3589,0.5186,0.4459,0.52802,0.4478,0.2682,0.2402,0.30396,0.279,0.41394,0.3626,0.20098,0.185,0.35448,0.3109,0.50096,0.4269,0.25578,0.2326,0.51806,0.4447,0.52976,0.447,0.49088,0.422
6,True,0.5390400290489197,0.4652999937534332,0.43052,0.4143,0.50818,0.472,0.48718,0.4496,0.52662,0.4667,0.54484,0.4706,0.4365,0.3819,0.53348,0.448,0.55432,0.4596,0.39084,0.3366,0.44514,0.3791,0.54424,0.458,0.276,0.2468,0.45476,0.3913,0.55924,0.464,0.4167,0.3588,0.5571,0.4658,0.56712,0.468,0.55994,0.4688
6,True,0.5139399766921997,0.45399999618530273,0.4209,0.4073,0.50432,0.4673,0.4543,0.4214,0.50468,0.4638,0.5182,0.4653,0.40726,0.3746,0.46676,0.4209,0.49716,0.4428,0.29874,0.273,0.37394,0.3355,0.46456,0.4109,0.26886,0.2406,0.40734,0.3644,0.4822,0.4269,0.4057,0.3677,0.50986,0.4556,0.52054,0.4574,0.5091,0.4578
6,True,0.4165399968624115,0.44020000100135803,0.43092,0.4181,0.49774,0.4717,0.45878,0.4409,0.4886,0.4605,0.50102,0.4673,0.42062,0.4016,0.45784,0.43,0.48402,0.4497,0.3027,0.2937,0.43106,0.4114,0.47772,0.4399,0.23072,0.2188,0.45682,0.4333,0.48006,0.4447,0.43804,0.4159,0.4801,0.4498,0.48616,0.449,0.47774,0.4482
6,True,0.5796399712562561,0.47429999709129333,0.4396,0.4168,0.52146,0.4786,0.5054,0.4577,0.5528,0.4749,0.57194,0.4818,0.4593,0.3888,0.5556,0.4524,0.57986,0.464,0.397,0.3322,0.47148,0.387,0.57354,0.4616,0.40876,0.3397,0.48206,0.3943,0.57334,0.4599,0.49156,0.4103,0.59824,0.4774,0.60498,0.4781,0.59806,0.48
6,True,0.5075399875640869,0.4499000012874603,0.40948,0.3988,0.49044,0.4577,0.44484,0.4241,0.49,0.4478,0.51186,0.4566,0.43028,0.3866,0.50866,0.4554,0.52342,0.4595,0.33502,0.296,0.46702,0.4128,0.51328,0.4471,0.31082,0.2727,0.49054,0.43,0.52454,0.4555,0.4603,0.4045,0.52094,0.4542,0.52678,0.4577,0.51962,0.4564
6,True,0.5599200129508972,0.4632999897003174,0.4333,0.4185,0.5169,0.4723,0.46482,0.4196,0.52902,0.457,0.55222,0.4643,0.3599,0.3117,0.49886,0.4141,0.56202,0.4526,0.35104,0.2918,0.44132,0.3603,0.544,0.4409,0.32718,0.2669,0.53638,0.4403,0.58,0.4634,0.52182,0.4305,0.57582,0.4654,0.58236,0.4648,0.57624,0.4636
6,True,0.6008999943733215,0.4772999882698059,0.44432,0.4267,0.5239,0.4847,0.5064,0.4617,0.55354,0.4784,0.57578,0.4852,0.51458,0.4287,0.57718,0.4641,0.59252,0.4701,0.42166,0.3484,0.48636,0.3956,0.58554,0.4649,0.34244,0.2902,0.55066,0.4377,0.60532,0.4706,0.47964,0.3956,0.609,0.4772,0.61734,0.4778,0.60754,0.4786
6,True,0.5261399745941162,0.45840001106262207,0.43648,0.4191,0.51218,0.4757,0.49812,0.4678,0.52436,0.4763,0.5395,0.4807,0.43514,0.3855,0.51812,0.4594,0.53858,0.4743,0.27636,0.2488,0.43442,0.3866,0.51484,0.4526,0.33252,0.2934,0.4936,0.4349,0.52198,0.4565,0.4389,0.3991,0.53756,0.4691,0.54464,0.4696,0.5343,0.4678
6,True,0.2867799997329712,0.2937999963760376,0.39062,0.382,0.4528,0.4319,0.41742,0.4069,0.42326,0.4094,0.43962,0.4224,0.32938,0.3165,0.37704,0.3635,0.39776,0.3724,0.1,0.1,0.2075,0.2018,0.2321,0.2054,0.1,0.1,0.1,0.1,0.10504,0.0993,0.10706,0.1067,0.29928,0.2874,0.31452,0.2917,0.18962,0.1859
6,True,0.6130800247192383,0.4537999927997589,0.43528,0.418,0.51498,0.4771,0.50292,0.4494,0.54578,0.4644,0.57334,0.4663,0.47776,0.3815,0.54728,0.4194,0.59832,0.4472,0.40012,0.3203,0.47968,0.365,0.56596,0.4233,0.3707,0.2949,0.52906,0.4072,0.61474,0.457,0.47124,0.3618,0.6231,0.4659,0.6361,0.4698,0.62392,0.4634
6,True,0.5491200089454651,0.45669999718666077,0.41322,0.3975,0.5011,0.4699,0.48092,0.4435,0.52408,0.4611,0.54312,0.4643,0.48852,0.4114,0.52878,0.4363,0.55378,0.4539,0.43294,0.3666,0.47142,0.3906,0.53336,0.4293,0.36966,0.3106,0.4917,0.4066,0.546,0.4401,0.4378,0.3649,0.56284,0.4563,0.57126,0.456,0.56426,0.4563
6,True,0.4178600013256073,0.3785000145435333,0.4083,0.4029,0.4782,0.4484,0.41758,0.4058,0.44258,0.4252,0.45618,0.4259,0.35302,0.3338,0.40056,0.3828,0.41986,0.398,0.20086,0.1899,0.2901,0.2861,0.38802,0.3656,0.20774,0.2055,0.34428,0.3333,0.37102,0.3467,0.32204,0.3137,0.40436,0.3851,0.41286,0.3822,0.39722,0.3855
6,True,0.509119987487793,0.4417000114917755,0.42346,0.4118,0.49808,0.4679,0.4826,0.4478,0.5022,0.4592,0.523,0.4681,0.39306,0.3555,0.48776,0.4361,0.51246,0.4508,0.19816,0.1828,0.32186,0.2939,0.48302,0.4201,0.2053,0.187,0.36996,0.3309,0.51148,0.4479,0.31414,0.2857,0.50522,0.4425,0.51434,0.4471,0.44992,0.3964
6,True,0.5470799803733826,0.4530999958515167,0.41442,0.3969,0.50656,0.4631,0.4822,0.4446,0.51958,0.4625,0.539,0.4713,0.43364,0.3698,0.52272,0.4354,0.54496,0.4525,0.36612,0.3133,0.45774,0.3847,0.52978,0.4394,0.38794,0.3288,0.45712,0.3908,0.54128,0.4475,0.43118,0.3645,0.55462,0.4635,0.56276,0.4642,0.55518,0.4637
6,True,0.47797998785972595,0.423799991607666,0.361,0.3499,0.45322,0.4247,0.4264,0.4003,0.46908,0.4296,0.48348,0.4336,0.41122,0.3746,0.47398,0.4217,0.48854,0.431,0.397,0.3625,0.42392,0.38,0.4713,0.418,0.3362,0.3114,0.4294,0.3836,0.4863,0.4263,0.37236,0.3385,0.48732,0.4303,0.49816,0.4304,0.48698,0.4288
6,True,0.5295000076293945,0.4609000086784363,0.40908,0.3967,0.49814,0.4694,0.45832,0.4261,0.52198,0.4687,0.5383,0.4745,0.46714,0.4133,0.5091,0.4422,0.53736,0.4632,0.41422,0.3609,0.47294,0.4076,0.53372,0.4585,0.33702,0.2977,0.52238,0.4499,0.54836,0.4659,0.43014,0.3801,0.5431,0.4649,0.55054,0.4695,0.53874,0.4602
6,True,0.5467000007629395,0.46470001339912415,0.4117,0.3955,0.5039,0.4689,0.47686,0.4422,0.51322,0.461,0.53314,0.4679,0.44026,0.3827,0.53192,0.4557,0.5522,0.4679,0.39782,0.3528,0.48542,0.414,0.5483,0.4625,0.38478,0.3437,0.52366,0.4468,0.5556,0.4644,0.42466,0.3728,0.55692,0.4689,0.56544,0.4709,0.55604,0.4711
6,True,0.5154399871826172,0.45750001072883606,0.42534,0.4084,0.51018,0.4778,0.4851,0.4537,0.51658,0.4713,0.53286,0.473,0.41936,0.3762,0.51886,0.452,0.5326,0.4612,0.34026,0.3098,0.48402,0.4233,0.52182,0.4528,0.33304,0.3018,0.47368,0.4178,0.52562,0.4544,0.41494,0.3758,0.53342,0.468,0.54388,0.4644,0.53168,0.4687
6,True,0.5745800137519836,0.45719999074935913,0.4393,0.4215,0.51596,0.4751,0.50786,0.4649,0.54428,0.477,0.56314,0.4819,0.503,0.4222,0.54154,0.4441,0.55988,0.4496,0.35668,0.3062,0.45514,0.3774,0.54058,0.4347,0.37416,0.322,0.48368,0.3982,0.56592,0.4513,0.4938,0.4111,0.57268,0.4631,0.58264,0.461,0.5714,0.4629
6,True,0.09737999737262726,0.10000000149011612,0.35558,0.3494,0.413,0.4045,0.3722,0.3728,0.3792,0.3826,0.39344,0.3863,0.26276,0.2649,0.29008,0.2927,0.30712,0.2968,0.21716,0.2215,0.2336,0.2351,0.2537,0.2292,0.1,0.1,0.14986,0.1456,0.17634,0.1465,0.1,0.1,0.15596,0.1507,0.17436,0.146,0.1,0.1
6,True,0.5864400267601013,0.461899995803833,0.44808,0.4271,0.52268,0.4855,0.50642,0.4544,0.54606,0.4683,0.57374,0.4742,0.52432,0.429,0.56624,0.454,0.58424,0.4627,0.41918,0.3535,0.53508,0.4313,0.57934,0.4606,0.3717,0.311,0.53656,0.4366,0.5824,0.4624,0.5057,0.4177,0.58294,0.467,0.59262,0.4707,0.58552,0.471
6,False,0.09696000069379807,0.10000000149011612,0.1037,0.1032,0.11158,0.1024,0.10696,0.1029,0.10614,0.1035,0.10632,0.1038,0.10476,0.1039,0.10478,0.1037,0.10664,0.1032,0.10458,0.1041,0.10562,0.1041,0.10522,0.1049,0.1043,0.1031,0.10456,0.1035,0.10518,0.1035,0.10374,0.1022,0.10124,0.1016,0.10252,0.1007,0.1,0.1
6,False,0.20212000608444214,0.19509999454021454,0.37492,0.3738,0.43364,0.425,0.3804,0.373,0.3528,0.3512,0.33006,0.3324,0.31482,0.3121,0.26264,0.2603,0.22462,0.2184,0.21234,0.2112,0.22744,0.2211,0.22832,0.2192,0.16674,0.1642,0.22888,0.2231,0.22476,0.2191,0.22948,0.2304,0.21816,0.2144,0.23204,0.2253,0.21548,0.2181
6,False,0.0993800014257431,0.10000000149011612,0.16072,0.1592,0.21872,0.2062,0.20988,0.2033,0.21164,0.211,0.21736,0.2115,0.21334,0.2115,0.21308,0.2099,0.21562,0.2098,0.2042,0.2028,0.2062,0.2032,0.20938,0.2021,0.19964,0.1915,0.19984,0.1938,0.20088,0.1948,0.20162,0.1942,0.17546,0.1725,0.16242,0.1601,0.1,0.1
6,False,0.0964599996805191,0.10000000149011612,0.14458,0.142,0.19818,0.1838,0.18672,0.1894,0.18918,0.1855,0.19348,0.1865,0.18846,0.1878,0.19402,0.1925,0.19812,0.1918,0.19074,0.1909,0.19,0.19,0.19182,0.1888,0.17834,0.1791,0.17788,0.1782,0.18116,0.1831,0.15756,0.1609,0.1,0.1,0.1296,0.1292,0.1,0.1
6,False,0.09839999675750732,0.10000000149011612,0.217,0.2136,0.26296,0.257,0.25642,0.2557,0.26174,0.2565,0.26802,0.2619,0.26354,0.2618,0.26502,0.2629,0.2693,0.2654,0.25006,0.2502,0.25428,0.2537,0.25864,0.2534,0.23066,0.233,0.22156,0.2244,0.22492,0.2283,0.15664,0.1584,0.13412,0.1371,0.1447,0.1476,0.1,0.1
6,False,0.3058199882507324,0.321399986743927,0.40996,0.4026,0.47282,0.4549,0.40886,0.4051,0.41608,0.4051,0.40638,0.4011,0.32382,0.3193,0.36318,0.3545,0.35426,0.3483,0.31056,0.3017,0.24678,0.242,0.3159,0.3053,0.2041,0.2001,0.30178,0.2918,0.2632,0.2587,0.28118,0.2728,0.30156,0.2936,0.32286,0.3105,0.33298,0.3262
6,False,0.4129199981689453,0.4059000015258789,0.39812,0.3899,0.47192,0.4511,0.44656,0.4317,0.45026,0.4328,0.42576,0.4065,0.43218,0.4135,0.3008,0.2874,0.35758,0.3393,0.18316,0.1753,0.2322,0.2212,0.30066,0.2925,0.28242,0.2717,0.33946,0.3251,0.34932,0.3341,0.35302,0.3373,0.41888,0.407,0.42804,0.4088,0.43002,0.4092
6,False,0.0982000008225441,0.10000000149011612,0.2715,0.2699,0.30982,0.3018,0.29348,0.2964,0.294,0.2962,0.30358,0.3065,0.29382,0.2974,0.29654,0.3023,0.29948,0.2994,0.27478,0.2792,0.25124,0.256,0.26184,0.2612,0.23124,0.2338,0.23014,0.2335,0.23234,0.2334,0.22856,0.2306,0.1,0.1,0.1,0.1,0.1,0.1
6,False,0.09697999805212021,0.10000000149011612,0.27718,0.2728,0.2992,0.297,0.2883,0.2915,0.29856,0.2965,0.30006,0.2987,0.29158,0.2924,0.29636,0.2962,0.2855,0.2872,0.2585,0.2612,0.24474,0.2485,0.24694,0.2482,0.23124,0.2342,0.2224,0.2283,0.22434,0.2287,0.22374,0.2288,0.19512,0.1998,0.1,0.1,0.1,0.1
6,False,0.09694000333547592,0.10000000149011612,0.28824,0.2907,0.32602,0.3202,0.2994,0.2991,0.31374,0.3132,0.32502,0.3222,0.30272,0.3061,0.30704,0.3108,0.32212,0.3204,0.28854,0.2929,0.27824,0.2826,0.28422,0.2875,0.25468,0.2611,0.25212,0.2567,0.25364,0.2536,0.22658,0.228,0.13214,0.1282,0.1672,0.1643,0.1,0.1
6,False,0.3220599889755249,0.2953999936580658,0.38736,0.3834,0.4499,0.4342,0.40344,0.3953,0.3715,0.3609,0.38822,0.3744,0.315,0.307,0.3458,0.3378,0.29842,0.2897,0.32184,0.3143,0.18784,0.1848,0.28342,0.2772,0.18632,0.1833,0.24314,0.2393,0.2508,0.2441,0.2656,0.2566,0.10038,0.1001,0.32676,0.3097,0.3184,0.3094
6,False,0.09790000319480896,0.10000000149011612,0.26432,0.2628,0.29128,0.2854,0.28482,0.2858,0.28958,0.2877,0.29458,0.2911,0.28664,0.2874,0.29088,0.291,0.29318,0.2946,0.25742,0.2602,0.25444,0.2588,0.25832,0.2582,0.22504,0.2241,0.22062,0.2173,0.22396,0.2199,0.20742,0.2133,0.19286,0.1998,0.1,0.1,0.1,0.1
6,False,0.09787999838590622,0.10000000149011612,0.30452,0.2994,0.32696,0.3247,0.30894,0.3073,0.31714,0.3196,0.33018,0.3228,0.317,0.3174,0.31822,0.3197,0.3284,0.3269,0.29686,0.3021,0.28732,0.2897,0.2958,0.2944,0.24082,0.2416,0.22008,0.2243,0.22586,0.2259,0.19604,0.1948,0.18076,0.1825,0.15892,0.1596,0.1,0.1
6,False,0.09814000129699707,0.10000000149011612,0.26606,0.2658,0.30272,0.2957,0.28206,0.284,0.29416,0.2956,0.30262,0.306,0.29574,0.2993,0.29264,0.2973,0.30692,0.3046,0.2778,0.287,0.2519,0.2484,0.25488,0.2546,0.2279,0.2242,0.22228,0.2202,0.22512,0.2188,0.20132,0.2018,0.1949,0.1985,0.1744,0.1727,0.1,0.1
6,False,0.30862000584602356,0.299699991941452,0.34158,0.3347,0.41298,0.3966,0.38494,0.3766,0.3843,0.3659,0.3672,0.3573,0.35234,0.3379,0.33772,0.3259,0.31876,0.3064,0.30292,0.2903,0.30182,0.291,0.3194,0.3038,0.2746,0.2666,0.26546,0.2594,0.22306,0.2161,0.19074,0.1892,0.10652,0.1063,0.18712,0.1862,0.25362,0.2469
6,False,0.3366599977016449,0.30489999055862427,0.3757,0.3697,0.4411,0.4255,0.39518,0.3838,0.39418,0.3869,0.3435,0.3351,0.3008,0.2944,0.318,0.3069,0.29442,0.2827,0.23546,0.2283,0.25446,0.2469,0.24856,0.2398,0.2822,0.2737,0.12966,0.129,0.2845,0.2734,0.18274,0.1826,0.23838,0.2321,0.32838,0.3206,0.34344,0.337
6,False,0.09972000122070312,0.10000000149011612,0.22858,0.2205,0.27752,0.2742,0.26582,0.2653,0.26952,0.266,0.27628,0.2697,0.26196,0.2643,0.26564,0.2656,0.267,0.2633,0.24268,0.2409,0.2436,0.2431,0.24556,0.2405,0.23622,0.2374,0.2373,0.2356,0.2392,0.2334,0.20578,0.2138,0.19138,0.1992,0.14934,0.1474,0.1,0.1
6,False,0.27733999490737915,0.2240999937057495,0.34198,0.3406,0.40188,0.3912,0.33956,0.3377,0.33186,0.33,0.3299,0.3221,0.22944,0.2301,0.2481,0.2458,0.30652,0.3009,0.23314,0.2381,0.23164,0.2343,0.25446,0.2523,0.18258,0.1858,0.2116,0.2124,0.2373,0.2368,0.18002,0.1754,0.25236,0.25,0.2395,0.2405,0.27046,0.2698
6,False,0.2667999863624573,0.27149999141693115,0.36512,0.3564,0.41906,0.4027,0.36524,0.357,0.37258,0.3663,0.3602,0.3488,0.3028,0.306,0.2857,0.2787,0.2784,0.2743,0.26072,0.2586,0.14862,0.1441,0.2665,0.2602,0.26236,0.2585,0.2588,0.2541,0.26474,0.2588,0.1892,0.1872,0.1,0.1,0.2721,0.2633,0.28028,0.2737
6,False,0.09814000129699707,0.10000000149011612,0.27506,0.2768,0.3044,0.3049,0.29516,0.3027,0.29968,0.3002,0.30898,0.3104,0.29858,0.3017,0.30494,0.3041,0.30734,0.3089,0.28684,0.2952,0.27666,0.2804,0.28122,0.2809,0.24018,0.2414,0.23166,0.2359,0.2323,0.2365,0.1,0.1,0.13134,0.1299,0.12734,0.1291,0.1,0.1
6,False,0.09764000028371811,0.10000000149011612,0.2601,0.2638,0.29306,0.2918,0.28072,0.2884,0.28262,0.2853,0.29486,0.2981,0.2928,0.3017,0.2906,0.2936,0.29738,0.3018,0.27658,0.2794,0.26498,0.2634,0.2691,0.2707,0.21286,0.2196,0.21978,0.2251,0.22048,0.2234,0.1993,0.2028,0.1,0.1,0.1,0.1,0.1,0.1
6,False,0.09848000109195709,0.10000000149011612,0.30604,0.3048,0.34452,0.3401,0.32944,0.3345,0.3305,0.3353,0.34306,0.3376,0.3228,0.3254,0.32874,0.3273,0.34216,0.3398,0.31222,0.3132,0.30462,0.305,0.31356,0.3114,0.28722,0.2896,0.28466,0.2889,0.288,0.292,0.20484,0.206,0.21614,0.2164,0.1,0.1,0.1,0.1
6,False,0.3506599962711334,0.3467000126838684,0.3628,0.3563,0.42066,0.4041,0.38986,0.3781,0.39102,0.3811,0.4015,0.3881,0.32332,0.3143,0.30428,0.298,0.34738,0.3339,0.28484,0.2829,0.19882,0.1957,0.34394,0.3358,0.24122,0.238,0.23884,0.2334,0.36288,0.3536,0.33272,0.3245,0.36466,0.3538,0.371,0.3557,0.37158,0.3566
6,False,0.22779999673366547,0.23240000009536743,0.29922,0.2971,0.35614,0.353,0.32906,0.3326,0.31746,0.3171,0.31652,0.3152,0.25126,0.2503,0.25802,0.2571,0.23952,0.2366,0.20162,0.2003,0.20458,0.2038,0.23276,0.231,0.2225,0.2184,0.17582,0.1753,0.17438,0.1747,0.1743,0.1746,0.1007,0.1002,0.25152,0.2437,0.2518,0.2441
6,False,0.09994000196456909,0.10000000149011612,0.28728,0.2871,0.29936,0.2938,0.2946,0.2962,0.29894,0.2991,0.30676,0.3017,0.29652,0.2912,0.30192,0.2966,0.30342,0.3005,0.29652,0.2976,0.29144,0.2951,0.28574,0.2847,0.22534,0.2291,0.19924,0.2062,0.20914,0.2153,0.173,0.1722,0.15074,0.1549,0.1,0.1,0.1,0.1
5,True,0.6091200113296509,0.46779999136924744,0.43654,0.4154,0.51878,0.4783,0.49948,0.454,0.56104,0.4786,0.58734,0.4836,0.53342,0.4279,0.58956,0.4569,0.61394,0.4607,0.50356,0.3974,0.56828,0.4359,0.61212,0.4558,0.4793,0.3785,0.62914,0.4673,0.63696,0.4704,0.62928,0.4708
5,True,0.6040800213813782,0.45179998874664307,0.41536,0.4,0.50958,0.4692,0.49142,0.4586,0.5452,0.4686,0.57394,0.4728,0.55136,0.4335,0.59444,0.4478,0.61326,0.4545,0.54248,0.4187,0.5872,0.442,0.6183,0.4568,0.56918,0.4333,0.62394,0.4606,0.634,0.4621,0.62516,0.4589
5,True,0.5963799953460693,0.4745999872684479,0.4384,0.4127,0.52368,0.4777,0.50978,0.4601,0.55806,0.482,0.57866,0.4865,0.52152,0.4342,0.57276,0.4641,0.59434,0.4712,0.44454,0.3723,0.55796,0.4475,0.59726,0.47,0.46034,0.3819,0.6032,0.478,0.61654,0.4816,0.60528,0.477
5,True,0.613319993019104,0.46779999136924744,0.4356,0.4192,0.521,0.4787,0.50494,0.4623,0.55466,0.4751,0.58342,0.4834,0.54122,0.4434,0.58996,0.4579,0.61244,0.4645,0.50402,0.4041,0.58188,0.4466,0.61552,0.4626,0.50692,0.4074,0.62946,0.4761,0.63696,0.477,0.62898,0.4708
5,True,0.6333600282669067,0.48030000925064087,0.44836,0.4189,0.52592,0.4763,0.51836,0.4632,0.57604,0.4779,0.60096,0.4835,0.54434,0.4167,0.60692,0.4512,0.62848,0.465,0.50418,0.3928,0.60588,0.449,0.6407,0.4708,0.56768,0.4304,0.65052,0.4751,0.66176,0.4836,0.64896,0.4774
5,True,0.624779999256134,0.4634999930858612,0.42374,0.4032,0.51606,0.4775,0.5003,0.4592,0.5589,0.48,0.58274,0.4817,0.5272,0.4109,0.57984,0.4311,0.6096,0.4481,0.47268,0.3711,0.58122,0.433,0.62496,0.4607,0.51468,0.3904,0.6313,0.4664,0.64404,0.4683,0.63318,0.4655
5,True,0.5809599757194519,0.45100000500679016,0.42478,0.4046,0.51702,0.4717,0.48392,0.4388,0.54202,0.4603,0.56588,0.4667,0.46768,0.3889,0.5447,0.4302,0.5789,0.4535,0.47146,0.3777,0.51492,0.4075,0.57438,0.4437,0.44364,0.3606,0.59046,0.4579,0.6001,0.4618,0.59092,0.4606
5,True,0.5988399982452393,0.47099998593330383,0.4207,0.4042,0.51616,0.4787,0.4939,0.4549,0.5447,0.4782,0.56602,0.4825,0.52758,0.4444,0.56092,0.4617,0.5798,0.4667,0.42124,0.3584,0.54872,0.4451,0.57856,0.4635,0.52066,0.4294,0.59054,0.4689,0.5994,0.4711,0.58836,0.4705
5,True,0.5976799726486206,0.46239998936653137,0.41956,0.4023,0.5069,0.4728,0.48574,0.4497,0.53988,0.4702,0.56472,0.4767,0.50386,0.4183,0.57306,0.454,0.59252,0.4588,0.47874,0.3874,0.54374,0.4278,0.59092,0.4543,0.5211,0.4151,0.60602,0.4685,0.61676,0.4716,0.60808,0.4693
5,True,0.6245599985122681,0.4681999981403351,0.43444,0.4106,0.51934,0.479,0.5061,0.4617,0.5676,0.4821,0.5927,0.4879,0.54992,0.4408,0.60358,0.4596,0.62288,0.4683,0.52034,0.4053,0.6026,0.4548,0.63486,0.4714,0.53654,0.4181,0.64034,0.4738,0.64948,0.4785,0.64196,0.4765
5,True,0.6002399921417236,0.4794999957084656,0.44014,0.4221,0.52814,0.488,0.49606,0.4524,0.56014,0.4859,0.58266,0.4931,0.53548,0.4437,0.58886,0.4743,0.60328,0.4827,0.5458,0.4366,0.5648,0.4502,0.6031,0.474,0.52658,0.4238,0.61292,0.483,0.621,0.487,0.61256,0.4842
5,True,0.6345999836921692,0.4756999909877777,0.44012,0.4225,0.5245,0.4857,0.51848,0.4667,0.57524,0.4879,0.60438,0.4903,0.59258,0.4552,0.61548,0.4596,0.641,0.4691,0.50792,0.3938,0.58656,0.4331,0.64482,0.4693,0.47806,0.3714,0.65818,0.4783,0.67084,0.4856,0.66216,0.4835
5,True,0.5986800193786621,0.4503999948501587,0.42782,0.4119,0.51566,0.4805,0.4971,0.4594,0.54342,0.4717,0.56734,0.4795,0.499,0.4143,0.55342,0.4371,0.5772,0.4515,0.47352,0.3911,0.55562,0.4325,0.59312,0.4552,0.52098,0.4204,0.59526,0.4615,0.60704,0.4654,0.59556,0.4636
5,True,0.5897799730300903,0.47290000319480896,0.40762,0.3941,0.50896,0.471,0.48504,0.4522,0.53952,0.4785,0.56324,0.4825,0.52678,0.4367,0.5726,0.4562,0.58614,0.4645,0.51526,0.4201,0.55782,0.4428,0.58682,0.46,0.4781,0.3895,0.60404,0.4722,0.61464,0.4767,0.6068,0.4773
5,True,0.6207600235939026,0.4706999957561493,0.43422,0.417,0.5136,0.4718,0.50646,0.456,0.55532,0.4726,0.58196,0.4795,0.51676,0.4125,0.60102,0.4534,0.62782,0.4624,0.48336,0.3816,0.59014,0.4436,0.62604,0.4594,0.55048,0.4245,0.64106,0.4711,0.65204,0.4745,0.64442,0.4705
5,True,0.611299991607666,0.45719999074935913,0.4214,0.3995,0.512,0.4698,0.49404,0.4506,0.54782,0.4723,0.57318,0.481,0.54316,0.4214,0.58282,0.4391,0.6034,0.444,0.52244,0.4011,0.54946,0.4064,0.60768,0.4503,0.496,0.3826,0.6251,0.46,0.63356,0.4657,0.6266,0.4631
5,True,0.6436399817466736,0.46560001373291016,0.44166,0.4177,0.52194,0.4745,0.52086,0.4602,0.5707,0.4768,0.59998,0.4777,0.514,0.4006,0.60852,0.4459,0.63794,0.4548,0.48864,0.378,0.60904,0.4399,0.64498,0.4582,0.53426,0.4001,0.65692,0.4677,0.6666,0.4697,0.65694,0.4682
5,True,0.6041799783706665,0.4641999900341034,0.42488,0.4112,0.5136,0.4793,0.48236,0.4468,0.54632,0.4701,0.56896,0.4773,0.53276,0.4346,0.57092,0.4484,0.59592,0.462,0.4537,0.3679,0.56668,0.4461,0.60116,0.4647,0.49536,0.3955,0.61392,0.4729,0.62506,0.4699,0.61654,0.4707
5,True,0.6365600228309631,0.4814000129699707,0.4532,0.4322,0.5352,0.4894,0.5323,0.4707,0.58306,0.4898,0.60666,0.4965,0.5677,0.4428,0.60716,0.4613,0.63234,0.4696,0.4931,0.3813,0.5834,0.4373,0.63076,0.4661,0.50146,0.392,0.64852,0.4798,0.6604,0.4823,0.652,0.4831
5,True,0.6294000148773193,0.4693000018596649,0.43914,0.4105,0.52498,0.4753,0.50928,0.4504,0.5684,0.4754,0.59572,0.4824,0.5287,0.4154,0.59422,0.4466,0.62226,0.4625,0.50632,0.3881,0.58766,0.4371,0.63196,0.4655,0.53228,0.4123,0.64466,0.4749,0.65628,0.4798,0.64692,0.4775
5,True,0.6066200137138367,0.4724999964237213,0.4321,0.4073,0.51748,0.4773,0.50834,0.4688,0.55886,0.4824,0.58258,0.4828,0.51326,0.4121,0.59844,0.4595,0.61432,0.466,0.41514,0.3339,0.52722,0.4077,0.59922,0.458,0.50026,0.3941,0.62244,0.4718,0.63442,0.4737,0.62644,0.4745
5,True,0.6605799794197083,0.4772000014781952,0.4491,0.4277,0.53082,0.487,0.5303,0.4649,0.587,0.4863,0.61584,0.4927,0.58606,0.4407,0.64438,0.4625,0.65644,0.4691,0.57224,0.4243,0.63048,0.4549,0.6591,0.4684,0.56032,0.4175,0.67228,0.4798,0.68376,0.4798,0.67166,0.4755
5,True,0.6348400115966797,0.477400004863739,0.44932,0.4292,0.5307,0.4839,0.5185,0.4639,0.57602,0.4759,0.60026,0.4839,0.53792,0.4174,0.61704,0.4581,0.63508,0.4691,0.4893,0.3802,0.60324,0.4483,0.64618,0.4748,0.54904,0.4198,0.65064,0.4744,0.66166,0.4811,0.6531,0.4767
5,True,0.6398000121116638,0.48019999265670776,0.4419,0.4197,0.52956,0.4883,0.52296,0.4693,0.57656,0.48,0.61158,0.4932,0.51976,0.4153,0.61936,0.4588,0.64026,0.4674,0.4907,0.3814,0.61214,0.4559,0.6515,0.4744,0.55898,0.4262,0.65996,0.4782,0.66968,0.4811,0.66164,0.4815
5,True,0.6232600212097168,0.46630001068115234,0.44168,0.4195,0.52522,0.4821,0.51012,0.4583,0.56742,0.4815,0.59318,0.4889,0.54172,0.434,0.60962,0.4654,0.62004,0.4663,0.5245,0.4159,0.59616,0.4539,0.62366,0.4649,0.57846,0.4455,0.62906,0.4705,0.64062,0.4708,0.62752,0.4681
5,False,0.5279800295829773,0.436599999666214,0.42326,0.4077,0.50872,0.4839,0.51446,0.4755,0.52324,0.4734,0.5194,0.4655,0.4976,0.4461,0.48544,0.4332,0.48888,0.4319,0.47356,0.4228,0.47312,0.4248,0.48712,0.4371,0.4743,0.4294,0.49284,0.444,0.50832,0.4512,0.51072,0.4566
5,False,0.4288800060749054,0.4081000089645386,0.36954,0.3605,0.4517,0.4319,0.41838,0.4058,0.42132,0.4107,0.42322,0.4101,0.4088,0.3985,0.4132,0.3993,0.40166,0.3889,0.38454,0.3785,0.39712,0.384,0.40852,0.3916,0.40902,0.3933,0.415,0.4021,0.42582,0.4131,0.4293,0.4171
5,False,0.4081000089645386,0.4025999903678894,0.3971,0.3867,0.46244,0.4465,0.447,0.432,0.4455,0.4325,0.42506,0.4134,0.38622,0.3722,0.38794,0.3734,0.3385,0.3298,0.3287,0.3168,0.36538,0.3552,0.39426,0.3776,0.291,0.2844,0.40536,0.3927,0.43242,0.4169,0.42944,0.4149
5,False,0.4939199984073639,0.4535999894142151,0.40624,0.3945,0.49832,0.4736,0.49364,0.4684,0.50442,0.4623,0.4985,0.4561,0.42986,0.3977,0.42682,0.3932,0.43508,0.3919,0.41848,0.388,0.4067,0.3766,0.42534,0.3897,0.41342,0.3795,0.48536,0.4499,0.50684,0.464,0.50816,0.4665
5,False,0.3930799961090088,0.38929998874664307,0.38108,0.3774,0.45146,0.4357,0.40996,0.4066,0.42676,0.4148,0.41748,0.4096,0.41596,0.4021,0.36044,0.3466,0.37238,0.3604,0.26292,0.26,0.38434,0.3752,0.27444,0.2716,0.38776,0.3771,0.40218,0.3866,0.39668,0.3838,0.405,0.3937
5,False,0.33329999446868896,0.321399986743927,0.34414,0.3356,0.4192,0.4045,0.37552,0.3662,0.37508,0.3654,0.3778,0.3636,0.3324,0.3261,0.32618,0.3194,0.28066,0.2718,0.16638,0.1617,0.17764,0.1713,0.24212,0.236,0.18196,0.1772,0.10092,0.1005,0.17258,0.1712,0.33888,0.332
5,False,0.3742600083351135,0.38429999351501465,0.32936,0.3254,0.42782,0.4177,0.4068,0.4052,0.41208,0.4054,0.3953,0.3909,0.34116,0.3354,0.32788,0.3211,0.2675,0.2678,0.25546,0.2527,0.24906,0.2457,0.2849,0.2853,0.26594,0.2634,0.2741,0.2727,0.3935,0.3874,0.39404,0.3873
5,False,0.36406001448631287,0.4068000018596649,0.40268,0.3949,0.4716,0.4561,0.44462,0.4403,0.44754,0.4352,0.4424,0.4265,0.404,0.3977,0.41034,0.3995,0.36036,0.3528,0.31432,0.3084,0.29238,0.2863,0.33084,0.3257,0.30694,0.2995,0.34668,0.3416,0.42796,0.4148,0.43032,0.4139
5,False,0.5063199996948242,0.4499000012874603,0.40122,0.3893,0.49178,0.4664,0.46638,0.4373,0.4802,0.4394,0.47706,0.4319,0.44468,0.4025,0.44518,0.4026,0.41204,0.3696,0.4307,0.3887,0.32674,0.2953,0.39072,0.3521,0.40462,0.3678,0.4926,0.4381,0.51048,0.4555,0.50942,0.4534
5,False,0.45010000467300415,0.435699999332428,0.39586,0.3846,0.46956,0.4533,0.44222,0.4271,0.45946,0.4399,0.46594,0.4432,0.3988,0.3825,0.41162,0.3911,0.38636,0.3621,0.39062,0.3788,0.38712,0.3707,0.38976,0.3727,0.39164,0.3734,0.4259,0.4028,0.45958,0.4372,0.4607,0.438
5,False,0.4522800147533417,0.42800000309944153,0.414,0.4082,0.49078,0.4724,0.4762,0.4488,0.48574,0.4516,0.47922,0.4453,0.46046,0.4272,0.34336,0.3167,0.38756,0.3611,0.31854,0.2988,0.34618,0.325,0.34564,0.3234,0.3685,0.3498,0.45456,0.4203,0.47504,0.4343,0.47328,0.4351
5,False,0.36792001128196716,0.3458000123500824,0.3943,0.3864,0.47262,0.4488,0.44734,0.4273,0.42972,0.4116,0.39848,0.3839,0.3364,0.3196,0.32058,0.3064,0.23534,0.2206,0.17304,0.1627,0.19438,0.1886,0.25732,0.2412,0.112,0.1112,0.30084,0.2867,0.36146,0.3396,0.27448,0.2651
5,False,0.5109800100326538,0.47049999237060547,0.40512,0.3912,0.5018,0.4797,0.49684,0.459,0.49652,0.4549,0.51438,0.4613,0.4372,0.3929,0.41892,0.3779,0.40384,0.3651,0.36074,0.3226,0.28442,0.2625,0.37252,0.3361,0.37356,0.3369,0.45302,0.4031,0.53096,0.4706,0.52958,0.4716
5,False,0.09697999805212021,0.10000000149011612,0.24974,0.256,0.29702,0.2945,0.27908,0.2865,0.28798,0.2911,0.29788,0.296,0.28476,0.2929,0.28596,0.2915,0.29108,0.296,0.27254,0.2784,0.26852,0.2755,0.27066,0.2754,0.24702,0.2531,0.1,0.1,0.1,0.1,0.1,0.1
5,False,0.4680800139904022,0.45010000467300415,0.38748,0.3774,0.48186,0.4607,0.47028,0.448,0.47636,0.4458,0.47128,0.4428,0.43192,0.4088,0.42734,0.4047,0.40952,0.3838,0.35348,0.3328,0.34912,0.3306,0.35612,0.3336,0.37704,0.3562,0.43172,0.4036,0.48418,0.4496,0.48612,0.4523
5,False,0.6013000011444092,0.46779999136924744,0.41426,0.4064,0.51566,0.4786,0.5268,0.4709,0.55992,0.4691,0.58126,0.4632,0.54374,0.4266,0.52744,0.4107,0.51936,0.4074,0.44784,0.3601,0.47982,0.3807,0.44748,0.3637,0.49974,0.3917,0.56588,0.4366,0.6179,0.4741,0.6209,0.4728
5,False,0.3570399880409241,0.3409999907016754,0.40306,0.3919,0.47184,0.4519,0.43226,0.4154,0.4256,0.416,0.4094,0.3935,0.38288,0.363,0.27428,0.2628,0.26272,0.25,0.1013,0.1004,0.10132,0.1004,0.19302,0.184,0.10334,0.1022,0.20862,0.1957,0.31904,0.2989,0.2567,0.2431
5,False,0.5180400013923645,0.4643999934196472,0.41694,0.4086,0.50732,0.4779,0.50466,0.4639,0.51684,0.467,0.5018,0.4448,0.45548,0.4077,0.43398,0.3891,0.45204,0.3968,0.37998,0.3407,0.44674,0.397,0.4971,0.4396,0.49722,0.4384,0.51914,0.4596,0.5318,0.4661,0.5359,0.4677
5,False,0.46066001057624817,0.41620001196861267,0.36528,0.3556,0.4663,0.4455,0.44354,0.4211,0.46186,0.4302,0.44596,0.4148,0.41362,0.3799,0.39806,0.3726,0.39738,0.3686,0.3593,0.3351,0.35402,0.3325,0.37808,0.352,0.3792,0.3552,0.44766,0.4131,0.4708,0.4316,0.47516,0.4345
5,False,0.4497399926185608,0.35420000553131104,0.3999,0.3894,0.4818,0.4606,0.43216,0.4053,0.38654,0.3689,0.39708,0.3793,0.38608,0.3684,0.36764,0.3513,0.34904,0.3354,0.31178,0.2994,0.26222,0.249,0.364,0.3477,0.30564,0.2932,0.37138,0.3555,0.375,0.3601,0.38478,0.364
5,False,0.3580999970436096,0.33730000257492065,0.39326,0.3879,0.46336,0.4462,0.43102,0.4238,0.42494,0.4091,0.41932,0.4106,0.41076,0.397,0.37396,0.3579,0.3047,0.2915,0.23276,0.2248,0.22362,0.2167,0.28044,0.2711,0.21708,0.212,0.21514,0.211,0.2368,0.2335,0.27824,0.2712
5,False,0.559660017490387,0.4772999882698059,0.4185,0.4045,0.52002,0.4871,0.53966,0.4841,0.55546,0.4813,0.55992,0.4734,0.41404,0.3576,0.44544,0.3782,0.45422,0.3828,0.35884,0.3092,0.39572,0.3378,0.3896,0.3313,0.40368,0.3433,0.54846,0.4615,0.57542,0.4787,0.5783,0.4826
5,False,0.2698799967765808,0.2667999863624573,0.38716,0.3764,0.44082,0.4308,0.3922,0.3876,0.394,0.3857,0.36636,0.3698,0.29712,0.2979,0.22434,0.225,0.26404,0.2627,0.23452,0.2351,0.17578,0.1733,0.1055,0.1076,0.10278,0.103,0.18954,0.1871,0.11106,0.1122,0.2634,0.2591
5,False,0.3098999857902527,0.2989000082015991,0.29898,0.2894,0.39524,0.3825,0.3524,0.3435,0.33732,0.3307,0.3414,0.3294,0.29892,0.2954,0.17874,0.1778,0.25738,0.2539,0.1612,0.1612,0.25282,0.2488,0.235,0.2342,0.21504,0.214,0.10208,0.1022,0.30474,0.2984,0.30606,0.2964
5,False,0.31672000885009766,0.33219999074935913,0.37118,0.3639,0.42982,0.4157,0.40108,0.3919,0.39632,0.3789,0.37894,0.3666,0.33418,0.328,0.33366,0.327,0.33744,0.331,0.15388,0.1537,0.18084,0.1798,0.24244,0.2378,0.11162,0.1129,0.1648,0.1643,0.31796,0.3174,0.28694,0.287
4,True,0.6559200286865234,0.47200000286102295,0.41434,0.4028,0.50648,0.4761,0.49348,0.456,0.54448,0.478,0.58074,0.4801,0.5614,0.4262,0.62716,0.459,0.65068,0.4658,0.59608,0.4364,0.66636,0.4684,0.67936,0.4737,0.66914,0.4694
4,True,0.6717000007629395,0.474700003862381,0.43516,0.4181,0.52204,0.4781,0.51224,0.4689,0.57446,0.4814,0.60492,0.4938,0.58156,0.4315,0.64188,0.4645,0.66038,0.4719,0.6174,0.4497,0.6704,0.4742,0.68592,0.4777,0.67322,0.4715
4,True,0.744159996509552,0.4779999852180481,0.45234,0.4315,0.52932,0.4839,0.53842,0.4742,0.6101,0.4883,0.64638,0.4945,0.6401,0.454,0.70526,0.4715,0.72268,0.4742,0.70174,0.4626,0.73096,0.4774,0.74368,0.4805,0.72806,0.4751
4,True,0.650879979133606,0.4803999960422516,0.43492,0.4141,0.51938,0.4745,0.51358,0.4638,0.57482,0.4853,0.60078,0.4921,0.57214,0.4439,0.63294,0.4708,0.6487,0.4705,0.60834,0.4524,0.66522,0.4806,0.6765,0.4864,0.66448,0.4789
4,True,0.6845600008964539,0.4668000042438507,0.43558,0.4118,0.52668,0.4806,0.51486,0.4672,0.5723,0.4849,0.6024,0.4906,0.58654,0.451,0.63992,0.469,0.65474,0.4709,0.62172,0.4536,0.6593,0.4707,0.6703,0.4776,0.6591,0.4711
4,True,0.7057600021362305,0.4747999906539917,0.43458,0.4217,0.5283,0.4886,0.53188,0.4811,0.59042,0.4924,0.62494,0.4988,0.62744,0.4589,0.67526,0.4695,0.69712,0.4724,0.68248,0.4627,0.71636,0.4785,0.72666,0.4807,0.71104,0.4752
4,True,0.6668199896812439,0.4756999909877777,0.4292,0.4112,0.51936,0.4902,0.51336,0.4625,0.57442,0.484,0.6095,0.4911,0.60622,0.4589,0.65894,0.4734,0.67666,0.473,0.65566,0.4636,0.68654,0.476,0.69872,0.4828,0.68366,0.4759
4,True,0.6413599848747253,0.4717000126838684,0.4332,0.4148,0.51378,0.4753,0.4995,0.4558,0.55966,0.4739,0.58688,0.4776,0.56666,0.434,0.6194,0.4568,0.64014,0.4616,0.60702,0.4482,0.6566,0.474,0.6679,0.4744,0.65752,0.4707
4,True,0.6500599980354309,0.48660001158714294,0.43796,0.422,0.52632,0.488,0.51478,0.4703,0.58046,0.4955,0.60288,0.5013,0.59834,0.4641,0.64804,0.4832,0.662,0.4887,0.6364,0.4786,0.67006,0.4882,0.68072,0.4901,0.67072,0.4905
4,True,0.7226200103759766,0.4668999910354614,0.44468,0.4239,0.52634,0.4946,0.53656,0.4792,0.6001,0.4875,0.64014,0.4901,0.6436,0.44,0.7048,0.4591,0.72016,0.4642,0.7063,0.458,0.72874,0.4605,0.74302,0.4643,0.72732,0.4639
4,True,0.663100004196167,0.47699999809265137,0.44244,0.4209,0.52416,0.4838,0.5292,0.4703,0.59178,0.4906,0.61916,0.4922,0.58288,0.4385,0.65012,0.4652,0.67402,0.4728,0.60464,0.4453,0.6839,0.4761,0.69618,0.478,0.68518,0.4763
4,True,0.6292399764060974,0.4650999903678894,0.4204,0.409,0.51278,0.4709,0.49168,0.4565,0.53794,0.4728,0.56818,0.4774,0.5616,0.448,0.60922,0.4598,0.62322,0.4636,0.60392,0.4529,0.63114,0.4641,0.64152,0.4671,0.62932,0.4618
4,True,0.6272799968719482,0.4731999933719635,0.4173,0.4023,0.50598,0.4757,0.4891,0.4608,0.54248,0.4802,0.57106,0.4816,0.56918,0.4472,0.6162,0.4626,0.63626,0.4651,0.60052,0.4447,0.65292,0.471,0.66584,0.4711,0.65424,0.4699
4,True,0.6690999865531921,0.47519999742507935,0.42182,0.4066,0.5163,0.4829,0.51148,0.4725,0.57016,0.4883,0.60678,0.4935,0.6188,0.4529,0.65996,0.4686,0.67564,0.474,0.6534,0.4626,0.68938,0.4749,0.6979,0.4763,0.68906,0.4749
4,True,0.6770399808883667,0.4697999954223633,0.4319,0.4241,0.5189,0.4806,0.51864,0.4718,0.58114,0.4884,0.61154,0.4945,0.60874,0.4561,0.6615,0.465,0.68106,0.4725,0.64592,0.4502,0.69724,0.4734,0.70786,0.4769,0.6971,0.4699
4,True,0.6772400140762329,0.4724000096321106,0.43042,0.4129,0.52116,0.4867,0.51838,0.4716,0.57904,0.4846,0.60758,0.4912,0.59806,0.4517,0.6514,0.4702,0.66532,0.4748,0.6442,0.4561,0.67696,0.4732,0.68736,0.4743,0.67288,0.4689
4,True,0.6333600282669067,0.46799999475479126,0.4308,0.4128,0.51742,0.4832,0.50758,0.4597,0.55274,0.4751,0.58132,0.4852,0.56146,0.4443,0.61168,0.4664,0.62916,0.4685,0.57998,0.4512,0.64154,0.4717,0.65198,0.4732,0.63776,0.4696
4,True,0.6891400218009949,0.4779999852180481,0.45316,0.4329,0.52966,0.4882,0.535,0.4655,0.59328,0.4804,0.6283,0.4868,0.61458,0.4516,0.6715,0.4675,0.68958,0.4705,0.64504,0.4505,0.70464,0.4794,0.71644,0.4822,0.70488,0.4775
4,True,0.6537200212478638,0.47279998660087585,0.43136,0.4165,0.5216,0.4769,0.51014,0.4623,0.56364,0.4876,0.59628,0.4915,0.57506,0.4473,0.63034,0.4705,0.64718,0.4757,0.59236,0.4527,0.65758,0.4772,0.66862,0.4811,0.65734,0.4795
4,True,0.6491000056266785,0.47099998593330383,0.4242,0.4105,0.51552,0.4777,0.49508,0.4579,0.55846,0.4833,0.58638,0.4873,0.59384,0.4541,0.62734,0.4625,0.64548,0.4672,0.61726,0.453,0.66102,0.4779,0.67392,0.477,0.66324,0.4716
4,True,0.7019799947738647,0.4729999899864197,0.42666,0.414,0.52004,0.4825,0.52002,0.4669,0.58238,0.4789,0.61556,0.4874,0.63322,0.4589,0.68314,0.4699,0.69822,0.475,0.68016,0.4616,0.70964,0.4728,0.7203,0.4756,0.70684,0.4724
4,True,0.6458200216293335,0.47209998965263367,0.4233,0.3998,0.51646,0.4778,0.49812,0.4597,0.55826,0.4803,0.58504,0.4852,0.56848,0.4406,0.62594,0.4638,0.64536,0.4705,0.61378,0.4547,0.6547,0.4704,0.6661,0.476,0.65538,0.4739
4,True,0.6741600036621094,0.4772000014781952,0.45574,0.4336,0.52918,0.4835,0.52558,0.4635,0.5838,0.4902,0.61482,0.4946,0.58976,0.4405,0.64828,0.4664,0.66488,0.476,0.635,0.4538,0.67652,0.48,0.68818,0.482,0.67626,0.481
4,True,0.6736999750137329,0.4812000095844269,0.4448,0.4257,0.52994,0.4881,0.52934,0.4718,0.589,0.4872,0.61842,0.4894,0.5966,0.4436,0.6557,0.4681,0.66894,0.4737,0.63906,0.4564,0.68244,0.4771,0.6937,0.4782,0.68106,0.478
4,True,0.6311200261116028,0.4758000075817108,0.43256,0.4187,0.514,0.4812,0.49524,0.4562,0.5536,0.4794,0.58276,0.4825,0.56408,0.4439,0.62198,0.4669,0.64064,0.4687,0.6025,0.4517,0.65154,0.4756,0.66498,0.4782,0.65486,0.4718
4,False,0.716759979724884,0.4507000148296356,0.39974,0.3862,0.504,0.4726,0.53608,0.4763,0.59016,0.4662,0.66378,0.4554,0.69384,0.438,0.69672,0.4412,0.70454,0.4394,0.68676,0.429,0.6902,0.4336,0.72662,0.4468,0.72852,0.4455
4,False,0.653659999370575,0.45840001106262207,0.41978,0.4057,0.52026,0.4811,0.54298,0.4624,0.58764,0.4601,0.6159,0.453,0.5903,0.4337,0.55574,0.4055,0.58166,0.4222,0.58372,0.4262,0.61094,0.4334,0.65348,0.4568,0.65842,0.4593
4,False,0.6866000294685364,0.45489999651908875,0.40826,0.3996,0.51308,0.4725,0.55224,0.4646,0.59932,0.4499,0.6349,0.4408,0.62984,0.4236,0.56576,0.3777,0.62132,0.4077,0.56252,0.3797,0.63152,0.4182,0.6952,0.4502,0.70348,0.455
4,False,0.767799973487854,0.4514999985694885,0.42704,0.4085,0.53154,0.4887,0.60194,0.4644,0.66818,0.4497,0.72064,0.4474,0.71498,0.4245,0.71196,0.4141,0.7106,0.4066,0.63362,0.3751,0.69908,0.4055,0.79448,0.45,0.80136,0.4545
4,False,0.6335800290107727,0.4408000111579895,0.3972,0.3838,0.502,0.4632,0.52418,0.4496,0.55944,0.4394,0.57832,0.4267,0.55456,0.3985,0.52526,0.3718,0.538,0.3835,0.53624,0.3779,0.56238,0.3984,0.65302,0.4446,0.65536,0.4451
4,False,0.8072400093078613,0.43860000371932983,0.41016,0.4031,0.52008,0.4771,0.58442,0.4606,0.66166,0.4454,0.71996,0.4332,0.69032,0.3995,0.69098,0.3957,0.69862,0.3943,0.7033,0.3948,0.72352,0.4001,0.81182,0.4384,0.82102,0.4409
4,False,0.6971399784088135,0.435699999332428,0.41174,0.3953,0.50764,0.4716,0.53676,0.4505,0.59736,0.4417,0.62794,0.4281,0.59206,0.3832,0.5319,0.3507,0.56058,0.3647,0.48608,0.3286,0.6047,0.3854,0.69742,0.4347,0.70966,0.4418
4,False,0.7151200175285339,0.45509999990463257,0.41694,0.4014,0.52148,0.4794,0.57294,0.4624,0.6216,0.4505,0.64572,0.4336,0.6296,0.4077,0.60318,0.3999,0.62632,0.4016,0.58658,0.3747,0.66006,0.4242,0.72738,0.453,0.73618,0.4569
4,False,0.7726200222969055,0.44909998774528503,0.41178,0.3946,0.51604,0.4794,0.56432,0.4682,0.61994,0.455,0.6726,0.439,0.65552,0.4157,0.66988,0.415,0.67972,0.4156,0.64868,0.4,0.66752,0.4127,0.73982,0.4442,0.74814,0.4474
4,False,0.7072200179100037,0.4422999918460846,0.40256,0.3968,0.5068,0.4696,0.53938,0.4587,0.59812,0.4549,0.6394,0.4396,0.63116,0.4118,0.6417,0.4084,0.62548,0.4049,0.59184,0.3817,0.67232,0.427,0.71168,0.4383,0.72094,0.4406
4,False,0.7443400025367737,0.4602000117301941,0.42208,0.4041,0.52286,0.48,0.57176,0.4683,0.63362,0.4486,0.67972,0.4492,0.67046,0.4246,0.664,0.4186,0.67018,0.4211,0.66308,0.4135,0.69882,0.4357,0.75426,0.4552,0.75682,0.4591
4,False,0.7400599718093872,0.4417000114917755,0.3945,0.3849,0.50296,0.4689,0.53738,0.4626,0.6013,0.4516,0.65542,0.4326,0.64224,0.4005,0.65432,0.402,0.61474,0.3899,0.61548,0.3904,0.63252,0.3941,0.74504,0.4384,0.75068,0.439
4,False,0.758899986743927,0.45410001277923584,0.4213,0.4046,0.531,0.4815,0.59882,0.4682,0.67682,0.4649,0.7267,0.4524,0.7293,0.4364,0.72166,0.4256,0.71874,0.4181,0.69258,0.4063,0.71654,0.4148,0.7939,0.4553,0.7963,0.458
4,False,0.8221200108528137,0.4507000148296356,0.42728,0.4176,0.53312,0.4858,0.60902,0.4794,0.6789,0.4561,0.74044,0.4469,0.7354,0.4245,0.73126,0.415,0.7281,0.4158,0.7126,0.4058,0.73114,0.4153,0.83042,0.4476,0.83452,0.4529
4,False,0.6735799908638,0.4456999897956848,0.3966,0.3848,0.50348,0.4645,0.5385,0.4574,0.58324,0.4495,0.63042,0.4456,0.62618,0.4216,0.63942,0.4207,0.62734,0.4115,0.60496,0.4039,0.65762,0.4275,0.69474,0.4451,0.69964,0.4506
4,False,0.7308599948883057,0.44679999351501465,0.41386,0.4031,0.51312,0.476,0.55868,0.4649,0.61842,0.452,0.66916,0.4401,0.67498,0.4229,0.67232,0.4117,0.68112,0.4179,0.66964,0.4156,0.71174,0.4285,0.7481,0.4436,0.75156,0.4469
4,False,0.6343600153923035,0.45750001072883606,0.41272,0.3994,0.51884,0.4756,0.55508,0.4606,0.60406,0.4553,0.61988,0.4509,0.58206,0.4138,0.59494,0.414,0.59168,0.4116,0.58992,0.4163,0.60214,0.4247,0.65412,0.4563,0.65712,0.4607
4,False,0.6832000017166138,0.44929999113082886,0.42502,0.4162,0.52876,0.4839,0.5993,0.4713,0.66568,0.4512,0.71046,0.4428,0.7088,0.4255,0.65126,0.395,0.67452,0.3996,0.67926,0.3954,0.6954,0.4109,0.76778,0.4461,0.7779,0.4551
4,False,0.6934199929237366,0.43880000710487366,0.40832,0.3985,0.51272,0.4742,0.55062,0.4576,0.60792,0.4493,0.64828,0.4431,0.63508,0.4116,0.6401,0.4045,0.60832,0.3909,0.60324,0.3955,0.6507,0.4149,0.7047,0.4422,0.71458,0.445
4,False,0.6641799807548523,0.4426000118255615,0.40662,0.3919,0.50402,0.4701,0.51362,0.4615,0.55462,0.4466,0.60148,0.4355,0.57534,0.401,0.57516,0.388,0.58318,0.3969,0.58034,0.395,0.6435,0.431,0.669,0.4439,0.67036,0.4449
4,False,0.6732400059700012,0.43779999017715454,0.39484,0.382,0.49612,0.4671,0.518,0.4482,0.57386,0.4371,0.60178,0.4213,0.59042,0.4,0.58238,0.3934,0.5972,0.3959,0.57522,0.3841,0.57364,0.3887,0.68438,0.4377,0.68788,0.4413
4,False,0.6930000185966492,0.4510999917984009,0.40188,0.3872,0.5099,0.4754,0.55108,0.4666,0.60152,0.448,0.63478,0.4382,0.58432,0.3954,0.61792,0.4053,0.59792,0.3913,0.56776,0.3772,0.64098,0.4156,0.70536,0.4525,0.71338,0.454
4,False,0.6792200207710266,0.4562000036239624,0.40632,0.4004,0.51298,0.4763,0.5486,0.4609,0.6024,0.4509,0.607,0.4274,0.56202,0.3841,0.55608,0.3842,0.56352,0.3789,0.52242,0.361,0.60384,0.4081,0.68858,0.4527,0.6983,0.4524
4,False,0.7130399942398071,0.45590001344680786,0.42358,0.407,0.52416,0.4747,0.5654,0.4663,0.61456,0.4624,0.65106,0.4516,0.63596,0.4186,0.59462,0.3916,0.60686,0.3927,0.61314,0.4,0.6472,0.4137,0.72096,0.4491,0.73238,0.4534
4,False,0.7239999771118164,0.45570001006126404,0.40456,0.3944,0.51504,0.4812,0.57062,0.4711,0.64206,0.4637,0.67882,0.4471,0.67132,0.4254,0.67378,0.4162,0.64496,0.4066,0.66736,0.4149,0.69164,0.4236,0.74368,0.4556,0.75204,0.4598
3,True,0.7408199906349182,0.4763999879360199,0.45046,0.4342,0.53154,0.4857,0.5341,0.4732,0.59522,0.4952,0.62676,0.5026,0.64536,0.4746,0.70316,0.4881,0.72148,0.4937,0.71696,0.4792
3,True,0.7716599702835083,0.45899999141693115,0.4282,0.4244,0.519,0.483,0.5138,0.4784,0.57588,0.4945,0.61018,0.4978,0.65142,0.4721,0.71986,0.4797,0.74164,0.4812,0.74026,0.4627
3,True,0.7633600234985352,0.4578000009059906,0.43034,0.4195,0.51802,0.484,0.51478,0.4685,0.58476,0.4822,0.62324,0.4842,0.66618,0.4619,0.73138,0.4655,0.75126,0.4699,0.75284,0.4548
3,True,0.7623999714851379,0.4715000092983246,0.44264,0.4279,0.52196,0.4873,0.52278,0.4802,0.5857,0.4938,0.62424,0.4967,0.65466,0.4727,0.7161,0.4821,0.73756,0.4847,0.7415,0.4681
3,True,0.7915400266647339,0.47380000352859497,0.43968,0.4315,0.52576,0.4898,0.53798,0.4817,0.60852,0.4908,0.65084,0.5014,0.68276,0.4637,0.7618,0.4796,0.78534,0.4821,0.77902,0.4704
3,True,0.7650600075721741,0.48089998960494995,0.45178,0.4372,0.53118,0.4873,0.52956,0.4776,0.60348,0.4924,0.64428,0.4971,0.68126,0.4772,0.7367,0.4865,0.75606,0.4932,0.75572,0.48
3,True,0.739799976348877,0.4699000120162964,0.433,0.4225,0.52118,0.4817,0.52252,0.4751,0.58156,0.4889,0.61654,0.4955,0.6428,0.4684,0.70996,0.4755,0.73448,0.4815,0.73686,0.4706
3,True,0.7511600255966187,0.47380000352859497,0.4556,0.4374,0.53348,0.4922,0.53664,0.4776,0.60608,0.493,0.6419,0.4981,0.6721,0.4727,0.73402,0.4854,0.75292,0.4843,0.75142,0.474
3,True,0.7832599878311157,0.4731999933719635,0.42784,0.4141,0.51964,0.4815,0.52558,0.4705,0.59884,0.4863,0.63912,0.4935,0.69032,0.4718,0.74996,0.4751,0.77526,0.4774,0.78246,0.4716
3,True,0.7915800213813782,0.46639999747276306,0.44928,0.4288,0.53152,0.4889,0.54326,0.4769,0.6126,0.4952,0.65162,0.5016,0.68708,0.4672,0.76016,0.485,0.78492,0.4806,0.77364,0.4692
3,True,0.7968000173568726,0.4885999858379364,0.44258,0.4255,0.53406,0.4911,0.55084,0.484,0.6274,0.5007,0.67072,0.5083,0.7054,0.4851,0.76924,0.491,0.78814,0.4955,0.7824,0.4835
3,True,0.7717999815940857,0.46540001034736633,0.44058,0.4225,0.52458,0.4842,0.52802,0.4723,0.59908,0.491,0.63458,0.4988,0.66494,0.4686,0.72416,0.4775,0.74518,0.4797,0.7285,0.4664
3,True,0.7725600004196167,0.4830000102519989,0.44572,0.4258,0.5256,0.49,0.5348,0.4814,0.60962,0.4916,0.64772,0.5025,0.67716,0.4705,0.75262,0.4886,0.77068,0.4891,0.77332,0.4811
3,True,0.751800000667572,0.46799999475479126,0.4458,0.431,0.5253,0.4885,0.52416,0.474,0.5894,0.4963,0.62516,0.5041,0.65002,0.476,0.71088,0.4847,0.73012,0.4833,0.72224,0.4664
3,True,0.7656000256538391,0.4675000011920929,0.42216,0.4104,0.51672,0.4894,0.5126,0.4782,0.57762,0.4922,0.61644,0.4938,0.65414,0.4715,0.72118,0.476,0.74668,0.4783,0.74518,0.4667
3,True,0.7410399913787842,0.4717999994754791,0.44856,0.434,0.53126,0.4856,0.5266,0.473,0.59522,0.4901,0.6295,0.5,0.65406,0.4761,0.71586,0.4836,0.73686,0.4868,0.73182,0.4766
3,True,0.7457799911499023,0.46650001406669617,0.44118,0.4224,0.52644,0.4862,0.53082,0.4747,0.59502,0.4887,0.62684,0.4976,0.65636,0.4661,0.72132,0.4812,0.74218,0.4821,0.74214,0.4659
3,True,0.7548999786376953,0.46639999747276306,0.44526,0.4284,0.52912,0.4857,0.52344,0.4674,0.5937,0.4853,0.62538,0.495,0.64456,0.4581,0.71198,0.4779,0.73304,0.4809,0.73866,0.4661
3,True,0.7671999931335449,0.47049999237060547,0.44756,0.4327,0.52328,0.4879,0.532,0.4755,0.59732,0.4895,0.63212,0.4945,0.66052,0.4652,0.71864,0.4794,0.74178,0.4821,0.73942,0.4761
3,True,0.7616000175476074,0.46219998598098755,0.43238,0.4162,0.52304,0.4835,0.5198,0.4752,0.57718,0.4932,0.61116,0.4981,0.6405,0.4666,0.70398,0.4798,0.73156,0.4804,0.73446,0.4695
3,True,0.8004599809646606,0.4758000075817108,0.44734,0.4272,0.5298,0.4923,0.5437,0.485,0.618,0.4964,0.6604,0.5028,0.6966,0.4835,0.76224,0.4895,0.78898,0.4892,0.78558,0.478
3,True,0.8011000156402588,0.4745999872684479,0.44648,0.4346,0.53038,0.4864,0.54396,0.4772,0.61568,0.4935,0.658,0.4968,0.68526,0.4665,0.7562,0.4781,0.77706,0.4824,0.77414,0.4692
3,True,0.769760012626648,0.47029998898506165,0.42518,0.4115,0.51978,0.4817,0.52026,0.4765,0.58812,0.49,0.62976,0.5002,0.67122,0.4718,0.73084,0.4836,0.75336,0.4795,0.75678,0.4685
3,True,0.7763599753379822,0.4884999990463257,0.44226,0.4238,0.52724,0.4876,0.53496,0.4759,0.59982,0.492,0.63676,0.501,0.67866,0.4734,0.75046,0.4916,0.77308,0.4979,0.7707,0.4809
3,True,0.7627599835395813,0.47519999742507935,0.43634,0.4181,0.52224,0.4915,0.52456,0.4791,0.59602,0.5007,0.63092,0.505,0.66278,0.4728,0.72354,0.4896,0.74454,0.4945,0.74194,0.4742
3,False,0.8090400099754333,0.4478999972343445,0.41028,0.3973,0.51746,0.4805,0.55766,0.4715,0.63496,0.4698,0.73384,0.45,0.77072,0.4386,0.79974,0.4471,0.8102,0.4476,0.8091,0.4462
3,False,0.8331400156021118,0.4471000134944916,0.41314,0.4033,0.51214,0.482,0.57072,0.48,0.66112,0.4644,0.7697,0.4495,0.81166,0.4363,0.83066,0.4412,0.84316,0.4455,0.84186,0.4418
3,False,0.8053200244903564,0.4507000148296356,0.41376,0.4041,0.5147,0.482,0.56016,0.4752,0.62724,0.4581,0.71632,0.4549,0.74162,0.437,0.76324,0.442,0.78254,0.4496,0.78156,0.4492
3,False,0.791379988193512,0.44530001282691956,0.39252,0.3828,0.50588,0.4765,0.54652,0.4742,0.62246,0.4628,0.72392,0.4521,0.76052,0.4351,0.79712,0.4418,0.80984,0.4422,0.81296,0.4468
3,False,0.7835599780082703,0.4456999897956848,0.40078,0.3897,0.50488,0.4746,0.5377,0.4637,0.60326,0.4582,0.70124,0.4458,0.7448,0.4373,0.7724,0.44,0.79162,0.444,0.7918,0.4449
3,False,0.7814599871635437,0.43479999899864197,0.4063,0.3997,0.5054,0.4702,0.53426,0.4566,0.59874,0.4589,0.68684,0.4397,0.7265,0.4308,0.74224,0.4296,0.75644,0.433,0.75242,0.4326
3,False,0.823639988899231,0.4503999948501587,0.41866,0.4034,0.5202,0.4802,0.5744,0.4805,0.66468,0.475,0.7574,0.4522,0.79892,0.4379,0.81966,0.4414,0.83652,0.4448,0.83516,0.446
3,False,0.8066999912261963,0.4399000108242035,0.41762,0.4081,0.51484,0.4819,0.56026,0.4689,0.63842,0.4612,0.73258,0.4463,0.76808,0.4341,0.79826,0.4338,0.8078,0.4424,0.8079,0.4385
3,False,0.8527200222015381,0.45350000262260437,0.42746,0.4197,0.5256,0.4817,0.58604,0.4782,0.67058,0.4696,0.78296,0.4567,0.81892,0.4418,0.84562,0.4476,0.85654,0.4542,0.85286,0.4531
3,False,0.748740017414093,0.44290000200271606,0.39942,0.3938,0.50608,0.4719,0.5351,0.4603,0.59426,0.4547,0.67436,0.4453,0.71262,0.4327,0.73582,0.4327,0.7547,0.4391,0.75274,0.4396
3,False,0.8042200207710266,0.4442000091075897,0.41568,0.4043,0.51612,0.4766,0.55776,0.4718,0.63828,0.4674,0.74148,0.452,0.78662,0.4471,0.80802,0.4431,0.82426,0.4466,0.82784,0.4412
3,False,0.8115800023078918,0.45750001072883606,0.41632,0.4046,0.52182,0.4814,0.57512,0.476,0.6596,0.4665,0.75818,0.4586,0.8088,0.4442,0.82868,0.442,0.84262,0.4486,0.8404,0.4474
3,False,0.8335999846458435,0.4368000030517578,0.41318,0.3999,0.51796,0.488,0.56296,0.4739,0.63712,0.4745,0.72788,0.4606,0.7636,0.4454,0.7813,0.4429,0.79318,0.4451,0.79284,0.4461
3,False,0.7863600254058838,0.43970000743865967,0.39932,0.3933,0.51146,0.4734,0.53456,0.4644,0.60328,0.458,0.69472,0.4455,0.7303,0.4359,0.7519,0.4338,0.77114,0.4412,0.76894,0.4424
3,False,0.8703399896621704,0.4584999978542328,0.41932,0.4108,0.52948,0.4938,0.60602,0.4851,0.70804,0.4758,0.82514,0.4612,0.86248,0.4525,0.8724,0.4467,0.89222,0.4596,0.88734,0.4569
3,False,0.71288001537323,0.4440000057220459,0.38768,0.3802,0.49264,0.4643,0.51142,0.4569,0.56536,0.4614,0.6409,0.4541,0.68178,0.4329,0.71098,0.4341,0.72748,0.4402,0.72054,0.4392
3,False,0.8080999851226807,0.43779999017715454,0.40148,0.3936,0.5099,0.4764,0.54318,0.467,0.62288,0.4591,0.72866,0.4449,0.7855,0.4267,0.81662,0.4301,0.82928,0.4378,0.82608,0.4343
3,False,0.853879988193512,0.4586000144481659,0.42482,0.4168,0.52824,0.485,0.59046,0.4799,0.6909,0.4688,0.80298,0.4575,0.84566,0.4557,0.86482,0.4542,0.87428,0.458,0.87148,0.4571
3,False,0.849839985370636,0.4595000147819519,0.42742,0.4136,0.53618,0.4867,0.61328,0.4757,0.69732,0.4728,0.78112,0.4655,0.81082,0.4548,0.82628,0.4605,0.83766,0.463,0.83838,0.4584
3,False,0.7552400231361389,0.43459999561309814,0.39936,0.3866,0.49972,0.4702,0.53184,0.4595,0.5994,0.4588,0.6907,0.4425,0.73942,0.4372,0.76998,0.433,0.78198,0.4405,0.77814,0.4338
3,False,0.7408599853515625,0.444599986076355,0.39872,0.3883,0.5017,0.4759,0.53166,0.4696,0.59316,0.4668,0.67988,0.4587,0.71704,0.445,0.7417,0.4474,0.75434,0.4461,0.75006,0.4467
3,False,0.7668399810791016,0.43140000104904175,0.3979,0.3847,0.50426,0.4689,0.5284,0.4538,0.5948,0.4556,0.68846,0.4476,0.74836,0.4291,0.7772,0.4277,0.78654,0.4322,0.78582,0.4362
3,False,0.7018799781799316,0.4311000108718872,0.38842,0.3783,0.49366,0.4635,0.49892,0.4501,0.55146,0.4515,0.6139,0.4417,0.64666,0.4296,0.67264,0.4296,0.68158,0.4373,0.6826,0.4345
3,False,0.8273199796676636,0.4544999897480011,0.4111,0.4028,0.52066,0.4868,0.57854,0.476,0.66858,0.4691,0.76986,0.458,0.80768,0.449,0.82112,0.4488,0.83862,0.4535,0.83372,0.4532
3,False,0.7571399807929993,0.4551999866962433,0.39992,0.3926,0.51046,0.4757,0.5441,0.4729,0.61448,0.4668,0.70016,0.4572,0.74298,0.446,0.76298,0.445,0.77776,0.4498,0.77608,0.4511
2,True,0.8573799729347229,0.45890000462532043,0.4224,0.4096,0.52104,0.4825,0.52558,0.4819,0.60328,0.4917,0.6463,0.5019,0.74514,0.4642
2,True,0.8646199703216553,0.47049999237060547,0.44422,0.4327,0.52984,0.4933,0.5393,0.4833,0.6326,0.5002,0.68194,0.5065,0.75906,0.4663
2,True,0.8600599765777588,0.4661000072956085,0.45116,0.4325,0.5335,0.4908,0.5439,0.4817,0.62484,0.4981,0.67348,0.5023,0.73942,0.4699
2,True,0.8586599826812744,0.4584999978542328,0.43714,0.4263,0.52288,0.4958,0.53038,0.4784,0.6112,0.4993,0.66,0.4992,0.73544,0.4689
2,True,0.8558200001716614,0.4690999984741211,0.4571,0.4382,0.52676,0.4898,0.54088,0.4855,0.6162,0.5015,0.6624,0.5052,0.73702,0.4735
2,True,0.8474199771881104,0.453900009393692,0.44268,0.4268,0.52376,0.4822,0.52644,0.4793,0.59912,0.4989,0.64128,0.5042,0.72302,0.461
2,True,0.8593999743461609,0.4702000021934509,0.44374,0.4327,0.52748,0.488,0.53826,0.4865,0.61628,0.503,0.66432,0.5067,0.75688,0.4688
2,True,0.8659999966621399,0.47839999198913574,0.4541,0.4316,0.53134,0.4875,0.53598,0.4766,0.61368,0.5025,0.66248,0.5065,0.75592,0.4769
2,True,0.8527200222015381,0.45680001378059387,0.4421,0.4271,0.52302,0.4846,0.52572,0.4759,0.59116,0.5024,0.63142,0.5056,0.72232,0.4657
2,True,0.843720018863678,0.4593999981880188,0.44316,0.4286,0.52476,0.4888,0.52584,0.4733,0.5947,0.4881,0.63482,0.496,0.72738,0.4667
2,True,0.8614599704742432,0.46549999713897705,0.4492,0.4317,0.5249,0.4914,0.53114,0.4864,0.60846,0.5003,0.65674,0.505,0.76452,0.4672
2,True,0.8621000051498413,0.4657999873161316,0.44894,0.4316,0.52786,0.493,0.5388,0.4854,0.61472,0.5078,0.6578,0.5117,0.72878,0.472
2,True,0.8535199761390686,0.4602000117301941,0.4538,0.4344,0.53204,0.4921,0.53812,0.4814,0.62158,0.498,0.66574,0.5046,0.74682,0.461
2,True,0.8474000096321106,0.47029998898506165,0.43818,0.4281,0.524,0.483,0.52542,0.4695,0.59772,0.4931,0.6405,0.5005,0.73546,0.4656
2,True,0.8539999723434448,0.4620000123977661,0.42764,0.4151,0.51958,0.4837,0.5263,0.4723,0.5991,0.4933,0.64866,0.5016,0.75656,0.4663
2,True,0.8582199811935425,0.4575999975204468,0.43296,0.4202,0.52502,0.4883,0.53396,0.478,0.60682,0.4982,0.64754,0.5041,0.71812,0.4581
2,True,0.8544999957084656,0.4609000086784363,0.42604,0.4125,0.5211,0.4825,0.52122,0.4733,0.59684,0.4935,0.64516,0.4974,0.73334,0.4767
2,True,0.8601800203323364,0.4650999903678894,0.44746,0.428,0.52796,0.4919,0.53912,0.4802,0.62238,0.5058,0.66744,0.51,0.74804,0.4683
2,True,0.8633000254631042,0.4756999909877777,0.43124,0.4139,0.52794,0.4971,0.54476,0.4813,0.63078,0.5069,0.67966,0.5116,0.77562,0.4755
2,True,0.8658000230789185,0.4521999955177307,0.43646,0.4241,0.52104,0.4923,0.53284,0.4833,0.60548,0.497,0.6521,0.5044,0.73852,0.466
2,True,0.8561199903488159,0.460099995136261,0.434,0.4176,0.5237,0.49,0.52372,0.4801,0.60202,0.4981,0.64318,0.5013,0.73396,0.4744
2,True,0.8529599905014038,0.47189998626708984,0.4365,0.4185,0.52544,0.4908,0.53466,0.4801,0.608,0.4985,0.6514,0.5055,0.73948,0.4752
2,True,0.8518800139427185,0.4657000005245209,0.44878,0.4304,0.52794,0.4901,0.53134,0.4792,0.60394,0.5004,0.64754,0.5025,0.73878,0.4683
2,True,0.8572999835014343,0.4657999873161316,0.43932,0.4234,0.52478,0.4885,0.53126,0.4826,0.60896,0.4971,0.65788,0.5102,0.73702,0.4708
2,True,0.8502600193023682,0.4607999920845032,0.44076,0.4224,0.52746,0.4889,0.53128,0.4821,0.60212,0.5006,0.64646,0.5025,0.73664,0.4678
2,False,0.8861200213432312,0.4636000096797943,0.42986,0.417,0.52694,0.4813,0.5911,0.4792,0.69298,0.4824,0.81718,0.4705,0.86426,0.4606
2,False,0.8553799986839294,0.44600000977516174,0.4067,0.3976,0.51884,0.4844,0.55544,0.4789,0.6291,0.4787,0.7527,0.473,0.81186,0.4465
2,False,0.8794199824333191,0.462799996137619,0.43242,0.4199,0.53098,0.4887,0.58178,0.4884,0.67526,0.4872,0.79152,0.4766,0.84364,0.4563
2,False,0.8835399746894836,0.45969998836517334,0.43112,0.4141,0.5281,0.4904,0.57678,0.4862,0.67884,0.4828,0.8076,0.4743,0.86388,0.4633
2,False,0.8720399737358093,0.4544000029563904,0.41216,0.3975,0.5147,0.4807,0.55632,0.4757,0.64154,0.4771,0.76644,0.4659,0.83576,0.4491
2,False,0.8742200136184692,0.44760000705718994,0.42026,0.4084,0.52072,0.4829,0.57082,0.4811,0.66034,0.4756,0.78422,0.4721,0.83318,0.4494
2,False,0.8881000280380249,0.460999995470047,0.4339,0.4206,0.5382,0.4941,0.59068,0.4783,0.69372,0.4817,0.81138,0.4749,0.85614,0.4597
2,False,0.8841000199317932,0.46549999713897705,0.4196,0.4089,0.52782,0.487,0.58798,0.487,0.6856,0.4837,0.81222,0.4799,0.86874,0.4697
2,False,0.8794999718666077,0.4544000029563904,0.41404,0.4053,0.52356,0.4845,0.57346,0.4786,0.67928,0.4731,0.81064,0.4661,0.86658,0.444
2,False,0.8686599731445312,0.45320001244544983,0.41268,0.404,0.51618,0.4796,0.55232,0.4718,0.63224,0.4766,0.7805,0.4724,0.8563,0.4505
2,False,0.8761000037193298,0.45660001039505005,0.42328,0.4165,0.53002,0.4914,0.58346,0.4815,0.6816,0.4825,0.80178,0.4749,0.8517,0.4553
2,False,0.8808799982070923,0.4593999981880188,0.42916,0.422,0.52642,0.4855,0.57714,0.4849,0.66534,0.4845,0.79316,0.4748,0.8331,0.4592
2,False,0.8776800036430359,0.460999995470047,0.42886,0.4208,0.5296,0.4892,0.5915,0.4834,0.69228,0.4876,0.82634,0.4833,0.87308,0.4642
2,False,0.8838199973106384,0.4544000029563904,0.43514,0.4255,0.5348,0.494,0.5968,0.4873,0.69982,0.4814,0.81748,0.4752,0.86134,0.4557
2,False,0.8806399703025818,0.45260000228881836,0.42712,0.4194,0.53164,0.4867,0.58564,0.4825,0.67932,0.4823,0.78732,0.4741,0.82644,0.4525
2,False,0.8856199979782104,0.4544000029563904,0.4204,0.4049,0.52168,0.4807,0.56258,0.4785,0.64776,0.4805,0.77106,0.4739,0.81548,0.453
2,False,0.8716800212860107,0.4449999928474426,0.41424,0.4063,0.51336,0.4808,0.5566,0.4731,0.6441,0.4752,0.78332,0.4682,0.84378,0.4446
2,False,0.8790799975395203,0.4440999925136566,0.42318,0.42,0.52262,0.4879,0.56798,0.4802,0.65036,0.48,0.76046,0.4715,0.7989,0.4503
2,False,0.876479983329773,0.4406999945640564,0.40726,0.4033,0.51888,0.4798,0.56736,0.4755,0.65806,0.4763,0.76296,0.4641,0.8093,0.4445
2,False,0.8873000144958496,0.4512999951839447,0.427,0.418,0.52314,0.4877,0.57628,0.4861,0.67334,0.4793,0.80788,0.4704,0.86636,0.4556
2,False,0.887660026550293,0.4595000147819519,0.42618,0.4174,0.53126,0.4884,0.5921,0.4819,0.7037,0.4787,0.8413,0.4728,0.88432,0.4548
2,False,0.8712800145149231,0.4609000086784363,0.4255,0.4165,0.52546,0.4869,0.58774,0.4861,0.6771,0.4814,0.80434,0.4763,0.84914,0.4616
2,False,0.8784599900245667,0.4577000141143799,0.43366,0.4219,0.52868,0.4859,0.57652,0.4893,0.66304,0.4868,0.78998,0.4812,0.84094,0.463
2,False,0.879040002822876,0.4465999901294708,0.41944,0.4085,0.52132,0.487,0.56818,0.4799,0.65196,0.4851,0.7753,0.4715,0.83374,0.4537
2,False,0.8808599710464478,0.4530999958515167,0.43174,0.4218,0.52518,0.488,0.57654,0.4811,0.67434,0.4816,0.7964,0.4715,0.8533,0.4555
1,True,0.7655799984931946,0.4781999886035919,0.44522,0.4255,0.54154,0.4897,0.67542,0.4773
1,True,0.7674400210380554,0.47119998931884766,0.44544,0.4221,0.5352,0.4883,0.67958,0.4824
1,True,0.7566800117492676,0.4738999903202057,0.45504,0.4291,0.54416,0.4917,0.6632,0.4727
1,True,0.7981200218200684,0.46540001034736633,0.44448,0.4221,0.54454,0.4856,0.68478,0.4729
1,True,0.7878199815750122,0.4803999960422516,0.44636,0.4208,0.53902,0.4854,0.68364,0.4858
1,True,0.7739599943161011,0.47200000286102295,0.45298,0.4276,0.54202,0.4843,0.68122,0.4803
1,True,0.8201799988746643,0.4674000144004822,0.4546,0.4261,0.54488,0.4908,0.68588,0.4778
1,True,0.7957599759101868,0.4790000021457672,0.45198,0.4294,0.5462,0.4959,0.67798,0.4864
1,True,0.7852200269699097,0.46470001339912415,0.44514,0.4276,0.53838,0.4843,0.67514,0.472
1,True,0.7556399703025818,0.48649999499320984,0.45212,0.429,0.54134,0.4936,0.65854,0.4855
1,True,0.7769799828529358,0.4745999872684479,0.44084,0.4203,0.54462,0.4957,0.66518,0.4786
1,True,0.7837399840354919,0.4803999960422516,0.45,0.4273,0.54146,0.4883,0.68716,0.4804
1,True,0.7758600115776062,0.4832000136375427,0.45956,0.4288,0.54662,0.4912,0.67724,0.4852
1,True,0.7626399993896484,0.4683000147342682,0.44824,0.4219,0.54284,0.4873,0.66848,0.4765
1,True,0.7701200246810913,0.47679999470710754,0.45536,0.4304,0.5487,0.4846,0.66312,0.4842
1,True,0.7775999903678894,0.48899999260902405,0.45252,0.4282,0.5437,0.4859,0.67798,0.479
1,True,0.7701600193977356,0.4758000075817108,0.45448,0.4291,0.5384,0.4834,0.67056,0.4733
1,True,0.7804999947547913,0.47769999504089355,0.45234,0.4263,0.54264,0.4889,0.68382,0.4781
1,True,0.8124799728393555,0.47760000824928284,0.4568,0.4332,0.54388,0.4893,0.69976,0.4793
1,True,0.756380021572113,0.4796999990940094,0.45178,0.4297,0.5354,0.4903,0.6579,0.477
1,True,0.8023800253868103,0.47679999470710754,0.46608,0.4362,0.55488,0.4939,0.68584,0.4767
1,True,0.7949399948120117,0.4812999963760376,0.46396,0.441,0.54728,0.4895,0.69094,0.4829
1,True,0.8043000102043152,0.474700003862381,0.46192,0.4328,0.5477,0.4911,0.68032,0.4824
1,True,0.7873200178146362,0.4652000069618225,0.45632,0.4299,0.54242,0.4866,0.66272,0.4685
1,True,0.7896000146865845,0.4756999909877777,0.44676,0.4232,0.54024,0.4958,0.67606,0.4783
1,False,0.9194999933242798,0.46149998903274536,0.43962,0.4294,0.55112,0.4927,0.78518,0.4723
1,False,0.9067599773406982,0.4487000107765198,0.42404,0.4144,0.53996,0.4913,0.76128,0.4625
1,False,0.9220600128173828,0.4602000117301941,0.4366,0.4206,0.54648,0.4929,0.77578,0.4739
1,False,0.8976200222969055,0.4456000030040741,0.41266,0.4056,0.53216,0.4926,0.74558,0.4609
1,False,0.8960400223731995,0.4433000087738037,0.41656,0.4071,0.5321,0.4971,0.73776,0.461
1,False,0.9144399762153625,0.4478999972343445,0.42402,0.4132,0.53304,0.4883,0.7536,0.4581
1,False,0.9016000032424927,0.4422000050544739,0.42132,0.4157,0.53606,0.4888,0.75616,0.4583
1,False,0.9236000180244446,0.45019999146461487,0.4322,0.4208,0.54014,0.4842,0.76448,0.4624
1,False,0.9067800045013428,0.4544000029563904,0.41984,0.4086,0.54048,0.4942,0.77978,0.4661
1,False,0.9100199937820435,0.4523000121116638,0.423,0.4153,0.5417,0.493,0.76906,0.4612
1,False,0.9095799922943115,0.4465999901294708,0.42658,0.4158,0.53218,0.4877,0.74826,0.4605
1,False,0.8903200030326843,0.4494999945163727,0.41056,0.3984,0.52972,0.4871,0.7274,0.4616
1,False,0.8978800177574158,0.44369998574256897,0.41482,0.4053,0.53076,0.4838,0.74698,0.4609
1,False,0.9076200127601624,0.45260000228881836,0.42698,0.4172,0.53456,0.4877,0.7588,0.4639
1,False,0.9083600044250488,0.4578999876976013,0.42656,0.4162,0.53144,0.4821,0.74926,0.4623
1,False,0.9151399731636047,0.454800009727478,0.42824,0.4154,0.53624,0.4872,0.75302,0.4708
1,False,0.9221600294113159,0.454800009727478,0.43226,0.4208,0.54736,0.491,0.78348,0.4635
1,False,0.9099599719047546,0.44839999079704285,0.42804,0.4137,0.5379,0.4913,0.7616,0.465
1,False,0.9084200263023376,0.4494999945163727,0.42438,0.4146,0.53786,0.4871,0.7592,0.46
1,False,0.9153599739074707,0.45249998569488525,0.4279,0.4157,0.53904,0.489,0.76018,0.4679
1,False,0.9101799726486206,0.4480000138282776,0.43156,0.4199,0.5409,0.4858,0.75652,0.4568
1,False,0.8955399990081787,0.44749999046325684,0.42186,0.41,0.5319,0.4861,0.74318,0.4596
1,False,0.9122999906539917,0.4652999937534332,0.44048,0.4313,0.55074,0.498,0.77336,0.4737
1,False,0.9207199811935425,0.4528000056743622,0.43524,0.419,0.54438,0.4921,0.77252,0.4615
1,False,0.9155399799346924,0.43790000677108765,0.42436,0.4133,0.53558,0.4919,0.74734,0.4603
