num_reservoir_layers,frozen,use_skip_connections,train_accuracy,val_accuracy,layer_0_train_separability,layer_0_test_separability,layer_1_train_separability,layer_1_test_separability,layer_2_train_separability,layer_2_test_separability,layer_3_train_separability,layer_3_test_separability,layer_4_train_separability,layer_4_test_separability,layer_5_train_separability,layer_5_test_separability,layer_6_train_separability,layer_6_test_separability,layer_7_train_separability,layer_7_test_separability,layer_8_train_separability,layer_8_test_separability,layer_9_train_separability,layer_9_test_separability,layer_10_train_separability,layer_10_test_separability,layer_11_train_separability,layer_11_test_separability,layer_12_train_separability,layer_12_test_separability,layer_13_train_separability,layer_13_test_separability,layer_14_train_separability,layer_14_test_separability,layer_15_train_separability,layer_15_test_separability,layer_16_train_separability,layer_16_test_separability,layer_17_train_separability,layer_17_test_separability,layer_18_train_separability,layer_18_test_separability,layer_19_train_separability,layer_19_test_separability,layer_20_train_separability,layer_20_test_separability,layer_21_train_separability,layer_21_test_separability,layer_22_train_separability,layer_22_test_separability,layer_23_train_separability,layer_23_test_separability
8,True,True,0.7819399833679199,0.4514000117778778,0.41066,0.4012,0.50602,0.4746,0.25288,0.2376,0.4493,0.4219,0.5033,0.4682,0.20878,0.207,0.4639,0.4341,0.50592,0.4725,0.26448,0.2628,0.47578,0.4399,0.51042,0.4652,0.27246,0.2581,0.48822,0.4406,0.5137,0.4668,0.27904,0.2747,0.49684,0.4479,0.51664,0.4657,0.18866,0.1781,0.50068,0.4477,0.52082,0.4682,0.30552,0.2875,0.50896,0.4533,0.57418,0.4665,0.6889,0.4507
8,True,True,0.7534999847412109,0.44339999556541443,0.40068,0.3879,0.50034,0.4714,0.3004,0.2978,0.44466,0.4161,0.4966,0.4594,0.26782,0.2631,0.46308,0.4285,0.49926,0.4662,0.25684,0.2455,0.47892,0.4424,0.50518,0.4612,0.24934,0.2514,0.48626,0.4445,0.51124,0.4582,0.22306,0.2223,0.49214,0.4436,0.5134,0.462,0.19042,0.1844,0.4967,0.4443,0.51712,0.4637,0.28014,0.2705,0.50214,0.4487,0.5612,0.4668,0.68104,0.4494
8,True,True,0.648639976978302,0.42750000953674316,0.38926,0.378,0.47862,0.4516,0.1226,0.1247,0.40906,0.3935,0.48466,0.4573,0.2874,0.2755,0.43486,0.4082,0.48146,0.4446,0.20954,0.2017,0.4457,0.4186,0.48286,0.4488,0.21304,0.2127,0.45454,0.422,0.48834,0.4461,0.22654,0.2202,0.46116,0.4288,0.48718,0.4471,0.19278,0.1859,0.4639,0.4289,0.48976,0.448,0.22416,0.2138,0.47132,0.4325,0.51942,0.453,0.58144,0.4338
8,True,True,0.6026600003242493,0.4140999913215637,0.36468,0.3611,0.4657,0.444,0.14606,0.1444,0.39076,0.3808,0.47212,0.455,0.20264,0.2025,0.41706,0.3986,0.47358,0.4471,0.21802,0.2081,0.4275,0.4032,0.47512,0.4449,0.22968,0.2275,0.43826,0.4169,0.47358,0.4459,0.17376,0.1735,0.44058,0.4187,0.47706,0.4412,0.21358,0.2159,0.44646,0.4243,0.47666,0.4454,0.30566,0.2954,0.4617,0.4323,0.4971,0.4502,0.5409,0.4287
8,True,True,0.5566999912261963,0.4117000102996826,0.3679,0.3597,0.46152,0.4339,0.12658,0.1254,0.39054,0.3771,0.47108,0.4427,0.18148,0.1759,0.39838,0.3872,0.46794,0.4398,0.11252,0.1108,0.39938,0.3865,0.46986,0.4439,0.29442,0.2906,0.42832,0.4082,0.46852,0.439,0.11428,0.1133,0.42848,0.4074,0.46882,0.4407,0.26468,0.2585,0.44238,0.4188,0.46992,0.4368,0.1964,0.1884,0.4471,0.4193,0.48122,0.4393,0.5117,0.4206
8,True,True,0.6894000172615051,0.42809998989105225,0.38588,0.3764,0.4839,0.4564,0.22912,0.2254,0.42474,0.4059,0.48506,0.4601,0.23592,0.2367,0.43682,0.4125,0.48774,0.4559,0.32126,0.311,0.46738,0.4355,0.48934,0.4516,0.21882,0.2107,0.47192,0.433,0.4932,0.4463,0.20902,0.1989,0.47452,0.4365,0.49372,0.4457,0.16534,0.1631,0.47618,0.4378,0.49774,0.4515,0.27352,0.2734,0.48464,0.4402,0.53602,0.4548,0.63406,0.4387
8,True,True,0.47940000891685486,0.4000999927520752,0.34414,0.3374,0.43034,0.3954,0.13788,0.1359,0.3749,0.3601,0.44932,0.4134,0.11446,0.1165,0.37712,0.361,0.45028,0.4156,0.13936,0.1382,0.37982,0.3604,0.45242,0.4161,0.15906,0.1592,0.38428,0.3685,0.45288,0.4173,0.17004,0.1668,0.39622,0.3733,0.45242,0.4213,0.16006,0.1609,0.40954,0.3858,0.45512,0.4162,0.19928,0.1951,0.42302,0.3934,0.45988,0.4181,0.4638,0.409
8,True,True,0.7456799745559692,0.4375,0.39384,0.3828,0.4943,0.4673,0.21176,0.21,0.4248,0.4106,0.49596,0.4718,0.1881,0.1825,0.43688,0.4155,0.4964,0.4691,0.17292,0.1697,0.44254,0.4204,0.49902,0.4661,0.28862,0.2817,0.46562,0.4358,0.50342,0.4653,0.23146,0.2303,0.47586,0.4441,0.5032,0.4695,0.25812,0.2491,0.48868,0.4507,0.50998,0.4664,0.31526,0.3021,0.4999,0.456,0.554,0.4701,0.65326,0.4473
8,True,True,0.7684199810028076,0.4447000026702881,0.40422,0.3914,0.4998,0.4704,0.17582,0.1757,0.42642,0.4072,0.50164,0.4736,0.29086,0.2782,0.45182,0.4255,0.50426,0.4635,0.26582,0.2592,0.46414,0.4349,0.50294,0.4623,0.18846,0.1783,0.47484,0.4412,0.50718,0.4634,0.19576,0.1945,0.48168,0.4466,0.50886,0.4674,0.2509,0.2445,0.4875,0.4407,0.51404,0.4657,0.33144,0.3269,0.50252,0.4551,0.56066,0.476,0.67694,0.4505
8,True,True,0.6863600015640259,0.42149999737739563,0.3878,0.377,0.479,0.4514,0.29164,0.2855,0.42894,0.405,0.48016,0.4517,0.30546,0.2916,0.44814,0.4199,0.48054,0.4464,0.17424,0.1679,0.45352,0.4192,0.48682,0.4504,0.18712,0.1848,0.45716,0.4241,0.48696,0.4486,0.18908,0.1892,0.4607,0.4308,0.48928,0.4487,0.23804,0.2354,0.46794,0.4311,0.4921,0.448,0.2123,0.2052,0.47426,0.4367,0.52702,0.4528,0.6003,0.4338
8,True,True,0.6503999829292297,0.428600013256073,0.3865,0.376,0.4755,0.4494,0.12328,0.1216,0.39974,0.3835,0.48406,0.453,0.20876,0.2062,0.4179,0.4,0.47808,0.4496,0.2202,0.2161,0.43256,0.4122,0.48172,0.454,0.2033,0.1951,0.44848,0.4224,0.48142,0.4574,0.22706,0.2247,0.45592,0.4292,0.48592,0.4531,0.31876,0.3068,0.46794,0.4329,0.48942,0.4497,0.20356,0.2058,0.47002,0.4338,0.51774,0.4564,0.58856,0.4409
8,True,True,0.7114400267601013,0.4323999881744385,0.39214,0.3824,0.49068,0.4634,0.26734,0.256,0.44216,0.4161,0.49022,0.463,0.286,0.2819,0.45868,0.4374,0.49226,0.457,0.18744,0.1821,0.46424,0.4355,0.4963,0.4586,0.17882,0.1791,0.4679,0.4366,0.49764,0.4597,0.23232,0.2245,0.47236,0.4391,0.4985,0.459,0.20244,0.198,0.4755,0.4399,0.49912,0.4579,0.26548,0.2643,0.48514,0.4446,0.5419,0.4621,0.63562,0.441
8,True,True,0.7214400172233582,0.4332999885082245,0.40018,0.3911,0.49104,0.4647,0.26924,0.262,0.4337,0.4146,0.4936,0.4605,0.17308,0.1706,0.44406,0.425,0.49266,0.4651,0.21662,0.2081,0.45532,0.4306,0.49308,0.4645,0.15204,0.1506,0.45888,0.4317,0.49548,0.4622,0.20248,0.2001,0.4665,0.4395,0.49792,0.4588,0.2103,0.2007,0.47092,0.4425,0.4991,0.4599,0.30162,0.2943,0.48598,0.4533,0.53924,0.4642,0.63184,0.4433
8,True,True,0.7369800209999084,0.43720000982284546,0.39654,0.3863,0.4948,0.468,0.30026,0.2948,0.45332,0.4269,0.49268,0.4634,0.19614,0.188,0.46148,0.431,0.49446,0.4623,0.30326,0.296,0.47544,0.442,0.50058,0.4574,0.1801,0.1773,0.47754,0.4431,0.50114,0.4602,0.12194,0.1238,0.48004,0.4434,0.50474,0.4629,0.26338,0.254,0.48796,0.4473,0.50952,0.4591,0.26488,0.2533,0.49626,0.4487,0.55004,0.4645,0.64082,0.4459
8,True,True,0.754040002822876,0.4471000134944916,0.4081,0.3969,0.50224,0.4764,0.23646,0.2416,0.44506,0.4259,0.505,0.4734,0.19396,0.1883,0.45838,0.4369,0.5077,0.4756,0.25618,0.2415,0.47494,0.4433,0.51292,0.4751,0.1374,0.1389,0.47954,0.4431,0.51406,0.4769,0.19732,0.1883,0.48472,0.4469,0.51656,0.4746,0.23336,0.2295,0.48888,0.4482,0.51812,0.4785,0.20482,0.1989,0.49272,0.4509,0.55196,0.4779,0.65352,0.4585
8,True,True,0.7168800234794617,0.4262999892234802,0.39594,0.3785,0.48956,0.464,0.21714,0.2096,0.42976,0.4073,0.48856,0.4563,0.155,0.1579,0.43386,0.4095,0.49314,0.4602,0.21086,0.2079,0.446,0.4237,0.49356,0.4581,0.24094,0.2338,0.45574,0.4276,0.49458,0.4556,0.20382,0.1971,0.46066,0.4275,0.49712,0.457,0.3486,0.3361,0.4834,0.4444,0.5053,0.4584,0.14404,0.1431,0.48508,0.4411,0.53726,0.4601,0.61264,0.4374
8,True,True,0.7684800028800964,0.44359999895095825,0.40398,0.3968,0.49736,0.4681,0.1821,0.1795,0.43208,0.4153,0.50192,0.4748,0.30432,0.296,0.45556,0.428,0.50006,0.4648,0.2302,0.2257,0.46778,0.4406,0.50322,0.4627,0.2579,0.2506,0.47602,0.4434,0.50454,0.4618,0.20066,0.1944,0.47888,0.4455,0.50804,0.4619,0.31178,0.303,0.4929,0.4472,0.51378,0.4603,0.2117,0.2037,0.49722,0.4445,0.55902,0.4669,0.681,0.4453
8,True,True,0.722599983215332,0.4311999976634979,0.3938,0.3821,0.48918,0.4637,0.29224,0.2818,0.43652,0.4078,0.49086,0.4624,0.31734,0.3055,0.46192,0.4332,0.4946,0.458,0.22152,0.2232,0.47098,0.4388,0.49664,0.457,0.17266,0.1701,0.47458,0.44,0.49712,0.4594,0.20572,0.1954,0.4762,0.4402,0.50016,0.4576,0.21346,0.2106,0.47948,0.4427,0.50094,0.4626,0.25678,0.2446,0.4913,0.4435,0.5462,0.4617,0.63924,0.4469
8,True,True,0.6404600143432617,0.41850000619888306,0.38388,0.3758,0.47352,0.4497,0.21822,0.2114,0.42054,0.4069,0.48136,0.4583,0.17942,0.1781,0.4314,0.4134,0.48366,0.4554,0.2515,0.2536,0.44646,0.4266,0.48434,0.4541,0.16634,0.1649,0.44888,0.4299,0.48398,0.4501,0.20728,0.1994,0.45508,0.4315,0.48326,0.4495,0.14876,0.1476,0.46004,0.435,0.4844,0.4534,0.24044,0.2342,0.46934,0.4374,0.51152,0.4597,0.56316,0.4346
8,True,True,0.6533399820327759,0.43220001459121704,0.38714,0.3787,0.47858,0.4564,0.17746,0.1812,0.41562,0.4004,0.4836,0.4613,0.22006,0.2116,0.43212,0.4129,0.48582,0.4596,0.1851,0.1805,0.44464,0.4228,0.48758,0.4604,0.21852,0.2128,0.45378,0.4317,0.49122,0.4539,0.12122,0.1231,0.4547,0.4327,0.49074,0.4544,0.27718,0.2739,0.46368,0.4378,0.49254,0.455,0.24558,0.2427,0.47064,0.4404,0.51396,0.4602,0.56954,0.4383
8,True,True,0.713100016117096,0.436599999666214,0.38882,0.3795,0.48632,0.4586,0.27612,0.2737,0.4321,0.407,0.48584,0.4528,0.22438,0.2146,0.44474,0.4134,0.48884,0.4556,0.3326,0.3179,0.47102,0.4375,0.49284,0.4548,0.17156,0.1698,0.47566,0.4413,0.49578,0.4556,0.24632,0.242,0.4787,0.4427,0.50062,0.4593,0.15598,0.1537,0.48064,0.4414,0.5011,0.4536,0.22792,0.2237,0.4875,0.4454,0.53918,0.4638,0.6292,0.4432
8,True,True,0.7483800053596497,0.4325000047683716,0.40106,0.3863,0.50008,0.4709,0.19722,0.1944,0.4325,0.407,0.50106,0.4677,0.29828,0.289,0.45746,0.4293,0.49936,0.463,0.27084,0.2607,0.47364,0.4406,0.5009,0.4627,0.32682,0.3169,0.48854,0.4439,0.51,0.4616,0.25456,0.2398,0.4954,0.444,0.51504,0.4577,0.22778,0.2139,0.5012,0.4457,0.51896,0.456,0.24004,0.2301,0.50338,0.4456,0.56186,0.4645,0.64062,0.4415
8,True,True,0.7063000202178955,0.4368000030517578,0.39794,0.3903,0.48984,0.4574,0.23392,0.2279,0.43032,0.4036,0.49154,0.4552,0.2643,0.2635,0.45888,0.4279,0.49238,0.4531,0.21544,0.2164,0.46968,0.4369,0.49828,0.4567,0.23972,0.233,0.47898,0.4442,0.50562,0.4585,0.18108,0.1781,0.48238,0.4435,0.50534,0.4578,0.2223,0.2144,0.48636,0.4439,0.51164,0.4548,0.24116,0.228,0.49248,0.4435,0.54962,0.4595,0.62546,0.4379
8,True,True,0.7158799767494202,0.4359999895095825,0.3973,0.384,0.48838,0.4597,0.29812,0.2979,0.44254,0.4205,0.48996,0.4604,0.23256,0.2261,0.45764,0.427,0.49474,0.4551,0.31012,0.2988,0.47276,0.4337,0.49716,0.452,0.1606,0.1571,0.47434,0.4369,0.50014,0.4609,0.15726,0.1528,0.47848,0.4371,0.5007,0.4619,0.2632,0.2523,0.48328,0.4413,0.50424,0.4589,0.17492,0.1688,0.48588,0.4438,0.54118,0.4574,0.63636,0.4505
8,True,True,0.7593200206756592,0.43220001459121704,0.39472,0.3833,0.49284,0.4667,0.19366,0.1866,0.42316,0.4049,0.49342,0.469,0.20364,0.1993,0.43754,0.4221,0.49516,0.4641,0.26058,0.2628,0.45644,0.4314,0.4966,0.462,0.28156,0.2749,0.47058,0.4415,0.49874,0.4626,0.15456,0.1545,0.47324,0.4418,0.49908,0.4638,0.34376,0.3284,0.4882,0.4405,0.50544,0.4584,0.1774,0.1718,0.49008,0.4446,0.54716,0.4639,0.6592,0.4402
8,False,True,0.3953000009059906,0.3675000071525574,0.3213,0.3123,0.27014,0.2624,0.18068,0.1873,0.36168,0.3486,0.36318,0.3482,0.1,0.1,0.3614,0.3487,0.11618,0.1137,0.10488,0.1046,0.3619,0.3494,0.134,0.1314,0.1168,0.1166,0.36,0.3475,0.21394,0.1977,0.1,0.1,0.36006,0.3475,0.20906,0.2065,0.15066,0.151,0.35906,0.3428,0.21054,0.208,0.14348,0.1379,0.36266,0.3467,0.39288,0.3699,0.40022,0.3727
8,False,True,0.7584599852561951,0.4133000075817108,0.38202,0.3739,0.13198,0.1313,0.11444,0.1097,0.39566,0.3851,0.41206,0.4028,0.28268,0.271,0.43106,0.4124,0.30726,0.2942,0.19286,0.1932,0.4335,0.4118,0.31904,0.3117,0.23066,0.2179,0.43348,0.4167,0.34786,0.3393,0.24228,0.2365,0.43624,0.4191,0.3586,0.345,0.1968,0.1863,0.43836,0.421,0.34684,0.3458,0.24822,0.2365,0.44048,0.418,0.50002,0.4512,0.6303,0.4302
8,False,True,0.5273799896240234,0.40389999747276306,0.31976,0.3139,0.35544,0.3467,0.10462,0.1031,0.37238,0.3632,0.38954,0.3804,0.1004,0.1004,0.37248,0.3632,0.30926,0.3021,0.17646,0.1758,0.38098,0.3755,0.36972,0.3634,0.1,0.1,0.38102,0.3755,0.40736,0.397,0.1,0.1,0.38096,0.3756,0.24972,0.2474,0.10818,0.1085,0.3815,0.3753,0.27618,0.2771,0.23454,0.2283,0.39718,0.3812,0.44748,0.4273,0.48954,0.4147
8,False,True,0.7632200121879578,0.40209999680519104,0.38526,0.3743,0.35256,0.3435,0.2651,0.252,0.41352,0.3931,0.28102,0.2775,0.15438,0.1519,0.41882,0.397,0.1491,0.1453,0.10192,0.1009,0.4208,0.4007,0.35128,0.3433,0.25548,0.2384,0.43228,0.4114,0.39084,0.3736,0.29396,0.2779,0.43966,0.408,0.3308,0.3168,0.20808,0.1961,0.4423,0.412,0.31808,0.3084,0.26838,0.2621,0.4445,0.4147,0.5032,0.4487,0.64192,0.4289
8,False,True,0.6223599910736084,0.38350000977516174,0.35678,0.3486,0.3309,0.3284,0.19896,0.1927,0.38256,0.3715,0.19786,0.1881,0.11246,0.11,0.38434,0.3745,0.34276,0.3356,0.30666,0.2937,0.402,0.384,0.22758,0.2197,0.14554,0.1407,0.40292,0.3828,0.2703,0.2678,0.1144,0.1097,0.40428,0.3849,0.29688,0.2873,0.1305,0.1254,0.40606,0.3885,0.34112,0.3392,0.20884,0.1974,0.4077,0.392,0.4543,0.4202,0.52194,0.4
8,False,True,0.6327000260353088,0.39410001039505005,0.35276,0.3474,0.24932,0.2419,0.10554,0.1054,0.37738,0.3661,0.3361,0.3295,0.22702,0.2208,0.39776,0.3851,0.22762,0.2231,0.1685,0.1622,0.39978,0.3882,0.31562,0.3131,0.1349,0.1299,0.40254,0.3878,0.20026,0.1916,0.12578,0.1246,0.40458,0.3903,0.36512,0.3576,0.25032,0.2463,0.41604,0.3958,0.30702,0.3008,0.20586,0.1902,0.4187,0.3947,0.46364,0.4223,0.55796,0.4088
8,False,True,0.38679999113082886,0.35850000381469727,0.2702,0.2646,0.35584,0.3385,0.10344,0.102,0.34036,0.3225,0.34314,0.3319,0.10002,0.1,0.34042,0.3224,0.33828,0.3205,0.1,0.1,0.34042,0.3224,0.12202,0.1204,0.1799,0.1746,0.33614,0.3171,0.28846,0.2823,0.12112,0.1214,0.33922,0.3204,0.15644,0.1556,0.21918,0.2081,0.3462,0.3297,0.23986,0.231,0.21408,0.2048,0.3435,0.3295,0.38426,0.3582,0.393,0.364
8,False,True,0.6786199808120728,0.38580000400543213,0.35596,0.3486,0.2491,0.2456,0.1888,0.1882,0.39712,0.3836,0.2481,0.243,0.1269,0.1231,0.404,0.3833,0.32242,0.3187,0.21358,0.2095,0.40796,0.3893,0.24426,0.2324,0.20912,0.1992,0.41536,0.3961,0.24784,0.2442,0.17942,0.1841,0.41604,0.3972,0.24896,0.2442,0.11988,0.1155,0.41706,0.396,0.34808,0.3374,0.34576,0.3338,0.42568,0.3986,0.47534,0.4388,0.5816,0.4158
8,False,True,0.6620000004768372,0.3935000002384186,0.34978,0.3476,0.2875,0.2813,0.20702,0.2055,0.39718,0.3854,0.26166,0.2508,0.14704,0.1406,0.40456,0.3933,0.2697,0.2619,0.12582,0.1195,0.40614,0.3934,0.3569,0.3615,0.30888,0.2992,0.41924,0.406,0.25688,0.253,0.13482,0.132,0.4213,0.4072,0.29838,0.2903,0.20596,0.1954,0.4235,0.4093,0.31824,0.3099,0.25612,0.2509,0.4266,0.4148,0.4777,0.4408,0.56006,0.4192
8,False,True,0.7771000266075134,0.3968000113964081,0.3699,0.3637,0.23452,0.236,0.15076,0.1465,0.3891,0.3804,0.39996,0.3883,0.3609,0.3499,0.42446,0.4025,0.40038,0.3865,0.30162,0.2938,0.43558,0.4128,0.22914,0.2276,0.14964,0.14,0.4379,0.412,0.1865,0.1801,0.12832,0.1278,0.43746,0.4128,0.30052,0.2972,0.18752,0.1849,0.43896,0.4139,0.2501,0.2431,0.14106,0.1275,0.44044,0.4141,0.49724,0.4485,0.63368,0.4227
8,False,True,0.5244799852371216,0.3937000036239624,0.32212,0.314,0.26056,0.2536,0.14302,0.1394,0.36732,0.3568,0.32584,0.3138,0.23526,0.2265,0.3804,0.3636,0.28878,0.2841,0.17984,0.176,0.38816,0.3697,0.2304,0.2246,0.17514,0.1709,0.39578,0.3747,0.33736,0.3284,0.10052,0.1004,0.39588,0.3764,0.27916,0.2735,0.21904,0.2195,0.40528,0.3852,0.40848,0.3986,0.1,0.1,0.40508,0.385,0.44204,0.4133,0.48862,0.4063
8,False,True,0.5057600140571594,0.39329999685287476,0.33852,0.3333,0.24418,0.2461,0.21772,0.2148,0.3796,0.3694,0.37848,0.3669,0.10018,0.1001,0.38198,0.3693,0.30048,0.2949,0.1108,0.1085,0.38688,0.3708,0.38016,0.3635,0.1,0.1,0.387,0.3711,0.20818,0.2016,0.1727,0.1668,0.39794,0.3786,0.30162,0.2973,0.1703,0.1671,0.40438,0.3839,0.20974,0.2049,0.20836,0.1998,0.4053,0.3815,0.44304,0.4167,0.47398,0.4046
8,False,True,0.6283599734306335,0.36239999532699585,0.33306,0.329,0.35382,0.3383,0.2689,0.2577,0.39498,0.3771,0.33834,0.3257,0.25426,0.2512,0.40114,0.3826,0.12724,0.1235,0.1046,0.1031,0.4036,0.3869,0.29212,0.281,0.24234,0.2341,0.40526,0.3899,0.27196,0.2672,0.14566,0.1432,0.40856,0.393,0.2735,0.2658,0.2044,0.1957,0.40992,0.3935,0.382,0.3699,0.1,0.1,0.40992,0.3935,0.45388,0.4201,0.5137,0.4005
8,False,True,0.5017399787902832,0.3887999951839447,0.30908,0.3011,0.27582,0.2752,0.20272,0.1959,0.37418,0.3636,0.15006,0.1502,0.13624,0.1341,0.38078,0.3644,0.35106,0.3453,0.1,0.1,0.38174,0.3648,0.26968,0.263,0.13224,0.1311,0.3838,0.3673,0.40116,0.3904,0.1,0.1,0.3838,0.3673,0.27168,0.2665,0.2512,0.2497,0.395,0.3764,0.2871,0.2808,0.20258,0.1991,0.3989,0.3773,0.43676,0.4148,0.46374,0.407
8,False,True,0.3063200116157532,0.2924000024795532,0.17432,0.1686,0.13216,0.1305,0.10002,0.1,0.28214,0.2767,0.23442,0.2289,0.12802,0.1273,0.28798,0.2818,0.11612,0.1154,0.10002,0.1,0.2885,0.28,0.13812,0.1324,0.16794,0.1652,0.29376,0.2822,0.12356,0.1236,0.10002,0.1,0.29406,0.2811,0.10062,0.1004,0.1001,0.1,0.29404,0.2811,0.21896,0.2114,0.13872,0.1364,0.29404,0.282,0.31004,0.2969,0.31198,0.2964
8,False,True,0.4385800063610077,0.38199999928474426,0.31012,0.3026,0.26052,0.2476,0.22866,0.2218,0.33952,0.3222,0.30694,0.2912,0.13192,0.1281,0.37048,0.3563,0.2071,0.1933,0.1739,0.1712,0.37012,0.3572,0.32028,0.3138,0.10252,0.1022,0.3704,0.3574,0.1897,0.1908,0.1811,0.1757,0.36978,0.354,0.20286,0.2011,0.24724,0.245,0.37812,0.3591,0.34074,0.3288,0.1,0.1,0.37802,0.3593,0.41188,0.3934,0.4334,0.3899
8,False,True,0.6027200222015381,0.39169999957084656,0.33812,0.3336,0.20234,0.2002,0.11814,0.116,0.38066,0.3693,0.16282,0.1596,0.13242,0.1284,0.38422,0.3716,0.36252,0.3534,0.13338,0.1274,0.3888,0.375,0.33192,0.3254,0.26196,0.2562,0.39854,0.3831,0.33108,0.3195,0.21806,0.2119,0.41052,0.3938,0.20868,0.2023,0.14266,0.138,0.41186,0.3915,0.33318,0.3186,0.13118,0.1242,0.41296,0.3917,0.46488,0.4343,0.53068,0.4125
8,False,True,0.6914399862289429,0.38269999623298645,0.35026,0.3413,0.36486,0.3559,0.31324,0.3093,0.39768,0.381,0.16234,0.1582,0.13164,0.1262,0.41022,0.3922,0.26846,0.2568,0.18634,0.1792,0.41508,0.3947,0.28832,0.2773,0.19792,0.1904,0.42198,0.3966,0.3626,0.3536,0.29714,0.2859,0.42534,0.4004,0.29206,0.2926,0.16256,0.1536,0.42724,0.4002,0.31616,0.3107,0.24424,0.2421,0.42914,0.4014,0.47476,0.429,0.58648,0.4082
8,False,True,0.44925999641418457,0.3677999973297119,0.31528,0.3069,0.37524,0.3556,0.1003,0.1005,0.35714,0.3471,0.37288,0.3562,0.1,0.1,0.35712,0.3471,0.23786,0.2293,0.21578,0.2031,0.3679,0.3534,0.29774,0.2852,0.27382,0.2688,0.37394,0.3542,0.19188,0.1859,0.1547,0.1513,0.3761,0.3552,0.12256,0.1216,0.11842,0.1119,0.37876,0.3568,0.1841,0.179,0.1421,0.1344,0.3857,0.3651,0.42084,0.3948,0.43912,0.3866
8,False,True,0.6103600263595581,0.3831999897956848,0.35684,0.3498,0.39478,0.3848,0.1,0.1,0.38142,0.3759,0.30106,0.2966,0.1001,0.1,0.38142,0.3757,0.31504,0.3066,0.2019,0.1984,0.39284,0.3813,0.35124,0.3456,0.22172,0.2126,0.39168,0.3781,0.26432,0.2597,0.23526,0.2241,0.40438,0.3867,0.33162,0.3282,0.208,0.1987,0.41322,0.3908,0.31806,0.3098,0.21056,0.2043,0.4168,0.3916,0.46044,0.4235,0.5099,0.4079
8,False,True,0.5370000004768372,0.3799000084400177,0.31226,0.304,0.30104,0.2902,0.14326,0.1397,0.36408,0.3502,0.30736,0.2998,0.21114,0.2029,0.37506,0.3585,0.26178,0.2586,0.14966,0.1503,0.37984,0.3621,0.25846,0.2565,0.13438,0.1294,0.3838,0.3642,0.18158,0.1815,0.18094,0.1743,0.38618,0.3647,0.25678,0.2505,0.14152,0.1374,0.3857,0.3707,0.34436,0.3376,0.33936,0.3285,0.40442,0.381,0.4406,0.4053,0.50058,0.3934
8,False,True,0.48555999994277954,0.37709999084472656,0.32956,0.313,0.3503,0.338,0.1014,0.1008,0.36082,0.3505,0.36584,0.3551,0.12946,0.1274,0.36524,0.3499,0.39816,0.3835,0.1,0.1,0.36528,0.3499,0.37242,0.3636,0.1,0.1,0.36528,0.3499,0.26318,0.2537,0.12672,0.1217,0.37002,0.3542,0.27568,0.2661,0.21824,0.2123,0.36808,0.3538,0.16446,0.1616,0.1224,0.1239,0.36914,0.3538,0.4269,0.404,0.4624,0.3931
8,False,True,0.79721999168396,0.40610000491142273,0.3804,0.3677,0.3985,0.3896,0.31062,0.3012,0.41836,0.393,0.40236,0.3912,0.33572,0.3295,0.43012,0.4,0.16512,0.1584,0.11066,0.1097,0.4319,0.4077,0.18208,0.1812,0.10808,0.1069,0.43292,0.407,0.30894,0.2958,0.16974,0.1629,0.43424,0.4077,0.27236,0.2636,0.12544,0.1207,0.43444,0.41,0.3795,0.3628,0.35592,0.3442,0.4455,0.413,0.51074,0.4456,0.65,0.431
8,False,True,0.5371000170707703,0.3788999915122986,0.3438,0.3345,0.25528,0.2561,0.21298,0.2124,0.36936,0.3597,0.29928,0.2945,0.11096,0.1101,0.37234,0.3651,0.2864,0.2839,0.17458,0.1726,0.38688,0.3688,0.32838,0.3289,0.15482,0.1546,0.39064,0.3734,0.11088,0.1104,0.10028,0.1,0.39464,0.3763,0.2062,0.2015,0.10302,0.1024,0.39806,0.3794,0.34004,0.3357,0.28346,0.2719,0.4008,0.3757,0.43838,0.4103,0.4861,0.394
8,False,True,0.4666999876499176,0.3896999955177307,0.31808,0.3149,0.3109,0.2994,0.19442,0.1914,0.36514,0.3494,0.26182,0.2561,0.10432,0.1025,0.37566,0.3589,0.28684,0.2822,0.17154,0.1637,0.38132,0.3629,0.28502,0.2774,0.16092,0.1584,0.38382,0.3629,0.24766,0.2421,0.21824,0.2021,0.39002,0.3691,0.23368,0.2339,0.16508,0.1616,0.39592,0.3724,0.37404,0.3584,0.1,0.1,0.39594,0.3722,0.42734,0.3982,0.4517,0.3958
7,True,True,0.7611799836158752,0.4374000132083893,0.39884,0.3907,0.4938,0.4681,0.204,0.1982,0.43114,0.4144,0.50222,0.4701,0.30876,0.2994,0.46312,0.4302,0.50038,0.4641,0.26308,0.2526,0.47212,0.4367,0.50314,0.4627,0.23184,0.2258,0.4783,0.4448,0.50522,0.4587,0.24142,0.2333,0.48464,0.4444,0.50876,0.4607,0.29832,0.288,0.49782,0.4464,0.55398,0.4682,0.64922,0.4498
7,True,True,0.7930799722671509,0.4456999897956848,0.40706,0.3981,0.5008,0.4741,0.28166,0.2803,0.4505,0.4229,0.50356,0.4733,0.16338,0.1595,0.4587,0.429,0.5061,0.4687,0.2453,0.2392,0.47546,0.4447,0.50992,0.4718,0.32598,0.3078,0.4947,0.4539,0.51884,0.4693,0.2247,0.2168,0.50106,0.455,0.52168,0.4705,0.22514,0.2186,0.5072,0.4536,0.57076,0.4686,0.69112,0.4574
7,True,True,0.7615799903869629,0.4422999918460846,0.4021,0.3911,0.49578,0.4736,0.2818,0.2704,0.45396,0.4297,0.49646,0.4666,0.34404,0.3347,0.47632,0.4436,0.50316,0.467,0.21424,0.2097,0.4812,0.4494,0.50564,0.4661,0.21668,0.2119,0.48962,0.4564,0.5091,0.467,0.1828,0.1812,0.49204,0.4553,0.51126,0.4648,0.2331,0.2232,0.49418,0.4555,0.55418,0.4723,0.66178,0.4482
7,True,True,0.79721999168396,0.44510000944137573,0.41324,0.3938,0.5025,0.4769,0.3478,0.3348,0.46064,0.4303,0.501,0.4654,0.21612,0.209,0.47026,0.4367,0.5083,0.4653,0.35558,0.3407,0.4867,0.4419,0.51048,0.4618,0.14432,0.1391,0.48944,0.4437,0.51106,0.4609,0.23314,0.2305,0.49614,0.4471,0.51756,0.4648,0.15092,0.1414,0.50114,0.4496,0.57328,0.4743,0.68944,0.4418
7,True,True,0.8029800057411194,0.44699999690055847,0.41204,0.4025,0.50252,0.4742,0.32072,0.3117,0.46592,0.4405,0.50314,0.4661,0.37164,0.3531,0.48946,0.4552,0.51194,0.4698,0.26922,0.2626,0.50226,0.4549,0.51958,0.4698,0.30178,0.2824,0.51504,0.4566,0.52806,0.466,0.17764,0.1702,0.5173,0.458,0.53288,0.4688,0.20796,0.1969,0.52322,0.4604,0.59068,0.4754,0.68968,0.4513
7,True,True,0.7121800184249878,0.43160000443458557,0.3922,0.3839,0.49136,0.4667,0.33558,0.33,0.45616,0.4252,0.48994,0.4541,0.16444,0.163,0.46308,0.4316,0.4908,0.4575,0.27642,0.2654,0.47712,0.4393,0.50006,0.4551,0.26444,0.2589,0.482,0.4406,0.50408,0.4568,0.21842,0.2086,0.48852,0.4433,0.50708,0.4561,0.19878,0.1937,0.49428,0.4486,0.54428,0.4654,0.63472,0.4414
7,True,True,0.791159987449646,0.44589999318122864,0.40526,0.387,0.50394,0.4717,0.29106,0.2796,0.4498,0.42,0.5003,0.4669,0.32234,0.3152,0.47498,0.44,0.50318,0.463,0.1585,0.1545,0.48034,0.4419,0.5067,0.4584,0.2305,0.2281,0.48492,0.4432,0.51136,0.465,0.23276,0.2313,0.49324,0.4536,0.51514,0.4655,0.26534,0.2553,0.5001,0.448,0.56466,0.4708,0.66928,0.4445
7,True,True,0.7559999823570251,0.43950000405311584,0.40124,0.3865,0.49642,0.4708,0.20816,0.209,0.43198,0.4157,0.50094,0.4693,0.3111,0.2973,0.45952,0.4307,0.49986,0.4614,0.24978,0.2433,0.46752,0.4355,0.5039,0.4655,0.30116,0.293,0.485,0.4465,0.50532,0.4681,0.27996,0.267,0.49492,0.4479,0.51426,0.4631,0.29506,0.2811,0.5024,0.4544,0.563,0.4676,0.66304,0.4481
7,True,True,0.8042600154876709,0.4431999921798706,0.4064,0.3956,0.50302,0.4761,0.282,0.274,0.44604,0.4215,0.50234,0.4774,0.29668,0.2893,0.46612,0.4351,0.508,0.476,0.21746,0.2136,0.47648,0.446,0.51036,0.4709,0.21244,0.2082,0.48888,0.4511,0.51692,0.4721,0.25928,0.2537,0.50078,0.4603,0.52,0.474,0.37844,0.3575,0.52436,0.4645,0.58892,0.4766,0.71112,0.4572
7,True,True,0.7516800165176392,0.42989999055862427,0.40078,0.3907,0.49238,0.4678,0.2932,0.2894,0.44464,0.4209,0.49552,0.4665,0.24922,0.2456,0.4609,0.4329,0.49676,0.4614,0.16928,0.1617,0.46628,0.4368,0.50172,0.465,0.31892,0.3165,0.48422,0.4431,0.50776,0.4575,0.3152,0.3061,0.4966,0.4506,0.5139,0.4599,0.20984,0.1938,0.5025,0.4503,0.55982,0.4619,0.66624,0.4415
7,True,True,0.7832800149917603,0.44620001316070557,0.40116,0.388,0.50014,0.4698,0.30258,0.2915,0.45442,0.4214,0.50062,0.4684,0.25912,0.2572,0.4734,0.4402,0.5055,0.4661,0.31286,0.3037,0.48828,0.4438,0.50842,0.4632,0.22448,0.2196,0.49478,0.4449,0.5156,0.463,0.24924,0.237,0.5021,0.4504,0.51974,0.4632,0.28678,0.2814,0.51222,0.4554,0.57976,0.4674,0.6972,0.4476
7,True,True,0.574679970741272,0.4253999888896942,0.3729,0.365,0.46356,0.4375,0.10142,0.1014,0.39872,0.3828,0.47952,0.4509,0.14442,0.1419,0.40288,0.3837,0.48066,0.4467,0.1499,0.1469,0.40592,0.384,0.48288,0.4472,0.13508,0.133,0.41046,0.3922,0.48134,0.4507,0.29056,0.2893,0.43866,0.4155,0.48352,0.453,0.26226,0.2573,0.45048,0.4195,0.49628,0.4485,0.5363,0.4384
7,True,True,0.7293800115585327,0.4426000118255615,0.40042,0.3916,0.49634,0.4668,0.30766,0.3031,0.45214,0.4264,0.4896,0.4543,0.24116,0.2417,0.46558,0.4341,0.49804,0.4573,0.19062,0.1892,0.46778,0.436,0.49944,0.4543,0.27412,0.2677,0.47578,0.4418,0.50224,0.4547,0.21212,0.2,0.4801,0.4421,0.50412,0.4549,0.11482,0.1149,0.48166,0.4413,0.53924,0.4604,0.6502,0.4433
7,True,True,0.7710000276565552,0.448199987411499,0.40278,0.3972,0.49942,0.4754,0.29908,0.2871,0.44764,0.4238,0.49626,0.4691,0.32582,0.3217,0.46944,0.438,0.4989,0.4652,0.2698,0.2627,0.4835,0.4452,0.51034,0.4655,0.23684,0.223,0.491,0.4468,0.51694,0.4677,0.17968,0.1735,0.49502,0.4512,0.5211,0.4666,0.2251,0.2161,0.50236,0.4554,0.5748,0.4651,0.68566,0.4544
7,True,True,0.8182399868965149,0.44929999113082886,0.39966,0.3885,0.50334,0.4758,0.25526,0.2479,0.44434,0.4218,0.50758,0.4757,0.2647,0.2593,0.46416,0.4358,0.51092,0.475,0.29294,0.282,0.48846,0.4474,0.51626,0.4696,0.23034,0.2212,0.49442,0.4537,0.52114,0.473,0.30712,0.3008,0.51242,0.4578,0.52576,0.4662,0.18798,0.1878,0.51502,0.4584,0.5807,0.4776,0.69252,0.4569
7,True,True,0.6739799976348877,0.42179998755455017,0.38092,0.3655,0.48034,0.4571,0.25048,0.2407,0.42568,0.4054,0.48578,0.4573,0.21742,0.2171,0.44398,0.4248,0.48764,0.4614,0.21704,0.2147,0.45516,0.4289,0.48962,0.4572,0.16616,0.1665,0.46074,0.4304,0.49052,0.4578,0.32164,0.3139,0.47444,0.4355,0.49758,0.4543,0.1681,0.162,0.47744,0.4428,0.52374,0.4547,0.59666,0.432
7,True,True,0.7948200106620789,0.4429999887943268,0.40614,0.3975,0.49972,0.473,0.24316,0.2383,0.44436,0.4185,0.50202,0.4731,0.2428,0.2345,0.46088,0.4322,0.5059,0.4757,0.24914,0.2487,0.47922,0.4429,0.50882,0.4722,0.19292,0.1867,0.4836,0.4477,0.51134,0.4733,0.2252,0.2192,0.49232,0.4471,0.51524,0.4716,0.33926,0.321,0.50112,0.4504,0.56242,0.474,0.67126,0.4551
7,True,True,0.7968000173568726,0.45899999141693115,0.41576,0.4058,0.50108,0.4752,0.3059,0.2912,0.45748,0.429,0.50118,0.4677,0.30906,0.3029,0.48032,0.4436,0.50972,0.4697,0.19318,0.1958,0.48508,0.45,0.51386,0.4704,0.20814,0.2039,0.49074,0.4523,0.5135,0.4697,0.21066,0.2001,0.50384,0.4562,0.52216,0.4694,0.2187,0.2153,0.50868,0.457,0.57304,0.4736,0.69508,0.4591
7,True,True,0.797540009021759,0.44780001044273376,0.40778,0.4021,0.50706,0.4779,0.34864,0.3385,0.47764,0.4465,0.51026,0.4699,0.27656,0.2691,0.49004,0.4451,0.51724,0.4707,0.2499,0.2399,0.50176,0.4543,0.52368,0.4708,0.20238,0.1962,0.50714,0.4562,0.52506,0.4702,0.30326,0.2966,0.51878,0.4574,0.53084,0.4696,0.22868,0.212,0.52568,0.4568,0.58998,0.477,0.69696,0.4528
7,True,True,0.7262200117111206,0.4375,0.3911,0.3822,0.49262,0.4658,0.3239,0.317,0.44828,0.4256,0.48884,0.4582,0.21062,0.2069,0.45946,0.4329,0.49518,0.4569,0.2159,0.2128,0.46646,0.4379,0.4991,0.4577,0.2277,0.2247,0.47418,0.4427,0.50008,0.4566,0.2586,0.2492,0.48736,0.4469,0.5068,0.4613,0.28278,0.2756,0.49388,0.448,0.5498,0.4623,0.65576,0.4433
7,True,True,0.6682999730110168,0.415800005197525,0.38274,0.3766,0.4758,0.4465,0.15908,0.1536,0.4063,0.3906,0.4841,0.4537,0.1381,0.1383,0.40722,0.392,0.48498,0.4546,0.36262,0.3509,0.45054,0.4301,0.48254,0.4504,0.28416,0.2761,0.46726,0.4357,0.4876,0.4481,0.27478,0.2687,0.47566,0.4384,0.4949,0.4504,0.28524,0.2788,0.4832,0.4398,0.5284,0.4531,0.6085,0.4238
7,True,True,0.7925999760627747,0.4422000050544739,0.41228,0.3981,0.50178,0.4741,0.255,0.2423,0.44808,0.4227,0.50372,0.4729,0.35228,0.3379,0.48346,0.4436,0.51246,0.4654,0.24478,0.2319,0.49222,0.4457,0.51456,0.4646,0.28772,0.2784,0.50214,0.4505,0.5215,0.4627,0.19038,0.1831,0.50538,0.4522,0.52286,0.4633,0.2616,0.2485,0.51628,0.4532,0.57768,0.4676,0.6946,0.4496
7,True,True,0.7329800128936768,0.4293000102043152,0.39878,0.3903,0.49426,0.4678,0.3856,0.374,0.46602,0.4391,0.49474,0.4564,0.25174,0.2462,0.4791,0.4464,0.5007,0.4561,0.18152,0.1759,0.48556,0.4485,0.50472,0.4611,0.2239,0.2172,0.48894,0.4524,0.5063,0.458,0.21562,0.208,0.49136,0.4501,0.51,0.4548,0.1985,0.1966,0.50022,0.4496,0.55388,0.4642,0.64012,0.4331
7,True,True,0.7700200080871582,0.4442000091075897,0.40258,0.3927,0.49974,0.4655,0.21258,0.2061,0.43474,0.4124,0.50294,0.4775,0.31968,0.3076,0.46838,0.4348,0.5062,0.4705,0.28162,0.2717,0.485,0.448,0.51154,0.4695,0.12802,0.1286,0.4872,0.446,0.51404,0.4679,0.2284,0.2328,0.49582,0.4513,0.52048,0.4689,0.2868,0.279,0.50478,0.4523,0.56538,0.4709,0.67698,0.4478
7,True,True,0.7314599752426147,0.4325000047683716,0.39664,0.38,0.49478,0.4632,0.3239,0.3076,0.4433,0.419,0.49454,0.4623,0.20076,0.1946,0.45822,0.4308,0.49884,0.461,0.29272,0.2828,0.47594,0.4411,0.50124,0.4646,0.2192,0.2197,0.47974,0.4459,0.504,0.4618,0.21888,0.2076,0.48388,0.444,0.5064,0.4587,0.27274,0.2709,0.49442,0.4498,0.55218,0.4635,0.64718,0.4429
7,False,True,0.817080020904541,0.41339999437332153,0.38276,0.3739,0.37004,0.3659,0.26868,0.2626,0.41176,0.4012,0.2898,0.2813,0.18448,0.1755,0.42068,0.4058,0.30204,0.2972,0.16726,0.1694,0.42518,0.4123,0.17856,0.1793,0.11138,0.1104,0.42706,0.4136,0.38348,0.3749,0.31314,0.2993,0.44118,0.4207,0.38006,0.3723,0.2827,0.2723,0.44434,0.4178,0.51396,0.4534,0.68204,0.4418
7,False,True,0.7274399995803833,0.38920000195503235,0.3662,0.3584,0.28972,0.2785,0.19752,0.1863,0.40442,0.3912,0.25716,0.2504,0.15606,0.1555,0.4083,0.3919,0.35446,0.3489,0.19172,0.1812,0.41864,0.3968,0.31048,0.3009,0.23462,0.2265,0.4249,0.3978,0.34276,0.3413,0.26844,0.2595,0.42708,0.3967,0.31814,0.3122,0.17994,0.1721,0.4296,0.4008,0.48554,0.4402,0.60618,0.4253
7,False,True,0.7000200152397156,0.39070001244544983,0.36712,0.354,0.3466,0.3358,0.2666,0.2542,0.39606,0.378,0.36638,0.3505,0.24736,0.2412,0.40686,0.3877,0.26998,0.2646,0.10754,0.109,0.41048,0.3923,0.18664,0.1824,0.10872,0.1062,0.41112,0.3937,0.22188,0.2097,0.10576,0.1044,0.41102,0.3914,0.37284,0.3621,0.3451,0.3262,0.42434,0.394,0.4815,0.4244,0.59322,0.407
7,False,True,0.6275799870491028,0.3758000135421753,0.34988,0.3431,0.30782,0.2983,0.15746,0.1544,0.3849,0.3737,0.24574,0.2441,0.13718,0.1358,0.38494,0.3711,0.31318,0.3025,0.22948,0.2212,0.3929,0.3735,0.294,0.2866,0.19888,0.1934,0.40176,0.3841,0.35316,0.3498,0.30452,0.2974,0.41128,0.3918,0.2316,0.2268,0.13664,0.1372,0.41208,0.3931,0.4587,0.4212,0.53796,0.3974
7,False,True,0.642799973487854,0.382099986076355,0.35718,0.3496,0.2185,0.2171,0.15144,0.1468,0.38016,0.3715,0.3278,0.3153,0.1,0.1,0.38128,0.3726,0.31644,0.3177,0.17886,0.1691,0.39108,0.3758,0.34492,0.341,0.32658,0.3193,0.40806,0.3853,0.30984,0.298,0.23536,0.2236,0.41326,0.3909,0.32884,0.3204,0.27446,0.2668,0.41594,0.3922,0.46386,0.4178,0.54216,0.4073
7,False,True,0.7003999948501587,0.38659998774528503,0.3625,0.355,0.17322,0.1651,0.10468,0.104,0.39196,0.3793,0.27108,0.2619,0.1297,0.1261,0.39756,0.3833,0.35134,0.3494,0.2443,0.2373,0.397,0.3784,0.3804,0.3684,0.29006,0.2752,0.4166,0.3866,0.35808,0.3496,0.23656,0.2273,0.42098,0.3903,0.3341,0.3278,0.28162,0.2688,0.42616,0.3949,0.4789,0.4361,0.58932,0.4099
7,False,True,0.8084400296211243,0.41499999165534973,0.38816,0.3792,0.36126,0.3531,0.2271,0.2158,0.41548,0.3931,0.34284,0.339,0.24828,0.2426,0.4268,0.3993,0.29314,0.2858,0.16324,0.1566,0.42902,0.4053,0.34216,0.3373,0.19272,0.1856,0.43356,0.4011,0.40188,0.3877,0.25404,0.242,0.4415,0.4115,0.31392,0.3097,0.2651,0.2572,0.4456,0.4137,0.51598,0.4618,0.6816,0.4429
7,False,True,0.6185399889945984,0.3813000023365021,0.35228,0.3473,0.138,0.137,0.10646,0.1047,0.37574,0.3644,0.18714,0.184,0.10908,0.1088,0.37952,0.3648,0.3186,0.3098,0.1424,0.1383,0.38738,0.3728,0.25754,0.2544,0.17464,0.17,0.39334,0.3833,0.35612,0.3464,0.31078,0.2982,0.40894,0.3839,0.19496,0.188,0.14032,0.1371,0.4098,0.3849,0.45954,0.4169,0.54172,0.3973
7,False,True,0.6640999913215637,0.3822000026702881,0.35408,0.3505,0.26728,0.2627,0.11584,0.1137,0.39044,0.3816,0.2612,0.2491,0.12108,0.1168,0.39372,0.3816,0.35514,0.3477,0.26564,0.2585,0.40568,0.3842,0.33096,0.3277,0.23802,0.2311,0.41444,0.3891,0.3128,0.3051,0.28096,0.2688,0.41662,0.3939,0.40056,0.3871,0.1,0.1,0.4167,0.394,0.46662,0.4272,0.56588,0.4072
7,False,True,0.7496799826622009,0.40149998664855957,0.37516,0.3733,0.26876,0.2651,0.15872,0.157,0.39728,0.3854,0.3259,0.3183,0.16382,0.1526,0.40344,0.3867,0.16382,0.1603,0.10158,0.1007,0.4053,0.3866,0.32944,0.3304,0.25062,0.2453,0.41402,0.3986,0.31896,0.3084,0.25742,0.2425,0.42164,0.4037,0.39158,0.379,0.37376,0.3514,0.43698,0.4117,0.49402,0.445,0.61442,0.4184
7,False,True,0.6052600145339966,0.3905999958515167,0.34782,0.3437,0.32492,0.3207,0.20764,0.1975,0.3951,0.3752,0.20948,0.1994,0.11724,0.1164,0.40106,0.3813,0.26394,0.2521,0.18684,0.1841,0.40372,0.3871,0.21522,0.2102,0.17014,0.167,0.40582,0.3823,0.25522,0.2579,0.12648,0.1222,0.40586,0.384,0.35836,0.3471,0.20374,0.1969,0.41282,0.3836,0.45848,0.4266,0.50706,0.4115
7,False,True,0.78329998254776,0.3944999873638153,0.38426,0.3763,0.39952,0.3886,0.38028,0.3692,0.417,0.3959,0.21208,0.2076,0.14538,0.147,0.42494,0.4009,0.16956,0.1681,0.1472,0.1466,0.42844,0.4039,0.23302,0.2206,0.15066,0.1394,0.42828,0.4029,0.28524,0.2795,0.16396,0.1589,0.42958,0.4053,0.37718,0.3671,0.30534,0.2915,0.43878,0.4099,0.50412,0.4439,0.65332,0.4156
7,False,True,0.6844800114631653,0.38850000500679016,0.3756,0.3695,0.23544,0.2358,0.10778,0.1049,0.39094,0.3834,0.28448,0.2772,0.13078,0.1283,0.39534,0.3811,0.26878,0.2679,0.17954,0.1735,0.40382,0.3845,0.30916,0.3083,0.21594,0.2126,0.41044,0.3914,0.3078,0.296,0.20156,0.1942,0.413,0.3938,0.3633,0.3504,0.3098,0.2951,0.4247,0.401,0.47396,0.4324,0.58152,0.4093
7,False,True,0.5885199904441833,0.3781000077724457,0.34238,0.3345,0.29148,0.2797,0.1,0.1,0.37612,0.3639,0.2683,0.2553,0.15144,0.1443,0.38804,0.373,0.24898,0.2439,0.1567,0.1499,0.38912,0.3754,0.36256,0.3517,0.33592,0.3264,0.40544,0.3822,0.29474,0.2877,0.22042,0.2135,0.41062,0.3843,0.23926,0.2374,0.1287,0.125,0.41154,0.3825,0.45776,0.4134,0.5225,0.3929
7,False,True,0.7541400194168091,0.4056999981403351,0.37414,0.3677,0.40124,0.3944,0.37336,0.3603,0.41852,0.4023,0.29808,0.288,0.22676,0.2209,0.43086,0.4126,0.19924,0.2009,0.1048,0.102,0.43428,0.4138,0.35036,0.3417,0.24036,0.2313,0.43748,0.4158,0.31868,0.3111,0.21176,0.1998,0.43942,0.4168,0.34966,0.3314,0.22878,0.2084,0.44262,0.4148,0.50282,0.4457,0.6278,0.4254
7,False,True,0.7842000126838684,0.397599995136261,0.3824,0.3748,0.36748,0.3525,0.29588,0.2832,0.41182,0.3942,0.32008,0.3078,0.1865,0.1814,0.42098,0.4024,0.14302,0.1399,0.10182,0.1002,0.4222,0.4039,0.37328,0.3622,0.29002,0.2779,0.43274,0.4093,0.29748,0.2903,0.12308,0.1172,0.43368,0.4093,0.38916,0.3745,0.32952,0.3151,0.43892,0.4135,0.49896,0.4434,0.6678,0.4145
7,False,True,0.7792999744415283,0.4083999991416931,0.38246,0.3709,0.1801,0.1728,0.1377,0.1349,0.40366,0.3864,0.38074,0.371,0.261,0.2563,0.41846,0.4018,0.3963,0.383,0.3474,0.3368,0.43322,0.4115,0.32184,0.3132,0.1482,0.1417,0.4374,0.4144,0.35962,0.3489,0.25474,0.2494,0.44098,0.4219,0.38616,0.3706,0.29952,0.2741,0.44956,0.4212,0.51454,0.4558,0.66188,0.4249
7,False,True,0.7900199890136719,0.39500001072883606,0.36162,0.3559,0.38564,0.3702,0.28144,0.266,0.39966,0.3885,0.36976,0.3663,0.33218,0.3277,0.4153,0.394,0.13652,0.135,0.11318,0.1105,0.42556,0.4037,0.35438,0.3428,0.3266,0.316,0.43604,0.4135,0.36772,0.3594,0.22908,0.2132,0.44186,0.4178,0.31658,0.3023,0.18902,0.1802,0.4438,0.4173,0.5078,0.4452,0.6333,0.418
7,False,True,0.623520016670227,0.38339999318122864,0.3544,0.3501,0.30594,0.2999,0.20144,0.1967,0.38792,0.3752,0.30862,0.3037,0.18646,0.1827,0.39928,0.3822,0.22634,0.2246,0.16038,0.1579,0.40136,0.3822,0.30824,0.3022,0.24586,0.2337,0.41292,0.3921,0.32876,0.322,0.2358,0.2322,0.41972,0.3987,0.33204,0.3184,0.25384,0.2392,0.42546,0.4005,0.4686,0.4299,0.52126,0.4163
7,False,True,0.6704000234603882,0.39100000262260437,0.37638,0.367,0.22048,0.2164,0.1409,0.1396,0.39192,0.3835,0.3077,0.2941,0.20726,0.1997,0.40068,0.388,0.37678,0.3674,0.27384,0.2602,0.41354,0.3979,0.16778,0.1628,0.1841,0.1751,0.41522,0.3991,0.32738,0.3264,0.16524,0.1602,0.41812,0.3983,0.36266,0.3573,0.22498,0.2147,0.42218,0.4044,0.47408,0.4369,0.57062,0.4127
7,False,True,0.8526999950408936,0.4269999861717224,0.39492,0.3852,0.41198,0.4027,0.36152,0.3482,0.4344,0.4098,0.23158,0.2261,0.10636,0.1038,0.44132,0.4167,0.3088,0.2976,0.15536,0.1465,0.44382,0.4213,0.39892,0.385,0.35294,0.3269,0.46058,0.4261,0.40188,0.3917,0.33738,0.3144,0.46484,0.4253,0.2172,0.2051,0.14454,0.1389,0.46598,0.4231,0.54312,0.46,0.70458,0.442
7,False,True,0.7802600264549255,0.40049999952316284,0.37194,0.3614,0.30028,0.2972,0.23614,0.2339,0.40604,0.3865,0.35124,0.3423,0.1892,0.19,0.41446,0.3883,0.33488,0.3267,0.10006,0.1,0.416,0.3932,0.3873,0.3773,0.31806,0.3055,0.42726,0.4022,0.35068,0.3358,0.25238,0.2352,0.43344,0.4098,0.31144,0.3009,0.25694,0.2442,0.4395,0.4155,0.50086,0.4481,0.64352,0.423
7,False,True,0.657800018787384,0.3874000012874603,0.36042,0.3541,0.31422,0.3109,0.27184,0.2653,0.40692,0.3871,0.26438,0.2536,0.11126,0.1086,0.40912,0.3878,0.35106,0.3436,0.28882,0.2786,0.41712,0.397,0.3012,0.2973,0.19692,0.187,0.41922,0.4,0.26862,0.2696,0.16348,0.1547,0.42188,0.4009,0.2146,0.2123,0.1148,0.1093,0.42402,0.4028,0.47,0.4316,0.55238,0.4089
7,False,True,0.7928599715232849,0.40540000796318054,0.37836,0.3725,0.3369,0.3333,0.29728,0.2896,0.4123,0.3935,0.24422,0.2363,0.1882,0.1809,0.4183,0.3982,0.2742,0.2648,0.18644,0.1802,0.4254,0.4047,0.1624,0.1578,0.11524,0.1125,0.42608,0.4041,0.39268,0.3837,0.35364,0.3423,0.44086,0.4114,0.398,0.3934,0.33648,0.3186,0.44676,0.4156,0.51114,0.4524,0.66056,0.4319
7,False,True,0.7642800211906433,0.40119999647140503,0.37848,0.3678,0.11566,0.1143,0.12626,0.1246,0.39004,0.382,0.29938,0.2937,0.20782,0.2011,0.40636,0.3877,0.32564,0.3113,0.18208,0.1714,0.41504,0.3928,0.26364,0.2572,0.18062,0.1748,0.41954,0.3958,0.37958,0.3739,0.31976,0.3088,0.42862,0.3986,0.38582,0.3716,0.2936,0.2794,0.43336,0.4057,0.49794,0.4456,0.62978,0.4168
6,True,True,0.8044999837875366,0.44909998774528503,0.41444,0.4016,0.50774,0.4795,0.30122,0.2973,0.46638,0.4355,0.5096,0.4729,0.28822,0.276,0.48756,0.443,0.5155,0.4703,0.26624,0.2642,0.4971,0.4494,0.52058,0.4744,0.26428,0.2584,0.50374,0.4549,0.52294,0.4695,0.22048,0.2127,0.50846,0.4573,0.5675,0.4851,0.68682,0.4575
6,True,True,0.7529600262641907,0.4388999938964844,0.3986,0.3887,0.49718,0.4726,0.32332,0.3142,0.4479,0.4248,0.49632,0.4665,0.26964,0.2674,0.46928,0.4416,0.50412,0.4644,0.33488,0.3169,0.48892,0.4455,0.51054,0.4663,0.2395,0.2345,0.49726,0.451,0.51556,0.4623,0.19302,0.1903,0.50172,0.4506,0.56426,0.4666,0.66028,0.4488
6,True,True,0.847760021686554,0.44350001215934753,0.42674,0.4174,0.51018,0.4786,0.26238,0.2625,0.46584,0.4291,0.51328,0.4693,0.30582,0.2944,0.4835,0.4462,0.5143,0.4734,0.3148,0.3075,0.4998,0.4542,0.52318,0.4698,0.28656,0.2699,0.51206,0.4554,0.52986,0.472,0.3283,0.3044,0.52234,0.4595,0.58552,0.4725,0.72256,0.4612
6,True,True,0.7675999999046326,0.4350000023841858,0.39852,0.392,0.50136,0.4726,0.28054,0.2821,0.44342,0.4234,0.49888,0.4749,0.20898,0.2063,0.4553,0.4282,0.502,0.4668,0.32374,0.3183,0.47778,0.4478,0.50784,0.4697,0.34248,0.3223,0.49336,0.4521,0.51694,0.471,0.20678,0.1955,0.49888,0.4555,0.56174,0.4665,0.65352,0.4422
6,True,True,0.8167399764060974,0.447299987077713,0.40742,0.3992,0.50048,0.4743,0.3668,0.3556,0.4657,0.4358,0.50074,0.4641,0.19348,0.1845,0.47694,0.4436,0.50874,0.4659,0.27594,0.2727,0.48852,0.4496,0.5114,0.4629,0.25438,0.2526,0.49848,0.4523,0.51952,0.4677,0.30432,0.2909,0.51124,0.454,0.58148,0.4693,0.7189,0.454
6,True,True,0.7953400015830994,0.45010000467300415,0.41278,0.4037,0.5062,0.4771,0.2776,0.2762,0.45006,0.4268,0.50688,0.4736,0.23388,0.2326,0.46626,0.4347,0.51268,0.4774,0.24738,0.2445,0.48428,0.4453,0.51658,0.476,0.26936,0.2619,0.49286,0.4479,0.51774,0.4718,0.28734,0.2765,0.505,0.4514,0.57238,0.4751,0.70316,0.4583
6,True,True,0.7030400037765503,0.42719998955726624,0.38804,0.3763,0.48698,0.4557,0.19998,0.1967,0.4189,0.4007,0.48612,0.4614,0.19808,0.1912,0.4383,0.4139,0.48886,0.4566,0.30986,0.3123,0.46878,0.4368,0.49566,0.4591,0.36178,0.3509,0.48318,0.442,0.50426,0.4541,0.2928,0.2806,0.49058,0.4449,0.53976,0.4601,0.62812,0.4335
6,True,True,0.7948399782180786,0.4404999911785126,0.39358,0.3872,0.49942,0.4701,0.24044,0.2309,0.44208,0.409,0.50374,0.4686,0.2881,0.2765,0.45976,0.4258,0.50096,0.4658,0.29692,0.2991,0.47668,0.4397,0.50808,0.4657,0.21614,0.2142,0.48378,0.4443,0.50768,0.4626,0.29118,0.2881,0.49064,0.4495,0.55516,0.4657,0.68758,0.4434
6,True,True,0.7910799980163574,0.44179999828338623,0.40766,0.395,0.50566,0.4739,0.25658,0.2522,0.44014,0.4158,0.50748,0.4717,0.29486,0.2897,0.4693,0.4412,0.51272,0.471,0.35154,0.3374,0.48796,0.449,0.51846,0.4645,0.27006,0.2647,0.49872,0.4526,0.52192,0.4637,0.2342,0.2246,0.50666,0.4521,0.57042,0.4704,0.67398,0.4421
6,True,True,0.7683600187301636,0.44440001249313354,0.40422,0.3905,0.504,0.4735,0.26004,0.2568,0.45414,0.4264,0.50738,0.4727,0.31628,0.304,0.4788,0.4421,0.50906,0.4678,0.24818,0.2445,0.4884,0.4477,0.51614,0.467,0.2612,0.2532,0.50264,0.4532,0.52428,0.4639,0.30324,0.2938,0.51682,0.4607,0.58286,0.4767,0.68622,0.4557
6,True,True,0.7703199982643127,0.4339999854564667,0.39904,0.383,0.49886,0.4684,0.28804,0.2798,0.4558,0.4286,0.50156,0.4717,0.2759,0.2727,0.4762,0.4445,0.5053,0.4642,0.3393,0.3257,0.4951,0.4511,0.51314,0.4648,0.23504,0.2276,0.5014,0.4514,0.51882,0.4628,0.2914,0.2792,0.50814,0.4561,0.57064,0.4709,0.68528,0.4442
6,True,True,0.8005599975585938,0.44859999418258667,0.41516,0.4048,0.50794,0.4758,0.30212,0.2855,0.46906,0.4322,0.508,0.4699,0.33054,0.3159,0.48458,0.4444,0.5139,0.4755,0.26152,0.2541,0.49338,0.4531,0.51792,0.4697,0.21172,0.2122,0.49926,0.4557,0.52102,0.4703,0.20712,0.2004,0.5062,0.46,0.56668,0.4769,0.66998,0.4553
6,True,True,0.800279974937439,0.4569999873638153,0.41302,0.4063,0.50676,0.4866,0.3313,0.3236,0.46802,0.4437,0.51046,0.4768,0.25408,0.2498,0.48386,0.4511,0.5146,0.4734,0.18322,0.1786,0.48976,0.4524,0.52152,0.4762,0.3373,0.3261,0.50588,0.463,0.525,0.477,0.28118,0.2705,0.51348,0.4677,0.57664,0.4831,0.7032,0.465
6,True,True,0.7949000000953674,0.45719999074935913,0.40976,0.4002,0.50606,0.4751,0.30426,0.2981,0.45044,0.4216,0.50694,0.4764,0.30686,0.2975,0.48138,0.4426,0.51496,0.4735,0.29734,0.2819,0.49448,0.4513,0.5177,0.4608,0.18096,0.1745,0.49774,0.4504,0.52402,0.4717,0.2939,0.2884,0.51082,0.4585,0.57926,0.4756,0.71058,0.4618
6,True,True,0.7207800149917603,0.4287000000476837,0.39378,0.3807,0.49024,0.4582,0.31498,0.3072,0.44522,0.4151,0.48792,0.45,0.24366,0.24,0.45584,0.4249,0.49522,0.4539,0.26206,0.2513,0.46966,0.4362,0.49616,0.453,0.2079,0.2073,0.4767,0.4376,0.50266,0.4539,0.27088,0.2603,0.48648,0.4404,0.5415,0.4535,0.64444,0.4358
6,True,True,0.7837200164794922,0.4560000002384186,0.41206,0.404,0.50454,0.478,0.30482,0.2936,0.4521,0.4236,0.50696,0.4723,0.24974,0.2489,0.47082,0.4322,0.51208,0.4739,0.27092,0.258,0.48594,0.4439,0.5118,0.4643,0.16622,0.1608,0.49162,0.445,0.51898,0.4653,0.35228,0.3327,0.51042,0.4568,0.57288,0.4673,0.6965,0.4532
6,True,True,0.8382999897003174,0.4587000012397766,0.42382,0.4124,0.50868,0.4777,0.35172,0.3401,0.4805,0.4496,0.51484,0.4725,0.30894,0.3037,0.4943,0.4515,0.51552,0.469,0.34216,0.3297,0.51586,0.4578,0.53018,0.4693,0.1687,0.1609,0.52022,0.4578,0.53552,0.4751,0.1977,0.1902,0.52222,0.458,0.59316,0.4781,0.73236,0.4609
6,True,True,0.8409199714660645,0.4650999903678894,0.42818,0.4126,0.51566,0.4827,0.33176,0.3183,0.47356,0.443,0.51834,0.4799,0.25964,0.2447,0.4966,0.4595,0.52366,0.4778,0.30362,0.291,0.50866,0.4618,0.53266,0.4769,0.3157,0.2924,0.52676,0.4618,0.54482,0.4764,0.1774,0.1685,0.53122,0.4631,0.6015,0.485,0.7154,0.4652
6,True,True,0.7653599977493286,0.4422000050544739,0.40044,0.3941,0.4965,0.4672,0.34422,0.3305,0.4581,0.4417,0.49722,0.4636,0.21134,0.2017,0.47126,0.4442,0.50164,0.4645,0.33024,0.3132,0.48482,0.4498,0.50838,0.4663,0.22138,0.2103,0.4905,0.4509,0.5138,0.4711,0.26078,0.2523,0.49778,0.4531,0.55598,0.4704,0.64784,0.4423
6,True,True,0.7764000296592712,0.4350999891757965,0.40926,0.3977,0.50022,0.4725,0.30674,0.2999,0.45308,0.427,0.5028,0.4659,0.32364,0.3108,0.47624,0.4416,0.50444,0.4645,0.21336,0.2046,0.48404,0.4441,0.51184,0.466,0.13322,0.1289,0.48752,0.4482,0.51144,0.4667,0.24684,0.2385,0.49766,0.4497,0.55416,0.4686,0.66594,0.452
6,True,True,0.7556999921798706,0.42660000920295715,0.39956,0.3891,0.49646,0.4683,0.23896,0.2371,0.4416,0.423,0.49566,0.4661,0.3248,0.3162,0.46648,0.4429,0.49758,0.4648,0.33158,0.3182,0.48478,0.4478,0.50454,0.4629,0.2646,0.2491,0.49162,0.4514,0.51144,0.4641,0.2534,0.2465,0.5015,0.4522,0.55674,0.4664,0.65862,0.4422
6,True,True,0.7754799723625183,0.4408999979496002,0.40264,0.3919,0.49594,0.4689,0.31002,0.3037,0.45752,0.4316,0.49704,0.4608,0.2321,0.2258,0.4725,0.4416,0.50412,0.4694,0.1777,0.1769,0.4735,0.4457,0.50572,0.4686,0.30842,0.2966,0.48684,0.4487,0.51032,0.4672,0.32272,0.3086,0.50264,0.4587,0.5644,0.4724,0.67002,0.4428
6,True,True,0.7520800232887268,0.43720000982284546,0.40982,0.392,0.50074,0.4699,0.25172,0.2442,0.44626,0.4156,0.50188,0.4622,0.26292,0.2497,0.4674,0.4296,0.50678,0.467,0.24492,0.2357,0.47822,0.4402,0.51212,0.4641,0.23116,0.2238,0.4877,0.4454,0.51722,0.4711,0.27004,0.2524,0.50048,0.4488,0.56022,0.4668,0.66126,0.4492
6,True,True,0.7957800030708313,0.4440999925136566,0.4047,0.392,0.50462,0.4757,0.31226,0.3018,0.4596,0.4349,0.50248,0.4711,0.21224,0.2061,0.4695,0.4362,0.5065,0.4675,0.30582,0.2996,0.48586,0.45,0.51202,0.4701,0.3255,0.3041,0.499,0.4544,0.51874,0.4686,0.19426,0.1893,0.50624,0.4557,0.57204,0.4757,0.6856,0.4485
6,True,True,0.7587000131607056,0.4350999891757965,0.40568,0.3971,0.49552,0.4639,0.34098,0.331,0.45592,0.425,0.49478,0.4495,0.20298,0.1961,0.46502,0.4299,0.50006,0.4552,0.2405,0.2354,0.47644,0.4365,0.50436,0.4551,0.17856,0.1747,0.47904,0.4367,0.50834,0.4607,0.34174,0.3228,0.49384,0.446,0.55556,0.4611,0.65984,0.4402
6,False,True,0.8417999744415283,0.42250001430511475,0.38358,0.3787,0.39736,0.3903,0.34962,0.3319,0.4275,0.4077,0.33176,0.321,0.21988,0.2157,0.43456,0.4168,0.30366,0.2986,0.19212,0.1817,0.43816,0.4142,0.35056,0.345,0.22408,0.214,0.44136,0.4159,0.37914,0.3697,0.29388,0.2833,0.45022,0.4128,0.53078,0.4619,0.70476,0.4383
6,False,True,0.6677600145339966,0.37459999322891235,0.34888,0.3383,0.35414,0.3425,0.2911,0.281,0.39386,0.3768,0.27586,0.2661,0.13776,0.1378,0.40026,0.3823,0.28878,0.2767,0.12546,0.1207,0.4025,0.387,0.30458,0.2945,0.13484,0.1278,0.40818,0.3861,0.37142,0.3592,0.30498,0.2922,0.4202,0.3952,0.47012,0.4195,0.56564,0.4035
6,False,True,0.875540018081665,0.4269999861717224,0.39026,0.3815,0.39896,0.3837,0.33516,0.322,0.43432,0.4064,0.395,0.3828,0.3228,0.3091,0.44984,0.4196,0.34188,0.3257,0.24424,0.2329,0.4539,0.4204,0.27544,0.2661,0.1116,0.1077,0.45458,0.4237,0.37044,0.3681,0.30334,0.2934,0.45874,0.427,0.5353,0.464,0.72484,0.4513
6,False,True,0.8232799768447876,0.40779998898506165,0.38874,0.3809,0.21464,0.2076,0.14932,0.1478,0.40216,0.3918,0.37658,0.3721,0.27184,0.2656,0.42702,0.4071,0.31452,0.3076,0.2211,0.2175,0.43484,0.4148,0.40818,0.3918,0.34224,0.3272,0.44712,0.4189,0.30476,0.2959,0.21028,0.1982,0.4487,0.42,0.51278,0.4501,0.6722,0.4264
6,False,True,0.7369800209999084,0.38359999656677246,0.36824,0.3651,0.1892,0.1921,0.13654,0.1332,0.38634,0.3734,0.31492,0.3072,0.23964,0.2298,0.39914,0.3847,0.3213,0.3157,0.17008,0.1612,0.4066,0.3903,0.3824,0.3758,0.31516,0.3047,0.42438,0.4015,0.33316,0.3256,0.18294,0.1751,0.427,0.4031,0.48386,0.4379,0.61832,0.4101
6,False,True,0.6329600214958191,0.3847000002861023,0.35566,0.3477,0.27666,0.2665,0.1774,0.1781,0.37708,0.3689,0.37126,0.3672,0.10006,0.1,0.37926,0.3699,0.31036,0.3013,0.14674,0.1391,0.39042,0.3752,0.37036,0.3621,0.29734,0.2907,0.40522,0.3834,0.29476,0.2884,0.16348,0.1546,0.4101,0.3859,0.46078,0.4183,0.54298,0.4056
6,False,True,0.5084400177001953,0.3889999985694885,0.3528,0.346,0.27294,0.2638,0.14332,0.1387,0.38592,0.3725,0.26154,0.2642,0.15314,0.1481,0.39578,0.3755,0.3127,0.2994,0.14926,0.1465,0.4001,0.3773,0.26808,0.2527,0.12106,0.121,0.39836,0.3764,0.2466,0.24,0.14968,0.1495,0.40666,0.3817,0.4438,0.4097,0.4769,0.4028
6,False,True,0.762220025062561,0.39169999957084656,0.37946,0.3711,0.22912,0.2209,0.11924,0.1132,0.39554,0.381,0.32898,0.3131,0.13766,0.1338,0.39976,0.3792,0.38984,0.3719,0.33656,0.3201,0.42464,0.3999,0.3196,0.3124,0.18958,0.1792,0.42834,0.4035,0.37944,0.3625,0.33146,0.3144,0.43748,0.4021,0.4937,0.4318,0.62332,0.4156
6,False,True,0.8141400218009949,0.4036000072956085,0.38592,0.3774,0.17754,0.1744,0.11072,0.1081,0.40368,0.3902,0.3113,0.3056,0.16962,0.1665,0.41548,0.3996,0.37406,0.3642,0.30514,0.2913,0.43168,0.4075,0.36784,0.3603,0.28654,0.2745,0.44202,0.4172,0.3783,0.3716,0.33246,0.3188,0.44998,0.4227,0.5161,0.4571,0.68886,0.4325
6,False,True,0.6051999926567078,0.384799987077713,0.35436,0.3453,0.32944,0.3235,0.2378,0.2362,0.3819,0.3727,0.3326,0.3289,0.2069,0.201,0.38674,0.3777,0.37324,0.3583,0.10006,0.1,0.39238,0.3818,0.37438,0.3629,0.16134,0.1635,0.40294,0.3874,0.3364,0.3341,0.21292,0.2009,0.41242,0.3902,0.4641,0.4292,0.5323,0.4098
6,False,True,0.8924800157546997,0.4397999942302704,0.40102,0.3915,0.36018,0.3478,0.28818,0.2822,0.42636,0.4061,0.36122,0.3524,0.2049,0.1962,0.43598,0.4125,0.2925,0.2777,0.13552,0.1316,0.43744,0.4163,0.41932,0.4,0.3517,0.3353,0.46078,0.4266,0.37528,0.3543,0.27074,0.2571,0.46864,0.4286,0.55596,0.4711,0.773,0.4599
6,False,True,0.8473399877548218,0.42089998722076416,0.38558,0.3815,0.35014,0.3437,0.26018,0.2552,0.41534,0.3964,0.26374,0.2594,0.11762,0.1164,0.41808,0.3984,0.41418,0.4028,0.39594,0.3758,0.4427,0.4144,0.30348,0.3038,0.2456,0.2325,0.44714,0.4162,0.34958,0.337,0.27714,0.2577,0.45526,0.4185,0.54428,0.4564,0.72744,0.4402
6,False,True,0.887440025806427,0.42750000953674316,0.3946,0.3908,0.23322,0.2304,0.16556,0.1628,0.41398,0.4055,0.3696,0.3643,0.23924,0.2355,0.43232,0.4138,0.32826,0.316,0.21816,0.2175,0.43486,0.4158,0.40166,0.3905,0.37582,0.351,0.45242,0.4183,0.37284,0.3468,0.25148,0.2274,0.45626,0.4157,0.54382,0.4627,0.74412,0.4454
6,False,True,0.8137199878692627,0.41600000858306885,0.38548,0.3757,0.25486,0.2533,0.11936,0.1138,0.40164,0.3855,0.3386,0.332,0.28636,0.2762,0.42532,0.4017,0.40204,0.3901,0.26266,0.2502,0.43576,0.4109,0.36704,0.3562,0.25688,0.2427,0.44014,0.4094,0.34548,0.3398,0.22112,0.2139,0.44428,0.4152,0.50974,0.4552,0.69196,0.4354
6,False,True,0.8529199957847595,0.4309000074863434,0.39528,0.3867,0.3636,0.3505,0.19964,0.1888,0.42536,0.4042,0.3127,0.3036,0.19704,0.1949,0.43002,0.4113,0.38864,0.3787,0.33394,0.3143,0.44096,0.4148,0.32704,0.3196,0.2226,0.2086,0.44552,0.4159,0.39392,0.3864,0.32636,0.3103,0.45502,0.4162,0.5326,0.467,0.7362,0.4469
6,False,True,0.8518400192260742,0.4255000054836273,0.39092,0.3846,0.33156,0.3267,0.25944,0.2509,0.41608,0.3983,0.3934,0.3852,0.34144,0.3268,0.4388,0.4195,0.34484,0.3337,0.21268,0.2037,0.44138,0.4195,0.37782,0.3633,0.29606,0.2839,0.44986,0.426,0.30756,0.295,0.1797,0.176,0.4527,0.4244,0.52706,0.4634,0.7096,0.4378
6,False,True,0.784600019454956,0.39070001244544983,0.38252,0.3736,0.18846,0.1805,0.16268,0.1657,0.4021,0.3936,0.21004,0.2054,0.14944,0.1432,0.40558,0.3971,0.33,0.3167,0.23808,0.2215,0.4157,0.3998,0.3448,0.3391,0.17468,0.1684,0.42182,0.4048,0.39566,0.3818,0.34744,0.3241,0.43732,0.4068,0.50978,0.4494,0.64536,0.4178
6,False,True,0.8873999714851379,0.4205000102519989,0.39318,0.3879,0.3532,0.3503,0.25072,0.2405,0.4161,0.4012,0.261,0.2538,0.10558,0.1041,0.41948,0.4061,0.12416,0.1208,0.13472,0.1292,0.41952,0.4062,0.41672,0.4091,0.3684,0.3563,0.44846,0.4248,0.39808,0.3795,0.3332,0.3109,0.4612,0.4229,0.54766,0.4519,0.7539,0.4391
6,False,True,0.6699000000953674,0.3824000060558319,0.35268,0.3495,0.27174,0.2647,0.23012,0.2227,0.38706,0.382,0.29006,0.2821,0.21256,0.2083,0.3985,0.3847,0.15842,0.1574,0.10922,0.1054,0.4007,0.3872,0.32266,0.3188,0.23546,0.2256,0.40806,0.3897,0.35618,0.3503,0.27898,0.2714,0.41396,0.3888,0.46768,0.4243,0.54778,0.3979
6,False,True,0.8484600186347961,0.42289999127388,0.38722,0.3813,0.29268,0.283,0.17184,0.1658,0.41244,0.3959,0.2261,0.2136,0.10794,0.1064,0.41488,0.4003,0.3035,0.2968,0.21296,0.206,0.42234,0.4048,0.38002,0.3641,0.3246,0.3106,0.43988,0.4126,0.41118,0.3972,0.33382,0.3158,0.45288,0.4185,0.52818,0.4584,0.6918,0.4417
6,False,True,0.7172200083732605,0.3882000148296356,0.37166,0.3677,0.30532,0.2911,0.18326,0.1787,0.39716,0.3851,0.36904,0.3614,0.26694,0.2593,0.41606,0.3998,0.36054,0.3488,0.29806,0.2869,0.4255,0.4048,0.2866,0.2775,0.13248,0.1239,0.42688,0.4048,0.37738,0.3661,0.31138,0.2984,0.4321,0.4127,0.48614,0.4408,0.5848,0.4219
6,False,True,0.8597000241279602,0.430400013923645,0.39502,0.3831,0.31656,0.3096,0.15084,0.1454,0.41592,0.3973,0.29886,0.2904,0.18604,0.1796,0.4239,0.4071,0.38004,0.3728,0.31748,0.3055,0.43488,0.4148,0.39656,0.3841,0.28838,0.2765,0.44122,0.4161,0.38548,0.3732,0.3184,0.2972,0.45406,0.4169,0.5399,0.4681,0.70388,0.4531
6,False,True,0.8163400292396545,0.4180999994277954,0.38628,0.3757,0.41018,0.405,0.3522,0.3515,0.41704,0.4037,0.37882,0.3724,0.2838,0.2686,0.43118,0.4109,0.27304,0.2604,0.20146,0.1979,0.43884,0.417,0.32914,0.3203,0.24136,0.235,0.4401,0.4146,0.35034,0.3359,0.26606,0.2478,0.44788,0.4166,0.52092,0.46,0.68994,0.4341
6,False,True,0.8665599822998047,0.4147999882698059,0.386,0.3744,0.30868,0.3048,0.16374,0.1645,0.40708,0.397,0.33608,0.324,0.21952,0.2116,0.41436,0.4022,0.39166,0.3891,0.36804,0.3532,0.44102,0.4126,0.30244,0.2974,0.21384,0.206,0.44588,0.4181,0.39676,0.3791,0.34054,0.3145,0.45242,0.4225,0.5325,0.458,0.73008,0.4382
6,False,True,0.7488399744033813,0.4036000072956085,0.37734,0.3717,0.223,0.2146,0.14758,0.1447,0.39392,0.3791,0.38736,0.3819,0.27474,0.2637,0.4181,0.4044,0.37174,0.3568,0.21052,0.1971,0.42228,0.4025,0.33736,0.3254,0.17152,0.166,0.42758,0.4048,0.30982,0.3002,0.1607,0.1543,0.42876,0.4072,0.4868,0.4539,0.62356,0.4316
5,True,True,0.8180800080299377,0.45829999446868896,0.42284,0.4081,0.5127,0.4809,0.26212,0.2556,0.4643,0.4337,0.51476,0.4743,0.29814,0.2881,0.48354,0.4438,0.52282,0.4765,0.27104,0.2669,0.49774,0.4506,0.52644,0.4731,0.3653,0.3521,0.51974,0.4572,0.57946,0.4764,0.72404,0.4602
5,True,True,0.8171200156211853,0.45590001344680786,0.42394,0.4131,0.5111,0.4801,0.34322,0.3152,0.47944,0.4388,0.51512,0.4696,0.33348,0.3174,0.5013,0.455,0.52478,0.4634,0.31762,0.2961,0.52222,0.4645,0.53452,0.4692,0.24498,0.2268,0.53262,0.4651,0.60214,0.4767,0.72872,0.4558
5,True,True,0.7786999940872192,0.4478999972343445,0.40798,0.4001,0.5047,0.4757,0.3013,0.2927,0.45268,0.4267,0.50308,0.467,0.25632,0.2416,0.4709,0.4441,0.5109,0.4728,0.2629,0.2507,0.488,0.4487,0.5185,0.4718,0.35252,0.3428,0.50596,0.4572,0.57008,0.4718,0.69402,0.4508
5,True,True,0.8187599778175354,0.4580000042915344,0.421,0.411,0.51006,0.4796,0.2997,0.2948,0.46434,0.4417,0.51106,0.4777,0.31552,0.31,0.48554,0.4511,0.51884,0.4782,0.2924,0.2741,0.50132,0.4567,0.5234,0.4694,0.30898,0.3012,0.5153,0.4594,0.5814,0.4766,0.71894,0.4584
5,True,True,0.828819990158081,0.4505000114440918,0.42352,0.4098,0.51036,0.4813,0.29986,0.2919,0.46844,0.4424,0.5111,0.4705,0.20238,0.188,0.48424,0.4531,0.51766,0.4748,0.34404,0.3314,0.50942,0.4576,0.52686,0.4716,0.27604,0.2651,0.51544,0.4631,0.57714,0.4835,0.7193,0.4567
5,True,True,0.8172399997711182,0.44909998774528503,0.42574,0.4142,0.50832,0.4801,0.36396,0.349,0.477,0.4393,0.51222,0.4691,0.31394,0.2972,0.49242,0.4469,0.52124,0.4678,0.2874,0.2759,0.50676,0.4587,0.52748,0.4682,0.3024,0.2886,0.52318,0.4645,0.5969,0.4804,0.73046,0.4597
5,True,True,0.814079999923706,0.4551999866962433,0.4129,0.3991,0.50484,0.4787,0.32824,0.3131,0.46088,0.4324,0.50752,0.4713,0.30764,0.2973,0.48662,0.4465,0.51284,0.4726,0.34174,0.3325,0.50656,0.4596,0.52344,0.475,0.2815,0.265,0.5146,0.4619,0.5825,0.4782,0.70968,0.4544
5,True,True,0.8106399774551392,0.45080000162124634,0.41684,0.4018,0.50734,0.4743,0.2839,0.2781,0.45834,0.4295,0.51082,0.4749,0.3208,0.3098,0.4807,0.4439,0.51118,0.4729,0.37522,0.3617,0.5026,0.4585,0.52754,0.4729,0.18406,0.1795,0.50826,0.4624,0.5731,0.4751,0.69758,0.4533
5,True,True,0.7958999872207642,0.4593999981880188,0.41244,0.4032,0.51076,0.4815,0.35908,0.3486,0.47694,0.4494,0.51138,0.475,0.28922,0.2755,0.49358,0.4609,0.51968,0.4766,0.1798,0.1722,0.49816,0.4605,0.52222,0.4759,0.26468,0.2586,0.5133,0.4667,0.5782,0.4848,0.6984,0.4647
5,True,True,0.8470600247383118,0.4625000059604645,0.4193,0.4074,0.51318,0.4802,0.34018,0.3222,0.47608,0.4422,0.51722,0.4744,0.30272,0.2878,0.49746,0.4492,0.52302,0.4768,0.27748,0.2688,0.50762,0.4577,0.53314,0.4725,0.26702,0.2552,0.51562,0.4583,0.591,0.487,0.74548,0.4603
5,True,True,0.7577599883079529,0.4487999975681305,0.41372,0.3994,0.50214,0.4668,0.26582,0.258,0.44618,0.4219,0.50634,0.468,0.33638,0.3243,0.47354,0.4444,0.5093,0.4675,0.33224,0.3276,0.49632,0.4514,0.51734,0.4687,0.31544,0.2962,0.50688,0.457,0.56824,0.4763,0.6691,0.4477
5,True,True,0.824400007724762,0.4510999917984009,0.41794,0.4057,0.50956,0.4803,0.32438,0.3138,0.46332,0.4322,0.5095,0.4742,0.34774,0.3346,0.49228,0.452,0.52022,0.4717,0.31132,0.2898,0.50412,0.4529,0.52424,0.4657,0.27554,0.2632,0.51344,0.4557,0.58108,0.4726,0.72138,0.4539
5,True,True,0.8014799952507019,0.4474000036716461,0.41856,0.4043,0.50614,0.4776,0.22042,0.2133,0.44744,0.4225,0.51196,0.4774,0.27764,0.2683,0.4701,0.4415,0.51378,0.4738,0.29686,0.284,0.49014,0.4549,0.52076,0.4768,0.32788,0.3191,0.51328,0.4623,0.56888,0.4768,0.69694,0.4588
5,True,True,0.7424399852752686,0.4300999939441681,0.40392,0.39,0.4968,0.467,0.27502,0.2657,0.43966,0.4206,0.495,0.4618,0.3278,0.3116,0.4707,0.435,0.50052,0.4641,0.16794,0.1656,0.4764,0.4397,0.50638,0.4595,0.35816,0.3392,0.49284,0.4466,0.54496,0.4638,0.63524,0.4414
5,True,True,0.813759982585907,0.4474000036716461,0.42238,0.4088,0.50964,0.4759,0.35862,0.3449,0.47672,0.4446,0.5109,0.4742,0.31054,0.2988,0.49396,0.4557,0.52136,0.4738,0.2906,0.2784,0.50852,0.4573,0.52824,0.4684,0.25896,0.2516,0.51584,0.4591,0.5761,0.4724,0.69594,0.4609
5,True,True,0.8073599934577942,0.44749999046325684,0.42718,0.4135,0.50742,0.473,0.29022,0.2755,0.46562,0.4312,0.50894,0.4694,0.1827,0.182,0.4707,0.4356,0.517,0.476,0.33236,0.3229,0.49124,0.4492,0.52064,0.4744,0.2478,0.2351,0.5043,0.4534,0.56802,0.4849,0.69592,0.4586
5,True,True,0.8406800031661987,0.44699999690055847,0.42672,0.4158,0.51876,0.4826,0.29972,0.287,0.47662,0.4388,0.5223,0.4751,0.28862,0.2742,0.49378,0.4483,0.52538,0.4772,0.30988,0.3011,0.5087,0.4586,0.53146,0.4776,0.24056,0.2304,0.5175,0.4617,0.58056,0.4824,0.71532,0.4574
5,True,True,0.8143399953842163,0.4512999951839447,0.41716,0.4086,0.50784,0.474,0.2855,0.2808,0.46036,0.4307,0.5105,0.4794,0.27778,0.2732,0.48014,0.4469,0.5138,0.4707,0.35324,0.3348,0.5073,0.45,0.52684,0.464,0.27046,0.2595,0.51352,0.4573,0.58302,0.4841,0.69082,0.4639
5,True,True,0.7861599922180176,0.45260000228881836,0.41478,0.4055,0.50484,0.4838,0.273,0.2652,0.45582,0.4288,0.51196,0.4748,0.2798,0.2676,0.47782,0.4401,0.51642,0.4715,0.30362,0.2948,0.49398,0.452,0.52082,0.4691,0.30988,0.292,0.51396,0.4549,0.57368,0.4722,0.68922,0.4544
5,True,True,0.8192600011825562,0.44940000772476196,0.41584,0.4055,0.50764,0.4777,0.30332,0.2972,0.46,0.4304,0.51006,0.4705,0.31814,0.3149,0.4883,0.4494,0.51652,0.4711,0.22346,0.2163,0.49504,0.4563,0.52378,0.4742,0.32572,0.3092,0.5104,0.4605,0.5758,0.481,0.71,0.4579
5,True,True,0.782480001449585,0.44519999623298645,0.41098,0.397,0.50694,0.4758,0.32362,0.3092,0.4558,0.4312,0.50314,0.4714,0.25702,0.2523,0.47556,0.4429,0.51382,0.4749,0.28698,0.2801,0.49452,0.4536,0.52162,0.471,0.27444,0.2662,0.50202,0.4549,0.57066,0.4782,0.68472,0.4593
5,True,True,0.7909799814224243,0.44449999928474426,0.40598,0.3996,0.50414,0.4725,0.35206,0.341,0.46726,0.435,0.50526,0.4682,0.31126,0.2953,0.4844,0.4486,0.51142,0.4685,0.18524,0.1828,0.48782,0.4502,0.51692,0.464,0.3533,0.3309,0.50774,0.4524,0.5725,0.474,0.68892,0.4506
5,True,True,0.8210399746894836,0.45170000195503235,0.41134,0.3991,0.50592,0.4734,0.3034,0.2938,0.46898,0.4392,0.51372,0.4735,0.27058,0.2653,0.48176,0.4433,0.51624,0.4729,0.31142,0.3026,0.49676,0.4444,0.52056,0.4688,0.28398,0.2722,0.50596,0.4496,0.572,0.4736,0.71422,0.4591
5,True,True,0.7824599742889404,0.445499986410141,0.41162,0.4054,0.507,0.4729,0.33822,0.3285,0.4653,0.4348,0.50874,0.4726,0.25972,0.2554,0.47992,0.4477,0.5139,0.4734,0.30792,0.3029,0.49922,0.4555,0.52034,0.4692,0.31054,0.3064,0.5132,0.4569,0.56808,0.4755,0.66744,0.4486
5,True,True,0.6715599894523621,0.4250999987125397,0.38734,0.3777,0.48332,0.4545,0.3105,0.3092,0.44336,0.4209,0.48524,0.454,0.2431,0.2361,0.45882,0.4297,0.49274,0.4503,0.22412,0.2186,0.46652,0.4358,0.49374,0.4529,0.2818,0.2712,0.47906,0.4432,0.52046,0.4615,0.58022,0.4362
5,False,True,0.7314000129699707,0.39399999380111694,0.38226,0.3765,0.2961,0.2879,0.16042,0.1591,0.39786,0.3846,0.36522,0.3528,0.23886,0.2277,0.41334,0.3943,0.3224,0.315,0.14594,0.1401,0.4189,0.3971,0.36316,0.3555,0.34302,0.3302,0.4297,0.4063,0.48538,0.4382,0.57924,0.4213
5,False,True,0.8826599717140198,0.4474000036716461,0.3906,0.3871,0.37494,0.3599,0.28216,0.2692,0.42968,0.4103,0.4201,0.4066,0.3437,0.3252,0.4461,0.411,0.40228,0.3907,0.33632,0.3237,0.45542,0.4186,0.22382,0.2179,0.1074,0.105,0.45598,0.4186,0.5528,0.4666,0.77204,0.4569
5,False,True,0.8941799998283386,0.43650001287460327,0.39702,0.3917,0.42234,0.4094,0.38478,0.3599,0.44098,0.4102,0.30834,0.2982,0.15452,0.146,0.4514,0.4143,0.39668,0.381,0.27364,0.2593,0.45992,0.4169,0.37866,0.3589,0.18776,0.1795,0.46304,0.4164,0.55818,0.4673,0.77392,0.4507
5,False,True,0.8743799924850464,0.4307999908924103,0.40522,0.3962,0.39262,0.3771,0.31874,0.3074,0.43726,0.4109,0.38214,0.3686,0.25546,0.2442,0.44872,0.4173,0.36754,0.3513,0.25014,0.2379,0.45604,0.4233,0.41734,0.401,0.37596,0.3578,0.4736,0.4307,0.56568,0.4709,0.7568,0.4461
5,False,True,0.8648999929428101,0.42649999260902405,0.39472,0.3835,0.40742,0.3931,0.31046,0.2985,0.43194,0.4087,0.38836,0.3713,0.32182,0.3076,0.45082,0.414,0.35144,0.3382,0.28724,0.2672,0.46122,0.4169,0.32778,0.3143,0.10852,0.1071,0.46162,0.418,0.55104,0.4715,0.75898,0.4486
5,False,True,0.7812600135803223,0.4074000120162964,0.38128,0.3765,0.31316,0.3062,0.25406,0.2477,0.40934,0.3902,0.39806,0.3805,0.34634,0.3317,0.42628,0.3979,0.28278,0.2758,0.19464,0.1885,0.42804,0.3981,0.35526,0.3478,0.25172,0.2366,0.43396,0.3965,0.50062,0.4456,0.6368,0.4196
5,False,True,0.6625199913978577,0.3846000134944916,0.3613,0.3468,0.3386,0.3358,0.22734,0.2243,0.4024,0.384,0.17686,0.1767,0.10998,0.1093,0.40356,0.3831,0.40112,0.3835,0.34314,0.3259,0.42762,0.3958,0.3234,0.3177,0.285,0.2777,0.43186,0.4016,0.482,0.4283,0.5585,0.4076
5,False,True,0.8457800149917603,0.42570000886917114,0.38508,0.373,0.30458,0.291,0.1999,0.1955,0.40436,0.389,0.41424,0.4043,0.35348,0.3364,0.4389,0.4104,0.35864,0.3475,0.25692,0.2452,0.44496,0.4133,0.35546,0.3465,0.23664,0.2301,0.44782,0.4173,0.52198,0.458,0.72004,0.4381
5,False,True,0.7763000130653381,0.4047999978065491,0.38372,0.3762,0.37862,0.3659,0.24798,0.2419,0.41234,0.3986,0.20236,0.2022,0.12128,0.1195,0.41784,0.4005,0.40152,0.3891,0.34066,0.328,0.435,0.4059,0.37148,0.3586,0.22138,0.2057,0.4376,0.4098,0.4964,0.4445,0.6161,0.4299
5,False,True,0.858460009098053,0.421999990940094,0.39324,0.3867,0.40734,0.3973,0.33588,0.3202,0.4361,0.4127,0.34058,0.334,0.24024,0.2347,0.44682,0.4255,0.39766,0.3789,0.31944,0.3073,0.45216,0.4249,0.26838,0.26,0.11204,0.1073,0.45244,0.4264,0.52888,0.4725,0.70424,0.4444
5,False,True,0.9006999731063843,0.44290000200271606,0.4032,0.3939,0.39622,0.3847,0.31198,0.2984,0.4424,0.4161,0.28238,0.2745,0.1599,0.1613,0.44916,0.4226,0.37322,0.3587,0.19814,0.1894,0.45652,0.4271,0.40224,0.3869,0.33176,0.3125,0.46454,0.432,0.5524,0.4834,0.75854,0.4559
5,False,True,0.8373799920082092,0.423799991607666,0.38804,0.3823,0.39612,0.3832,0.31008,0.299,0.42354,0.3994,0.37424,0.3601,0.28168,0.2732,0.44546,0.4092,0.40944,0.3988,0.33284,0.32,0.45498,0.4197,0.32864,0.3139,0.17798,0.1679,0.45752,0.4213,0.53164,0.4606,0.71288,0.4365
5,False,True,0.8671600222587585,0.4323999881744385,0.39232,0.3859,0.31602,0.3119,0.18444,0.1709,0.4153,0.398,0.40514,0.3905,0.35152,0.3374,0.44024,0.413,0.28216,0.2687,0.1564,0.1532,0.44318,0.4166,0.40928,0.3897,0.34358,0.3256,0.4512,0.4153,0.53738,0.4659,0.74822,0.4459
5,False,True,0.8590400218963623,0.4242999851703644,0.38534,0.3815,0.2213,0.2134,0.16604,0.1609,0.40162,0.3929,0.156,0.1507,0.10204,0.1012,0.405,0.3918,0.42178,0.4096,0.38482,0.3655,0.44706,0.4134,0.384,0.3731,0.3326,0.3097,0.45534,0.4178,0.54126,0.4575,0.75226,0.4333
5,False,True,0.8629999756813049,0.41780000925064087,0.38748,0.3838,0.27942,0.2793,0.10942,0.1074,0.40228,0.3928,0.40324,0.3923,0.33432,0.3142,0.4325,0.4078,0.39218,0.3785,0.32122,0.3075,0.44582,0.4145,0.38406,0.3721,0.338,0.3192,0.45286,0.4219,0.54,0.4714,0.71162,0.4354
5,False,True,0.8812000155448914,0.42320001125335693,0.38976,0.3811,0.42684,0.4118,0.37428,0.3623,0.43828,0.4044,0.24168,0.235,0.13324,0.1315,0.44634,0.4143,0.28108,0.2714,0.11746,0.1166,0.44752,0.4166,0.38036,0.3626,0.27796,0.2646,0.45378,0.4177,0.53752,0.4575,0.73882,0.4367
5,False,True,0.890500009059906,0.4503999948501587,0.40158,0.3945,0.22442,0.2144,0.11494,0.1133,0.41614,0.4008,0.31716,0.3167,0.14282,0.1343,0.42878,0.4125,0.37418,0.3661,0.27112,0.2578,0.4446,0.4154,0.4309,0.4105,0.35272,0.3407,0.46416,0.4167,0.55442,0.4699,0.76396,0.4611
5,False,True,0.8725799918174744,0.4172999858856201,0.38636,0.3809,0.40458,0.3958,0.34998,0.3334,0.43028,0.4105,0.40416,0.3904,0.3349,0.32,0.44104,0.4154,0.23104,0.2184,0.13632,0.1336,0.4473,0.4193,0.3351,0.3219,0.14066,0.1306,0.4495,0.4211,0.5287,0.4672,0.70276,0.4335
5,False,True,0.846340000629425,0.41830000281333923,0.388,0.3802,0.3455,0.3365,0.28312,0.2749,0.41934,0.4009,0.39426,0.3858,0.30136,0.282,0.43594,0.4166,0.38526,0.368,0.28818,0.2737,0.44752,0.4218,0.34686,0.3385,0.2637,0.2555,0.4533,0.4221,0.52566,0.4609,0.71556,0.4391
5,False,True,0.8678799867630005,0.4253000020980835,0.38654,0.3775,0.36266,0.3573,0.21878,0.2113,0.41336,0.3963,0.37744,0.3668,0.31602,0.2976,0.43546,0.4104,0.205,0.1962,0.14958,0.1488,0.43838,0.4131,0.36904,0.3544,0.26874,0.2562,0.44646,0.4202,0.5219,0.4671,0.70116,0.4442
5,False,True,0.8579800128936768,0.43309998512268066,0.38622,0.3765,0.15542,0.1499,0.12516,0.1265,0.40162,0.3852,0.36486,0.3575,0.31272,0.3032,0.42766,0.4018,0.42314,0.4088,0.35378,0.3414,0.45204,0.414,0.33688,0.3298,0.17938,0.1712,0.4551,0.4149,0.53902,0.4636,0.74412,0.447
5,False,True,0.7460600137710571,0.39719998836517334,0.37818,0.3702,0.37602,0.3606,0.32762,0.3185,0.41418,0.3926,0.37246,0.3696,0.30082,0.2871,0.43098,0.4079,0.26062,0.2537,0.1095,0.1082,0.43276,0.4118,0.26844,0.2546,0.13554,0.1301,0.43568,0.4104,0.48992,0.4485,0.60016,0.42
5,False,True,0.842519998550415,0.414000004529953,0.37914,0.3728,0.33468,0.3236,0.21848,0.2109,0.41542,0.3944,0.40828,0.403,0.31748,0.3077,0.43212,0.4067,0.34278,0.3284,0.21622,0.2006,0.43652,0.4082,0.35524,0.3402,0.1724,0.1532,0.43944,0.4088,0.5163,0.4595,0.69368,0.4377
5,False,True,0.8083199858665466,0.4081999957561493,0.38528,0.3755,0.33854,0.3296,0.21214,0.2083,0.40632,0.3898,0.38582,0.3706,0.30024,0.2928,0.42936,0.4036,0.36038,0.3498,0.2622,0.2487,0.4363,0.4065,0.33664,0.3261,0.26804,0.2521,0.4457,0.4119,0.51612,0.4602,0.66558,0.429
5,False,True,0.8961600065231323,0.4332999885082245,0.39886,0.3913,0.4151,0.3989,0.34864,0.3262,0.44244,0.4127,0.24974,0.2402,0.18546,0.1779,0.44698,0.4215,0.41598,0.3973,0.33056,0.3077,0.46742,0.4294,0.39302,0.3745,0.28116,0.2627,0.47136,0.432,0.57164,0.4738,0.77214,0.4542
4,True,True,0.8314800262451172,0.4542999863624573,0.42892,0.4112,0.51464,0.489,0.34842,0.3257,0.48464,0.4346,0.5212,0.4758,0.33838,0.3171,0.51056,0.4482,0.5349,0.4767,0.32832,0.3099,0.53536,0.4604,0.60572,0.4816,0.72446,0.4622
4,True,True,0.8021399974822998,0.45750001072883606,0.42506,0.4147,0.50612,0.48,0.34068,0.3325,0.46482,0.438,0.50542,0.473,0.3375,0.3174,0.49058,0.4521,0.5153,0.4731,0.3158,0.2943,0.50722,0.4566,0.57524,0.4802,0.70738,0.4572
4,True,True,0.8056600093841553,0.45260000228881836,0.4126,0.3973,0.50736,0.4786,0.35456,0.3421,0.47622,0.443,0.50716,0.4679,0.27954,0.2677,0.49102,0.4503,0.51698,0.4646,0.26112,0.2482,0.50306,0.4558,0.56814,0.4798,0.69476,0.4602
4,True,True,0.821120023727417,0.4530999958515167,0.42392,0.4128,0.51046,0.4786,0.30142,0.2932,0.46152,0.4314,0.51292,0.4707,0.31686,0.3069,0.48338,0.4448,0.51846,0.4713,0.28982,0.2731,0.50124,0.455,0.56658,0.4807,0.71074,0.4664
4,True,True,0.8396199941635132,0.4603999853134155,0.42704,0.4121,0.51232,0.4805,0.29156,0.2891,0.46898,0.4423,0.51806,0.4795,0.27898,0.2734,0.48604,0.4471,0.5202,0.475,0.35556,0.3428,0.50388,0.4523,0.57578,0.4755,0.71752,0.4608
4,True,True,0.8419399857521057,0.46639999747276306,0.43438,0.4237,0.52032,0.483,0.35466,0.3348,0.48952,0.4523,0.52422,0.4782,0.3648,0.3441,0.52526,0.461,0.54352,0.4707,0.21362,0.204,0.53306,0.4635,0.60194,0.4838,0.74822,0.4686
4,True,True,0.8239200115203857,0.4551999866962433,0.41172,0.3985,0.50686,0.4828,0.3416,0.3258,0.47256,0.4356,0.51282,0.4715,0.3393,0.3232,0.49258,0.4514,0.51682,0.4654,0.29416,0.2808,0.5048,0.45,0.5735,0.4742,0.6981,0.4535
4,True,True,0.8203399777412415,0.45489999651908875,0.41542,0.4037,0.50494,0.4734,0.31934,0.307,0.4624,0.4372,0.5063,0.4698,0.28388,0.2745,0.48216,0.4422,0.51012,0.4629,0.36242,0.3465,0.50796,0.4564,0.57088,0.4667,0.71908,0.4646
4,True,True,0.8372600078582764,0.4636000096797943,0.43796,0.4198,0.5191,0.4838,0.365,0.3556,0.49634,0.4574,0.52758,0.4823,0.19728,0.194,0.50506,0.4612,0.52948,0.485,0.35312,0.3368,0.5349,0.4708,0.59402,0.4945,0.73354,0.4645
4,True,True,0.7948799729347229,0.43160000443458557,0.40624,0.3906,0.49712,0.4675,0.26726,0.2656,0.45254,0.4255,0.5014,0.4684,0.36238,0.353,0.48546,0.4442,0.51138,0.468,0.3668,0.3426,0.50562,0.4529,0.5685,0.4719,0.68014,0.4491
4,True,True,0.8329799771308899,0.4553000032901764,0.42684,0.4157,0.51106,0.4818,0.22948,0.2202,0.45364,0.4247,0.51762,0.4798,0.39078,0.3687,0.50662,0.4567,0.52628,0.4784,0.32998,0.3098,0.52086,0.4639,0.5941,0.4777,0.72532,0.4573
4,True,True,0.8524199724197388,0.46369999647140503,0.43938,0.4217,0.52038,0.4781,0.31756,0.3023,0.48342,0.4409,0.52772,0.4783,0.37012,0.3386,0.51438,0.4611,0.53472,0.4755,0.3792,0.3533,0.54186,0.4658,0.61064,0.4868,0.75312,0.4609
4,True,True,0.8074399828910828,0.460999995470047,0.4174,0.4056,0.51166,0.483,0.2621,0.2593,0.45586,0.426,0.5136,0.4771,0.33962,0.3227,0.4885,0.4487,0.51942,0.4741,0.35222,0.3416,0.50934,0.4573,0.57188,0.4766,0.7089,0.4642
4,True,True,0.83815997838974,0.45989999175071716,0.42236,0.4117,0.51322,0.4843,0.31442,0.3159,0.47822,0.4423,0.51748,0.4768,0.30516,0.2947,0.49742,0.4544,0.52472,0.4733,0.32224,0.3104,0.51522,0.4572,0.58892,0.4835,0.73256,0.4591
4,True,True,0.8185999989509583,0.4562000036239624,0.42294,0.4155,0.50718,0.4807,0.29194,0.2812,0.46598,0.4382,0.51144,0.4812,0.38634,0.3744,0.5025,0.4614,0.52728,0.4774,0.32366,0.3079,0.51798,0.4644,0.5794,0.4772,0.71844,0.4589
4,True,True,0.8404399752616882,0.4587000012397766,0.4247,0.4085,0.51166,0.4793,0.3306,0.3222,0.47338,0.4369,0.5202,0.4741,0.32112,0.3039,0.49736,0.4497,0.52484,0.472,0.3196,0.3096,0.51746,0.4572,0.58614,0.479,0.7218,0.458
4,True,True,0.8117600083351135,0.4560999870300293,0.41392,0.4041,0.50748,0.4737,0.35068,0.3416,0.4765,0.4414,0.51432,0.4747,0.3489,0.3339,0.50384,0.4527,0.5253,0.4715,0.29418,0.2851,0.51238,0.4557,0.58352,0.4786,0.6948,0.4577
4,True,True,0.8007000088691711,0.4607999920845032,0.4162,0.4054,0.5099,0.4761,0.31606,0.2962,0.46372,0.4314,0.51248,0.471,0.32086,0.315,0.49312,0.4487,0.52124,0.4708,0.3099,0.2945,0.50848,0.4572,0.56896,0.4816,0.70704,0.4653
4,True,True,0.8137999773025513,0.453000009059906,0.41628,0.4104,0.50768,0.4776,0.3253,0.3137,0.4781,0.449,0.51538,0.4746,0.33458,0.3232,0.50018,0.4551,0.52252,0.4681,0.29446,0.2756,0.51726,0.4539,0.5807,0.4782,0.7076,0.4496
4,True,True,0.8349800109863281,0.46369999647140503,0.42962,0.4204,0.51492,0.4899,0.29512,0.2861,0.471,0.4412,0.52072,0.4865,0.35792,0.3444,0.50386,0.4582,0.5293,0.48,0.34308,0.329,0.519,0.4629,0.5866,0.4826,0.72904,0.467
4,True,True,0.8269400000572205,0.45010000467300415,0.43258,0.4203,0.51498,0.4817,0.33472,0.321,0.48786,0.4515,0.52492,0.4803,0.32386,0.3024,0.51084,0.4579,0.53596,0.4712,0.33218,0.3072,0.53206,0.4651,0.59884,0.4778,0.72464,0.4551
4,True,True,0.8572800159454346,0.46309998631477356,0.43484,0.4173,0.51362,0.4862,0.31886,0.3091,0.47838,0.4446,0.52024,0.4774,0.37996,0.3617,0.5069,0.4553,0.52836,0.4685,0.3429,0.3224,0.52928,0.4615,0.59738,0.4826,0.74642,0.464
4,True,True,0.85698002576828,0.4708999991416931,0.43876,0.4232,0.5192,0.4808,0.39672,0.3752,0.50866,0.4549,0.53216,0.4775,0.31658,0.3036,0.527,0.4605,0.54364,0.4772,0.29326,0.2811,0.5377,0.4662,0.60736,0.4919,0.75892,0.4683
4,True,True,0.8230400085449219,0.4489000141620636,0.41914,0.4048,0.50536,0.4802,0.38808,0.3743,0.48838,0.4495,0.51552,0.4713,0.16084,0.1604,0.49336,0.4527,0.5185,0.4756,0.30786,0.2963,0.50506,0.4623,0.56622,0.4796,0.69682,0.4543
4,True,True,0.836899995803833,0.4738999903202057,0.43402,0.4212,0.52034,0.4862,0.3358,0.3294,0.48934,0.4555,0.52158,0.4792,0.26748,0.2561,0.5048,0.456,0.53108,0.4785,0.36424,0.3482,0.52946,0.4662,0.60994,0.4926,0.74124,0.4794
4,False,True,0.8775399923324585,0.43389999866485596,0.3905,0.3811,0.38786,0.372,0.29746,0.2749,0.4265,0.4046,0.40528,0.3939,0.30528,0.2912,0.4405,0.4159,0.4057,0.3844,0.31318,0.2889,0.45634,0.4213,0.54462,0.4733,0.7513,0.4526
4,False,True,0.8676000237464905,0.4359000027179718,0.3965,0.3851,0.42776,0.4118,0.3604,0.3344,0.45382,0.4124,0.40788,0.3875,0.31886,0.3082,0.4673,0.4241,0.19578,0.19,0.11088,0.1067,0.46802,0.4243,0.55566,0.4688,0.75728,0.4423
4,False,True,0.8995599746704102,0.4507000148296356,0.40994,0.4051,0.38154,0.3639,0.26872,0.2597,0.44394,0.4189,0.4023,0.3838,0.28574,0.275,0.4589,0.4243,0.3935,0.3758,0.27214,0.2495,0.46646,0.4259,0.5604,0.4858,0.78846,0.4643
4,False,True,0.9010000228881836,0.4553999900817871,0.4126,0.4039,0.3784,0.3591,0.33078,0.3116,0.44518,0.4176,0.39038,0.3793,0.30412,0.2896,0.46478,0.4299,0.32966,0.3129,0.24458,0.2324,0.47192,0.4334,0.56618,0.4856,0.76802,0.4711
4,False,True,0.885860025882721,0.44200000166893005,0.39886,0.3854,0.34092,0.3274,0.1886,0.1853,0.43094,0.4073,0.39832,0.3849,0.35484,0.3417,0.45504,0.4221,0.38698,0.3673,0.31498,0.2944,0.46466,0.4272,0.55528,0.4724,0.75186,0.4593
4,False,True,0.8675400018692017,0.4311999976634979,0.39186,0.388,0.35708,0.3487,0.22296,0.2157,0.42426,0.3979,0.38426,0.3733,0.32086,0.3044,0.44864,0.4157,0.40872,0.3968,0.31792,0.2992,0.45674,0.419,0.54724,0.474,0.74062,0.448
4,False,True,0.8885599970817566,0.4449999928474426,0.40634,0.397,0.39264,0.3848,0.32584,0.3098,0.44672,0.4193,0.37098,0.3561,0.27634,0.2551,0.45882,0.4235,0.36564,0.3473,0.27018,0.2457,0.46818,0.431,0.5664,0.4763,0.78238,0.4568
4,False,True,0.8740400075912476,0.4383000135421753,0.39806,0.3867,0.39018,0.3776,0.30762,0.2886,0.43896,0.4102,0.42562,0.4136,0.3541,0.3376,0.46674,0.4238,0.32438,0.3105,0.13782,0.1347,0.46698,0.423,0.55744,0.4715,0.76054,0.4538
4,False,True,0.8521599769592285,0.421099990606308,0.39338,0.3831,0.2,0.1999,0.1075,0.1066,0.4063,0.393,0.38166,0.3716,0.28444,0.2782,0.42858,0.4124,0.40896,0.3952,0.351,0.3348,0.44972,0.4152,0.5295,0.4626,0.71054,0.44
4,False,True,0.7909600138664246,0.3930000066757202,0.37914,0.3685,0.17576,0.1712,0.1329,0.1341,0.39914,0.3868,0.4102,0.3953,0.35112,0.333,0.42486,0.393,0.40924,0.3942,0.34096,0.3253,0.43806,0.402,0.51066,0.446,0.65642,0.4244
4,False,True,0.8741400241851807,0.4474000036716461,0.40542,0.4004,0.37652,0.3713,0.2731,0.2576,0.43912,0.4181,0.42188,0.406,0.3467,0.3404,0.46154,0.4311,0.39006,0.3684,0.29568,0.2705,0.4771,0.4293,0.56402,0.4721,0.75112,0.4533
4,False,True,0.9082199931144714,0.44209998846054077,0.4002,0.3917,0.40776,0.3989,0.3561,0.3458,0.44382,0.4129,0.37154,0.3588,0.2093,0.196,0.45562,0.4228,0.29334,0.2751,0.13098,0.1253,0.45972,0.4248,0.558,0.4808,0.7793,0.4616
4,False,True,0.9044399857521057,0.45260000228881836,0.41578,0.4061,0.36768,0.3586,0.20472,0.1904,0.4424,0.419,0.35918,0.3455,0.2657,0.2479,0.45408,0.4221,0.41652,0.4029,0.18588,0.174,0.46304,0.4262,0.55776,0.4849,0.78138,0.4691
4,False,True,0.9003400206565857,0.44760000705718994,0.41006,0.4008,0.39648,0.3851,0.28408,0.2651,0.44938,0.4192,0.42574,0.4052,0.34814,0.3267,0.46316,0.4301,0.40094,0.3828,0.32342,0.3018,0.47524,0.4248,0.56822,0.4786,0.78964,0.4633
4,False,True,0.8811200261116028,0.4480000138282776,0.395,0.3845,0.41146,0.396,0.3642,0.3446,0.44264,0.4106,0.32852,0.3151,0.21136,0.2052,0.4511,0.4167,0.38234,0.374,0.27576,0.2556,0.46104,0.4175,0.55668,0.4762,0.7553,0.4519
4,False,True,0.9097399711608887,0.4481000006198883,0.40584,0.3995,0.35498,0.3449,0.18092,0.1715,0.43324,0.4175,0.4064,0.394,0.36962,0.3466,0.4595,0.4265,0.40058,0.3819,0.3093,0.2846,0.47246,0.4236,0.56512,0.4774,0.78738,0.4634
4,False,True,0.8880000114440918,0.4381999969482422,0.40862,0.4014,0.36952,0.3582,0.23738,0.2219,0.43352,0.4153,0.39912,0.3883,0.34416,0.3318,0.45942,0.4182,0.37818,0.359,0.25772,0.2461,0.46656,0.4243,0.5575,0.481,0.73548,0.4571
4,False,True,0.8565400242805481,0.41350001096725464,0.3888,0.3821,0.34804,0.341,0.24602,0.2398,0.41936,0.4008,0.35728,0.3471,0.23448,0.2298,0.42936,0.412,0.41882,0.4035,0.32966,0.3093,0.44066,0.4141,0.52408,0.4649,0.70468,0.4389
4,False,True,0.8847200274467468,0.4404999911785126,0.40432,0.3947,0.4056,0.3963,0.30346,0.2993,0.43922,0.418,0.4102,0.3947,0.36392,0.3417,0.46708,0.4264,0.42274,0.4077,0.34688,0.3197,0.47872,0.427,0.57774,0.4732,0.77258,0.4553
4,False,True,0.871999979019165,0.43130001425743103,0.39838,0.3881,0.395,0.3842,0.3122,0.3101,0.43732,0.4131,0.2048,0.1983,0.11602,0.1141,0.44254,0.419,0.4179,0.4043,0.33058,0.3128,0.45954,0.4212,0.55024,0.4701,0.74626,0.4552
4,False,True,0.8829600214958191,0.43299999833106995,0.40114,0.3861,0.39966,0.386,0.31956,0.3006,0.43856,0.4073,0.3443,0.3323,0.18122,0.1721,0.44318,0.412,0.41046,0.3913,0.3195,0.2987,0.46032,0.4201,0.5538,0.4735,0.7617,0.4465
4,False,True,0.885919988155365,0.4404999911785126,0.40498,0.3914,0.3989,0.3904,0.3093,0.3,0.43918,0.4173,0.39672,0.3801,0.33766,0.3169,0.4548,0.4226,0.41502,0.4037,0.36374,0.3388,0.46974,0.4281,0.56636,0.4785,0.76736,0.4546
4,False,True,0.879040002822876,0.42829999327659607,0.3939,0.3895,0.35172,0.3373,0.27458,0.2667,0.42588,0.4013,0.37362,0.3665,0.28474,0.2734,0.44102,0.4149,0.42116,0.4088,0.33738,0.3199,0.45634,0.4173,0.54818,0.4666,0.72004,0.4512
4,False,True,0.8736199736595154,0.42739999294281006,0.3937,0.3852,0.39322,0.378,0.28718,0.2725,0.42822,0.4036,0.18076,0.1767,0.15544,0.1543,0.43252,0.4086,0.41684,0.4042,0.33048,0.3108,0.45166,0.4183,0.53894,0.4671,0.72828,0.4394
4,False,True,0.8975800275802612,0.44269999861717224,0.4007,0.3975,0.31598,0.3048,0.1506,0.1462,0.42242,0.4096,0.4134,0.3909,0.34766,0.3173,0.45398,0.4164,0.4143,0.4012,0.33926,0.3283,0.46638,0.4234,0.56388,0.4781,0.78004,0.4618
3,True,True,0.8483999967575073,0.4672999978065491,0.44654,0.4228,0.51904,0.4867,0.32896,0.3123,0.48754,0.4509,0.52728,0.4829,0.35164,0.3331,0.52004,0.4648,0.5851,0.4835,0.7428,0.474
3,True,True,0.8094199895858765,0.45489999651908875,0.42372,0.4158,0.51064,0.4819,0.35544,0.339,0.4817,0.4512,0.5191,0.4754,0.34176,0.3261,0.50586,0.4623,0.56884,0.4813,0.69278,0.4586
3,True,True,0.8653799891471863,0.47859999537467957,0.4469,0.4287,0.52376,0.4858,0.3463,0.3343,0.4973,0.4554,0.52596,0.4762,0.369,0.352,0.52888,0.4671,0.59996,0.4875,0.7628,0.4751
3,True,True,0.8601800203323364,0.46320000290870667,0.4266,0.4148,0.51334,0.4796,0.39922,0.3884,0.49606,0.4595,0.52374,0.48,0.35394,0.3262,0.51808,0.4657,0.58726,0.481,0.7358,0.4598
3,True,True,0.832260012626648,0.45590001344680786,0.43452,0.4235,0.51872,0.4822,0.39204,0.3795,0.49614,0.4568,0.52694,0.479,0.31256,0.299,0.5171,0.4674,0.58192,0.4869,0.71808,0.4623
3,True,True,0.825760006904602,0.46619999408721924,0.43426,0.4235,0.5182,0.4817,0.35266,0.3356,0.49728,0.4542,0.52228,0.4806,0.33382,0.3206,0.51418,0.466,0.57478,0.482,0.71756,0.466
3,True,True,0.8421800136566162,0.4650000035762787,0.43252,0.4203,0.5201,0.4861,0.32158,0.3121,0.48168,0.4464,0.52662,0.4825,0.38138,0.3654,0.51944,0.4641,0.59184,0.4885,0.72898,0.4692
3,True,True,0.8526800274848938,0.4641999900341034,0.42812,0.414,0.5141,0.4809,0.347,0.3299,0.48398,0.4465,0.52134,0.4801,0.37356,0.3491,0.51644,0.4593,0.57998,0.4847,0.74032,0.4635
3,True,True,0.8336600065231323,0.46639999747276306,0.42902,0.4136,0.51378,0.4828,0.33116,0.3195,0.47538,0.442,0.51658,0.4789,0.3828,0.3583,0.50716,0.4584,0.5668,0.4812,0.7014,0.4729
3,True,True,0.8206999897956848,0.460099995136261,0.43086,0.4139,0.51678,0.4822,0.3565,0.344,0.48738,0.4489,0.52306,0.4749,0.34274,0.3187,0.51304,0.4526,0.57892,0.4816,0.7059,0.4609
3,True,True,0.8287400007247925,0.4555000066757202,0.42886,0.4134,0.5197,0.4856,0.3918,0.3789,0.49746,0.4575,0.52896,0.4776,0.36066,0.3373,0.52738,0.4694,0.59208,0.4843,0.72322,0.4585
3,True,True,0.8288999795913696,0.4537999927997589,0.41674,0.4066,0.51292,0.481,0.30196,0.2806,0.47276,0.4398,0.5182,0.4803,0.37164,0.3564,0.5047,0.4572,0.56818,0.4796,0.70394,0.4605
3,True,True,0.8460800051689148,0.4562999904155731,0.42218,0.4056,0.51232,0.4812,0.36918,0.351,0.48448,0.4429,0.5216,0.4761,0.40098,0.3752,0.52192,0.4615,0.59482,0.4858,0.72596,0.4532
3,True,True,0.8131200075149536,0.4666000008583069,0.44312,0.4247,0.52246,0.4808,0.3605,0.3493,0.50168,0.4568,0.53146,0.4836,0.31622,0.3063,0.51918,0.4654,0.57892,0.4865,0.70224,0.4692
3,True,True,0.8476799726486206,0.4560000002384186,0.42558,0.4094,0.51454,0.4847,0.37644,0.3578,0.49262,0.4496,0.52388,0.4743,0.33302,0.3175,0.51092,0.459,0.57982,0.4797,0.72422,0.4642
3,True,True,0.8474199771881104,0.4618000090122223,0.43316,0.4198,0.52088,0.4883,0.38136,0.3664,0.50042,0.4549,0.53258,0.4833,0.3592,0.3434,0.53486,0.4709,0.60378,0.4882,0.75122,0.4633
3,True,True,0.8664000034332275,0.46790000796318054,0.43202,0.4158,0.51758,0.4791,0.3969,0.3748,0.50178,0.4517,0.53126,0.4716,0.32164,0.306,0.5193,0.457,0.5876,0.4838,0.74592,0.4685
3,True,True,0.8341599702835083,0.4499000012874603,0.41642,0.4032,0.51026,0.4792,0.36646,0.3549,0.4851,0.4442,0.52048,0.4753,0.33312,0.3183,0.50484,0.4618,0.56398,0.4794,0.70492,0.4577
3,True,True,0.8550400137901306,0.46160000562667847,0.42786,0.412,0.51164,0.4799,0.3749,0.3659,0.48806,0.4481,0.51808,0.4749,0.36804,0.3458,0.5104,0.4571,0.57954,0.481,0.72122,0.4603
3,True,True,0.8069000244140625,0.4650999903678894,0.4291,0.4123,0.514,0.4799,0.37644,0.3632,0.48826,0.455,0.52252,0.4768,0.29978,0.2853,0.50446,0.4599,0.56672,0.4881,0.69356,0.4658
3,True,True,0.8544800281524658,0.459199994802475,0.44254,0.4241,0.51948,0.4846,0.30122,0.2938,0.48488,0.4515,0.5243,0.4853,0.40394,0.3786,0.52698,0.465,0.59798,0.4866,0.75808,0.4624
3,True,True,0.8440600037574768,0.45590001344680786,0.44054,0.4301,0.51732,0.4879,0.36462,0.3564,0.49178,0.4533,0.52374,0.4786,0.34092,0.3201,0.51534,0.4628,0.58548,0.4803,0.72394,0.4613
3,True,True,0.8529199957847595,0.4652000069618225,0.42878,0.4148,0.51634,0.4812,0.37692,0.3618,0.49504,0.4496,0.52506,0.4753,0.36306,0.3441,0.52744,0.4639,0.59354,0.4789,0.74882,0.4672
3,True,True,0.8361999988555908,0.4569999873638153,0.43938,0.4221,0.51936,0.4795,0.36132,0.3503,0.4968,0.4604,0.53004,0.4723,0.34342,0.3211,0.52872,0.4632,0.59438,0.483,0.73774,0.4587
3,True,True,0.8299599885940552,0.4611999988555908,0.43406,0.4212,0.51778,0.4845,0.30804,0.2964,0.4923,0.4493,0.5291,0.4824,0.35362,0.3303,0.52178,0.4637,0.584,0.4872,0.73136,0.4718
3,False,True,0.890999972820282,0.439300000667572,0.39932,0.3915,0.38672,0.3705,0.32286,0.309,0.43896,0.413,0.4113,0.3934,0.35368,0.3311,0.45686,0.4188,0.54816,0.4747,0.76048,0.446
3,False,True,0.890720009803772,0.43389999866485596,0.40294,0.3926,0.42098,0.4045,0.37114,0.3511,0.45112,0.4167,0.38798,0.3743,0.2913,0.2775,0.46436,0.4232,0.56286,0.4724,0.77214,0.4463
3,False,True,0.9012399911880493,0.4456999897956848,0.4035,0.3965,0.3233,0.3105,0.20606,0.1988,0.43032,0.4081,0.42994,0.4148,0.32254,0.3029,0.4651,0.4218,0.55548,0.4784,0.77764,0.463
3,False,True,0.9170399904251099,0.45910000801086426,0.4277,0.412,0.3759,0.3606,0.18048,0.1737,0.45542,0.4291,0.43086,0.4099,0.37574,0.35,0.47776,0.4307,0.58218,0.4888,0.78442,0.4685
3,False,True,0.9141799807548523,0.45680001378059387,0.4112,0.4022,0.35238,0.3433,0.22028,0.2102,0.43764,0.4221,0.42478,0.4047,0.35588,0.341,0.46414,0.4327,0.56456,0.4828,0.77632,0.4673
3,False,True,0.9009199738502502,0.44190001487731934,0.41038,0.4022,0.43192,0.4166,0.1,0.1,0.41772,0.4134,0.44074,0.4277,0.36376,0.35,0.46448,0.4281,0.55332,0.4797,0.77448,0.4553
3,False,True,0.8940200209617615,0.4519999921321869,0.39812,0.3932,0.3916,0.3826,0.30738,0.2909,0.4416,0.4184,0.38844,0.375,0.30448,0.2832,0.457,0.4267,0.55832,0.4776,0.76438,0.4621
3,False,True,0.8892999887466431,0.44020000100135803,0.3984,0.3868,0.39098,0.3736,0.29748,0.2769,0.43702,0.4096,0.4131,0.3958,0.33808,0.3203,0.4544,0.4191,0.54882,0.4723,0.76766,0.4498
3,False,True,0.8981000185012817,0.43959999084472656,0.40914,0.3955,0.40762,0.3951,0.32054,0.2982,0.44996,0.4167,0.40418,0.3879,0.31678,0.2948,0.46726,0.4257,0.56304,0.4826,0.756,0.4641
3,False,True,0.8869600296020508,0.43479999899864197,0.40062,0.3939,0.41886,0.4058,0.33884,0.3334,0.44622,0.4171,0.38638,0.368,0.29512,0.2768,0.46252,0.42,0.55474,0.4778,0.75888,0.4503
3,False,True,0.9187600016593933,0.45159998536109924,0.41316,0.4114,0.28752,0.2767,0.15028,0.1488,0.43664,0.4222,0.43632,0.411,0.36376,0.3507,0.46566,0.4233,0.5763,0.4842,0.79764,0.4665
3,False,True,0.9150400161743164,0.448199987411499,0.41434,0.4079,0.32466,0.3153,0.21358,0.1973,0.4411,0.4218,0.43276,0.4136,0.37836,0.3546,0.4691,0.427,0.57148,0.478,0.78404,0.4566
3,False,True,0.8984400033950806,0.44600000977516174,0.41846,0.4059,0.346,0.3328,0.19244,0.1868,0.44464,0.4261,0.42662,0.4005,0.3718,0.3411,0.47398,0.4298,0.56406,0.4758,0.76156,0.4646
3,False,True,0.9061200022697449,0.42289999127388,0.40586,0.3915,0.2474,0.2394,0.14176,0.142,0.42414,0.4086,0.43074,0.4189,0.39916,0.3771,0.4671,0.4185,0.57326,0.4675,0.7689,0.4497
3,False,True,0.8960199952125549,0.4521999955177307,0.40616,0.399,0.37184,0.3618,0.25596,0.2435,0.44152,0.4207,0.4333,0.4122,0.34886,0.3258,0.46772,0.4293,0.56756,0.4872,0.75314,0.4671
3,False,True,0.8827400207519531,0.435699999332428,0.40166,0.391,0.35372,0.3394,0.27438,0.263,0.43582,0.4162,0.41826,0.4071,0.33374,0.3114,0.45646,0.4231,0.54494,0.4803,0.75216,0.4516
3,False,True,0.9092000126838684,0.4551999866962433,0.42328,0.4142,0.39192,0.3742,0.24868,0.2359,0.45496,0.4252,0.41988,0.4048,0.3334,0.3197,0.48024,0.4338,0.57848,0.4831,0.80652,0.4695
3,False,True,0.9038599729537964,0.4499000012874603,0.40714,0.4009,0.38944,0.3787,0.31286,0.2961,0.45258,0.4259,0.414,0.3929,0.342,0.319,0.47542,0.4249,0.57346,0.478,0.79388,0.4605
3,False,True,0.9172800183296204,0.46720001101493835,0.4222,0.4111,0.42422,0.4006,0.37188,0.3526,0.47284,0.4333,0.35402,0.3323,0.21436,0.1986,0.48132,0.4377,0.59074,0.4905,0.80354,0.47
3,False,True,0.9069799780845642,0.4465000033378601,0.4058,0.3943,0.39876,0.3727,0.29,0.2776,0.44882,0.4212,0.44448,0.4227,0.37952,0.3532,0.4796,0.4258,0.57954,0.4773,0.7912,0.4575
3,False,True,0.9153199791908264,0.4625000059604645,0.4211,0.4064,0.43322,0.4154,0.3863,0.3667,0.47578,0.4258,0.36246,0.3324,0.22168,0.2074,0.48748,0.4328,0.58878,0.4876,0.81184,0.4611
3,False,True,0.9059000015258789,0.4465000033378601,0.40958,0.4042,0.35584,0.3443,0.2492,0.2429,0.44134,0.4216,0.42966,0.4127,0.3827,0.36,0.46808,0.421,0.56882,0.4819,0.77538,0.4587
3,False,True,0.9135199785232544,0.4453999996185303,0.41658,0.4115,0.1605,0.1564,0.14766,0.1473,0.43166,0.4181,0.43606,0.4187,0.36952,0.3473,0.47296,0.4352,0.57634,0.4864,0.7906,0.4613
3,False,True,0.9095199704170227,0.45669999718666077,0.41352,0.4073,0.33958,0.3255,0.17234,0.1657,0.44098,0.4233,0.42684,0.4156,0.36608,0.3447,0.47228,0.4311,0.57092,0.4894,0.7895,0.4703
3,False,True,0.8830199837684631,0.4345000088214874,0.3978,0.3841,0.26594,0.2617,0.11474,0.1117,0.41244,0.3977,0.43038,0.4077,0.37564,0.3487,0.45622,0.4079,0.55058,0.4724,0.73114,0.4526
2,True,True,0.8554800152778625,0.4726000130176544,0.43708,0.4224,0.52012,0.4857,0.42136,0.3948,0.51752,0.4601,0.5866,0.4854,0.75078,0.4669
2,True,True,0.8275200128555298,0.47279998660087585,0.44382,0.4253,0.52624,0.48,0.37146,0.3571,0.50404,0.4605,0.56202,0.4877,0.70228,0.4728
2,True,True,0.8469799757003784,0.4668000042438507,0.43592,0.4179,0.52134,0.4888,0.39074,0.3708,0.5076,0.4597,0.57046,0.4879,0.71534,0.4636
2,True,True,0.8471999764442444,0.46149998903274536,0.44226,0.4284,0.52428,0.4796,0.37754,0.3601,0.51198,0.4592,0.57298,0.4867,0.73502,0.4657
2,True,True,0.8513799905776978,0.47440001368522644,0.44,0.4235,0.52466,0.4823,0.3856,0.3715,0.50874,0.4592,0.5684,0.488,0.7241,0.4705
2,True,True,0.8418200016021729,0.4636000096797943,0.43522,0.4199,0.52146,0.4867,0.38942,0.3676,0.50598,0.4567,0.56946,0.4817,0.70722,0.4696
2,True,True,0.8400400280952454,0.4652999937534332,0.4297,0.4191,0.5193,0.4832,0.39494,0.3787,0.50074,0.4517,0.56584,0.4851,0.72054,0.471
2,True,True,0.8521000146865845,0.46540001034736633,0.44066,0.4273,0.5174,0.4819,0.41078,0.391,0.50842,0.4645,0.56862,0.4818,0.72766,0.4641
2,True,True,0.8559399843215942,0.46470001339912415,0.44808,0.433,0.5233,0.4854,0.38402,0.3621,0.51562,0.4662,0.57636,0.4828,0.72926,0.4692
2,True,True,0.8574600219726562,0.45660001039505005,0.44468,0.4298,0.5262,0.4876,0.41546,0.3893,0.52674,0.465,0.58498,0.4855,0.7328,0.4612
2,True,True,0.817080020904541,0.45579999685287476,0.42858,0.4092,0.52006,0.4852,0.40984,0.3886,0.5115,0.4583,0.57498,0.4811,0.71208,0.4649
2,True,True,0.8141999840736389,0.47119998931884766,0.43766,0.4188,0.52396,0.4824,0.38336,0.3634,0.50576,0.4534,0.56744,0.4834,0.7131,0.4746
2,True,True,0.8515999913215637,0.46160000562667847,0.43274,0.4218,0.52296,0.4829,0.41576,0.3945,0.5187,0.4577,0.57798,0.483,0.74932,0.4669
2,True,True,0.8612200021743774,0.461899995803833,0.45164,0.429,0.52616,0.4838,0.40752,0.3835,0.51188,0.46,0.57306,0.4853,0.7314,0.4719
2,True,True,0.8348600268363953,0.45809999108314514,0.44084,0.4246,0.52554,0.4914,0.39846,0.3765,0.50782,0.4524,0.57514,0.4853,0.71212,0.4657
2,True,True,0.8630399703979492,0.4666999876499176,0.44286,0.4255,0.52618,0.4857,0.42036,0.3942,0.5266,0.4691,0.59618,0.4956,0.73866,0.4733
2,True,True,0.8396999835968018,0.4620000123977661,0.43454,0.4186,0.5172,0.4798,0.4037,0.3807,0.51276,0.4582,0.57874,0.4839,0.71974,0.4715
2,True,True,0.8319600224494934,0.45750001072883606,0.4288,0.4108,0.51862,0.4895,0.42662,0.4126,0.51428,0.4616,0.57534,0.4891,0.7154,0.4556
2,True,True,0.8321599960327148,0.4575999975204468,0.43094,0.4192,0.51372,0.4818,0.39594,0.3834,0.51002,0.4557,0.56844,0.4804,0.71102,0.4634
2,True,True,0.8522199988365173,0.46630001068115234,0.44994,0.435,0.5251,0.4857,0.39786,0.377,0.5147,0.4621,0.57932,0.4887,0.7414,0.4706
2,True,True,0.8550199866294861,0.4643999934196472,0.4431,0.4257,0.5236,0.4857,0.41442,0.3846,0.52766,0.461,0.59234,0.4872,0.7368,0.4715
2,True,True,0.8444399833679199,0.4641999900341034,0.43904,0.4272,0.52532,0.4851,0.40886,0.3822,0.51638,0.4611,0.57966,0.4847,0.72362,0.4649
2,True,True,0.8530600070953369,0.4745999872684479,0.4382,0.4163,0.52192,0.478,0.37266,0.3611,0.5023,0.4494,0.57342,0.4859,0.72362,0.4723
2,True,True,0.809719979763031,0.45739999413490295,0.43962,0.4195,0.5212,0.4825,0.3769,0.3553,0.50012,0.4536,0.5565,0.4834,0.68604,0.4641
2,True,True,0.8445199728012085,0.4603999853134155,0.4483,0.4277,0.52288,0.4831,0.4066,0.3838,0.5168,0.4605,0.57788,0.4863,0.7256,0.4667
2,False,True,0.8980799913406372,0.45419999957084656,0.41732,0.4105,0.4197,0.406,0.36218,0.3377,0.46892,0.4292,0.57054,0.4852,0.7888,0.4641
2,False,True,0.906440019607544,0.4578999876976013,0.41832,0.4104,0.41816,0.3982,0.3454,0.3262,0.46962,0.4358,0.57276,0.4862,0.80256,0.4641
2,False,True,0.9122999906539917,0.4562999904155731,0.42186,0.4092,0.43162,0.41,0.3783,0.3508,0.48124,0.4407,0.58318,0.4864,0.80542,0.4594
2,False,True,0.9049599766731262,0.45509999990463257,0.42162,0.4087,0.42178,0.3984,0.30686,0.2866,0.46358,0.4245,0.5634,0.4893,0.76734,0.4726
2,False,True,0.9045199751853943,0.459199994802475,0.4266,0.4181,0.42378,0.4013,0.37298,0.342,0.47518,0.4286,0.56994,0.479,0.79342,0.4633
2,False,True,0.9000599980354309,0.4602000117301941,0.41524,0.4098,0.4359,0.4156,0.36312,0.3392,0.4741,0.4343,0.58128,0.4774,0.80196,0.4635
2,False,True,0.9078199863433838,0.4553999900817871,0.4203,0.406,0.42454,0.4082,0.3193,0.2986,0.46524,0.4258,0.55996,0.4828,0.77734,0.4594
2,False,True,0.9187800288200378,0.45980000495910645,0.42238,0.4135,0.41708,0.4005,0.35266,0.3366,0.46772,0.4309,0.56816,0.482,0.80728,0.4676
2,False,True,0.9172599911689758,0.45210000872612,0.42112,0.4107,0.41942,0.3911,0.33164,0.3166,0.46544,0.4239,0.5703,0.4862,0.78908,0.4655
2,False,True,0.9107400178909302,0.4447000026702881,0.41444,0.4063,0.42042,0.3958,0.35326,0.3391,0.47278,0.4301,0.5699,0.4862,0.78696,0.4631
2,False,True,0.9015399813652039,0.4494999945163727,0.41112,0.405,0.42866,0.407,0.3755,0.3587,0.47456,0.4347,0.57608,0.4753,0.77336,0.4518
2,False,True,0.901419997215271,0.44510000944137573,0.40764,0.4018,0.41378,0.3952,0.3055,0.2937,0.455,0.4234,0.54832,0.4784,0.7509,0.4573
2,False,True,0.9167600274085999,0.46799999475479126,0.4264,0.4229,0.42494,0.4053,0.32638,0.3151,0.4746,0.4358,0.57744,0.489,0.80574,0.4689
2,False,True,0.9084200263023376,0.4634999930858612,0.42418,0.411,0.42072,0.3985,0.33544,0.3138,0.47486,0.4317,0.57412,0.4904,0.79262,0.4675
2,False,True,0.8883200287818909,0.44600000977516174,0.40684,0.3995,0.42374,0.405,0.2773,0.2639,0.45046,0.4195,0.54558,0.4772,0.75432,0.4615
2,False,True,0.9286199808120728,0.4521999955177307,0.42722,0.412,0.4269,0.4093,0.37106,0.3399,0.48108,0.4307,0.5825,0.4875,0.82628,0.4687
2,False,True,0.9014400243759155,0.45509999990463257,0.41914,0.4129,0.40142,0.3835,0.31336,0.2975,0.46286,0.4313,0.55764,0.4813,0.7778,0.4674
2,False,True,0.9293799996376038,0.4577000141143799,0.42142,0.4126,0.41108,0.3941,0.33022,0.308,0.47354,0.4333,0.57122,0.4877,0.78724,0.4676
2,False,True,0.9079399704933167,0.4553000032901764,0.41502,0.4061,0.4308,0.4125,0.35878,0.3312,0.46282,0.4236,0.56806,0.4936,0.77796,0.4675
2,False,True,0.8993200063705444,0.4535999894142151,0.42846,0.4148,0.42878,0.4078,0.35206,0.3285,0.4799,0.4345,0.56982,0.4856,0.78524,0.4609
2,False,True,0.9186199903488159,0.4611999988555908,0.42762,0.4176,0.41528,0.4025,0.29566,0.2776,0.47374,0.4411,0.57098,0.4923,0.78646,0.4738
2,False,True,0.9225000143051147,0.4571000039577484,0.42364,0.4125,0.42752,0.4007,0.34084,0.3243,0.4779,0.4355,0.57766,0.4885,0.80794,0.4606
2,False,True,0.9143400192260742,0.4578000009059906,0.41914,0.4095,0.41762,0.3979,0.37144,0.3375,0.48098,0.4353,0.58526,0.4843,0.81582,0.4589
2,False,True,0.9172400236129761,0.45339998602867126,0.42068,0.4104,0.42148,0.3961,0.3844,0.3554,0.48174,0.437,0.5845,0.4863,0.78674,0.4642
2,False,True,0.8909800052642822,0.42559999227523804,0.40026,0.3929,0.41324,0.3982,0.30024,0.2881,0.44988,0.4242,0.54004,0.4836,0.74568,0.4516
