reservoir_layer_scaling_factor,frozen,train_accuracy,val_accuracy,layer_0_train_separability,layer_0_test_separability,layer_1_train_separability,layer_1_test_separability,layer_2_train_separability,layer_2_test_separability,layer_3_train_separability,layer_3_test_separability,layer_4_train_separability,layer_4_test_separability,layer_5_train_separability,layer_5_test_separability
0.25,True,0.8695799708366394,0.4449999928474426,0.41428,0.4063,0.44748,0.4288,0.53064,0.477,0.58494,0.482,0.63466,0.4732,0.75178,0.469
0.25,True,0.8522199988365173,0.4490000009536743,0.41844,0.4074,0.44162,0.4308,0.52192,0.478,0.5715,0.4826,0.60892,0.4628,0.7305,0.4677
0.25,True,0.85944002866745,0.45559999346733093,0.42088,0.4095,0.44902,0.4298,0.52396,0.4851,0.57118,0.4799,0.62142,0.4688,0.74784,0.4734
0.25,True,0.8529599905014038,0.4514999985694885,0.42274,0.4134,0.45428,0.4445,0.52844,0.483,0.5802,0.4851,0.63778,0.4739,0.7596,0.4644
0.25,True,0.8537200093269348,0.4507000148296356,0.42546,0.4119,0.45184,0.4284,0.52568,0.4794,0.57078,0.4752,0.61444,0.4599,0.74494,0.4681
0.25,True,0.8555200099945068,0.4575999975204468,0.4151,0.4031,0.44764,0.4402,0.52214,0.48,0.57128,0.478,0.63482,0.465,0.75952,0.4658
0.25,True,0.8607199788093567,0.45820000767707825,0.42266,0.4091,0.44962,0.437,0.52596,0.4833,0.58546,0.4804,0.62604,0.4749,0.7486,0.4677
0.25,True,0.8595799803733826,0.45890000462532043,0.42012,0.4081,0.4549,0.4432,0.5265,0.4844,0.58212,0.4881,0.63454,0.4755,0.75464,0.4696
0.25,True,0.8648999929428101,0.445499986410141,0.41808,0.4088,0.4546,0.4369,0.52528,0.4781,0.57716,0.4815,0.6303,0.4609,0.75234,0.4629
0.25,True,0.8707799911499023,0.4560999870300293,0.41918,0.4072,0.4529,0.4409,0.52742,0.4831,0.58066,0.4868,0.63584,0.4768,0.76636,0.4784
0.25,True,0.8536400198936462,0.44699999690055847,0.42074,0.4093,0.4483,0.4326,0.53072,0.4792,0.5865,0.4814,0.64274,0.4684,0.76348,0.4644
0.25,True,0.8622400164604187,0.4521999955177307,0.41748,0.406,0.45406,0.439,0.52578,0.4802,0.57928,0.4759,0.62846,0.4634,0.7588,0.4645
0.25,True,0.8596400022506714,0.4424999952316284,0.41814,0.4124,0.4495,0.4372,0.52118,0.48,0.56724,0.4766,0.60628,0.4612,0.71898,0.466
0.25,True,0.8644599914550781,0.4480000138282776,0.43032,0.4146,0.45006,0.4331,0.5293,0.4797,0.58674,0.4796,0.6466,0.4664,0.7738,0.4647
0.25,True,0.8637999892234802,0.45579999685287476,0.42138,0.408,0.45282,0.4387,0.52592,0.4781,0.57072,0.4772,0.61764,0.4704,0.75238,0.4719
0.25,True,0.8623200058937073,0.45730000734329224,0.42508,0.4127,0.45684,0.4461,0.52698,0.4877,0.57696,0.4834,0.63762,0.4717,0.76774,0.4669
0.25,True,0.8617799878120422,0.453900009393692,0.42128,0.4113,0.4479,0.4339,0.52856,0.4799,0.57708,0.4755,0.6376,0.4684,0.74766,0.467
0.25,True,0.8652999997138977,0.45249998569488525,0.4184,0.4042,0.44584,0.4334,0.52896,0.4818,0.5819,0.4827,0.62494,0.4691,0.76358,0.4609
0.25,True,0.8580800294876099,0.44839999079704285,0.42816,0.4171,0.45452,0.4383,0.53228,0.4879,0.58466,0.4862,0.6252,0.4651,0.75396,0.471
0.25,True,0.8763399720191956,0.46650001406669617,0.42702,0.4139,0.45148,0.435,0.52784,0.4838,0.58504,0.49,0.64884,0.4676,0.77828,0.473
0.25,True,0.8582199811935425,0.4512999951839447,0.43182,0.4201,0.45454,0.4438,0.53006,0.4833,0.5896,0.4807,0.63924,0.4733,0.75458,0.4715
0.25,True,0.8615800142288208,0.45559999346733093,0.42624,0.4104,0.45168,0.4411,0.52794,0.4822,0.58256,0.4812,0.64198,0.4703,0.77332,0.4655
0.25,True,0.861299991607666,0.4620000123977661,0.42774,0.4159,0.45314,0.4345,0.53056,0.484,0.58272,0.4862,0.63224,0.4778,0.73842,0.4706
0.25,True,0.8622999787330627,0.4447999894618988,0.42536,0.4165,0.45374,0.4354,0.53004,0.4808,0.58576,0.489,0.63642,0.4833,0.75646,0.469
0.25,True,0.8640000224113464,0.4575999975204468,0.41986,0.4081,0.4491,0.4319,0.5288,0.4801,0.57924,0.482,0.62618,0.4649,0.75632,0.4699
0.25,False,0.8062599897384644,0.4627000093460083,0.45792,0.4347,0.48338,0.4586,0.55064,0.4945,0.64114,0.49,0.71624,0.4689,0.7761,0.4739
0.25,False,0.8043199777603149,0.47769999504089355,0.46668,0.4473,0.48414,0.4612,0.55196,0.4914,0.6295,0.4893,0.68278,0.4637,0.75172,0.4766
0.25,False,0.8003600239753723,0.4650999903678894,0.45424,0.4338,0.47816,0.4528,0.5431,0.4879,0.6305,0.4811,0.71294,0.4669,0.77712,0.4719
0.25,False,0.8146399855613708,0.45969998836517334,0.46612,0.4493,0.4862,0.4654,0.55268,0.4972,0.64552,0.4905,0.71212,0.4719,0.76924,0.4765
0.25,False,0.814300000667572,0.46070000529289246,0.44296,0.4217,0.47276,0.4564,0.5355,0.4874,0.62902,0.4784,0.71174,0.4552,0.77448,0.4619
0.25,False,0.7965999841690063,0.46000000834465027,0.45986,0.4349,0.4837,0.4542,0.55184,0.4877,0.63776,0.4815,0.6974,0.4636,0.7616,0.4624
0.25,False,0.8027200102806091,0.4668999910354614,0.4512,0.4375,0.47556,0.4588,0.5447,0.4922,0.64054,0.4821,0.71866,0.4661,0.7761,0.4638
0.25,False,0.7980800271034241,0.4668000042438507,0.4602,0.4423,0.46684,0.4496,0.54168,0.4893,0.62354,0.489,0.70508,0.4682,0.76234,0.4739
0.25,False,0.7978000044822693,0.4564000070095062,0.44804,0.43,0.47026,0.4449,0.53642,0.4844,0.62486,0.4784,0.71308,0.4674,0.76274,0.4662
0.25,False,0.7890599966049194,0.4672999978065491,0.4546,0.437,0.47242,0.4494,0.54572,0.4963,0.62826,0.4815,0.6979,0.4626,0.75744,0.4661
0.25,False,0.7982400059700012,0.4618000090122223,0.45386,0.4365,0.47478,0.4539,0.54348,0.4842,0.63028,0.4797,0.69704,0.4597,0.7578,0.4621
0.25,False,0.8195199966430664,0.4659000039100647,0.4571,0.4409,0.48668,0.4572,0.55412,0.5008,0.6439,0.4864,0.71496,0.4678,0.77536,0.4715
0.25,False,0.7901999950408936,0.46239998936653137,0.4433,0.433,0.46484,0.4488,0.53322,0.4897,0.60726,0.4891,0.66518,0.4729,0.72164,0.4715
0.25,False,0.8050600290298462,0.4584999978542328,0.4526,0.4389,0.48398,0.4641,0.54896,0.496,0.63148,0.4841,0.69868,0.4714,0.76386,0.465
0.25,False,0.8057199716567993,0.46160000562667847,0.46084,0.4403,0.47766,0.4586,0.54654,0.491,0.63456,0.4847,0.70352,0.4654,0.76938,0.4669
0.25,False,0.803380012512207,0.4690999984741211,0.45636,0.4386,0.4813,0.4582,0.54874,0.4965,0.63752,0.4835,0.71106,0.4741,0.76714,0.4706
0.25,False,0.7977399826049805,0.46869999170303345,0.43946,0.4237,0.46906,0.451,0.53406,0.4911,0.62018,0.4828,0.70108,0.4656,0.76958,0.4736
0.25,False,0.820900022983551,0.4494999945163727,0.43002,0.4196,0.4686,0.4485,0.53828,0.4872,0.6328,0.4799,0.7094,0.4618,0.7684,0.4602
0.25,False,0.8020200133323669,0.4611999988555908,0.4531,0.436,0.46776,0.4484,0.54188,0.4888,0.62552,0.4828,0.70964,0.4637,0.76454,0.4659
0.25,False,0.8165000081062317,0.4674000144004822,0.46854,0.4492,0.48526,0.4625,0.55538,0.4922,0.65688,0.4809,0.7254,0.4626,0.79436,0.4702
0.25,False,0.8037400245666504,0.4700999855995178,0.45192,0.4303,0.47118,0.4447,0.5405,0.49,0.62922,0.4825,0.70732,0.4712,0.7742,0.4695
0.25,False,0.8067799806594849,0.4675999879837036,0.45974,0.4449,0.47556,0.4516,0.54926,0.4995,0.64154,0.4889,0.72494,0.462,0.7809,0.4694
0.25,False,0.796779990196228,0.4496999979019165,0.46464,0.4437,0.4714,0.4521,0.54838,0.494,0.63178,0.4839,0.70168,0.4601,0.76918,0.464
0.25,False,0.8069999814033508,0.459199994802475,0.45366,0.4344,0.48014,0.46,0.5451,0.4956,0.62712,0.4862,0.70496,0.4634,0.76086,0.4692
0.25,False,0.8145400285720825,0.45590001344680786,0.43698,0.4287,0.4669,0.4519,0.54002,0.4865,0.63394,0.4795,0.71404,0.4628,0.78846,0.4698
0.5,True,0.8819199800491333,0.4648999869823456,0.42534,0.4044,0.4756,0.4515,0.53366,0.4802,0.59164,0.4886,0.64336,0.4845,0.77306,0.4741
0.5,True,0.8844199776649475,0.4625999927520752,0.4316,0.4198,0.47128,0.4542,0.54144,0.4891,0.60072,0.49,0.6535,0.4895,0.78112,0.4718
0.5,True,0.8870000243186951,0.46050000190734863,0.4194,0.4013,0.46836,0.4443,0.5356,0.4843,0.58736,0.4871,0.62232,0.4839,0.75262,0.47
0.5,True,0.8842999935150146,0.4616999924182892,0.42832,0.4171,0.4716,0.4539,0.54136,0.4819,0.5981,0.4908,0.6485,0.4803,0.77616,0.469
0.5,True,0.8944200277328491,0.46399998664855957,0.42626,0.4172,0.47278,0.4597,0.54158,0.4839,0.61168,0.4885,0.6586,0.4836,0.78774,0.4787
0.5,True,0.8925399780273438,0.45249998569488525,0.41766,0.4101,0.46918,0.4539,0.54208,0.4809,0.60886,0.4872,0.66356,0.4846,0.79174,0.4645
0.5,True,0.8934000134468079,0.45820000767707825,0.42314,0.4082,0.4719,0.4494,0.54558,0.4844,0.60654,0.4858,0.65734,0.4856,0.77844,0.4609
0.5,True,0.8871999979019165,0.46230000257492065,0.43138,0.4179,0.47374,0.4597,0.54628,0.4885,0.60674,0.4905,0.65984,0.4872,0.7785,0.4755
0.5,True,0.8959599733352661,0.46480000019073486,0.42704,0.4143,0.47346,0.4541,0.54966,0.4852,0.60966,0.4969,0.6612,0.4844,0.78334,0.4737
0.5,True,0.8971800208091736,0.4596000015735626,0.42126,0.4084,0.46948,0.4519,0.54452,0.4887,0.62308,0.4909,0.67396,0.4854,0.78782,0.4748
0.5,True,0.8816199898719788,0.4652000069618225,0.42922,0.4215,0.4811,0.4616,0.54244,0.4851,0.59938,0.4925,0.65442,0.4889,0.77462,0.4754
0.5,True,0.8791400194168091,0.46389999985694885,0.42716,0.4145,0.46938,0.4582,0.53122,0.4859,0.58594,0.4957,0.64068,0.4926,0.74486,0.4765
0.5,True,0.8933200240135193,0.461899995803833,0.42982,0.4179,0.47444,0.4559,0.53244,0.4871,0.58742,0.4914,0.63784,0.487,0.76106,0.4766
0.5,True,0.8935999870300293,0.4528000056743622,0.41918,0.4085,0.47216,0.4609,0.53772,0.4807,0.5989,0.4919,0.65208,0.4899,0.77022,0.4735
0.5,True,0.8805400133132935,0.46140000224113464,0.422,0.4125,0.4698,0.4485,0.53504,0.4838,0.58972,0.4869,0.63912,0.4806,0.77204,0.4745
0.5,True,0.8772000074386597,0.4555000066757202,0.42644,0.4168,0.46512,0.4509,0.53316,0.4873,0.59288,0.4941,0.64998,0.4889,0.78422,0.4706
0.5,True,0.8874599933624268,0.4609000086784363,0.41688,0.4093,0.47064,0.4566,0.53978,0.4865,0.60552,0.4861,0.65666,0.4868,0.78124,0.4738
0.5,True,0.8913599848747253,0.4708000123500824,0.43202,0.4134,0.47226,0.4572,0.54212,0.4875,0.6008,0.4991,0.65854,0.4918,0.79152,0.4759
0.5,True,0.8908600211143494,0.4514999985694885,0.41976,0.4101,0.47146,0.4538,0.54124,0.4852,0.60342,0.4938,0.65404,0.4853,0.75984,0.4725
0.5,True,0.8796200156211853,0.460999995470047,0.42232,0.4049,0.47344,0.4476,0.53498,0.4781,0.5868,0.488,0.63292,0.4846,0.77232,0.4762
0.5,True,0.8878999948501587,0.4607999920845032,0.42146,0.403,0.46816,0.4453,0.53184,0.4831,0.59046,0.4889,0.64578,0.4852,0.78262,0.4764
0.5,True,0.9003999829292297,0.4553000032901764,0.42054,0.4045,0.47204,0.454,0.54044,0.4862,0.60134,0.4893,0.65024,0.4882,0.76748,0.4635
0.5,True,0.8803799748420715,0.45829999446868896,0.42494,0.4113,0.47264,0.4491,0.53294,0.485,0.58864,0.4895,0.6411,0.4843,0.77452,0.4689
0.5,True,0.8894199728965759,0.4603999853134155,0.42114,0.4063,0.46836,0.4475,0.54264,0.4806,0.60208,0.4888,0.65762,0.4858,0.77372,0.4696
0.5,True,0.887499988079071,0.46380001306533813,0.4278,0.4181,0.47082,0.4521,0.5363,0.4869,0.5927,0.4949,0.64502,0.4843,0.78772,0.4786
0.5,False,0.8295599818229675,0.4740000069141388,0.4588,0.4434,0.49898,0.4698,0.56638,0.4968,0.65876,0.4919,0.74706,0.4811,0.80096,0.4746
0.5,False,0.8438000082969666,0.459199994802475,0.41982,0.411,0.48464,0.4646,0.5464,0.483,0.64124,0.4837,0.74194,0.4656,0.80274,0.4601
0.5,False,0.8496800065040588,0.46129998564720154,0.4509,0.4359,0.49438,0.4627,0.56068,0.4956,0.65234,0.4854,0.7481,0.473,0.80436,0.4674
0.5,False,0.8525400161743164,0.47279998660087585,0.45314,0.4332,0.49806,0.4662,0.57212,0.4941,0.68166,0.4868,0.77472,0.4725,0.84192,0.4684
0.5,False,0.828499972820282,0.45809999108314514,0.45102,0.4329,0.4909,0.4641,0.55776,0.4929,0.64714,0.4846,0.71418,0.4708,0.77618,0.4646
0.5,False,0.8445799946784973,0.47119998931884766,0.44278,0.4306,0.4978,0.4734,0.5607,0.4977,0.6591,0.49,0.7506,0.4769,0.82064,0.4763
0.5,False,0.8403400182723999,0.46129998564720154,0.45202,0.4341,0.49374,0.4698,0.55986,0.4979,0.65166,0.4886,0.73296,0.4747,0.78822,0.4685
0.5,False,0.847100019454956,0.4575999975204468,0.43926,0.4206,0.49072,0.4651,0.55704,0.4902,0.65516,0.4794,0.74916,0.4655,0.82436,0.458
0.5,False,0.8454599976539612,0.45750001072883606,0.43626,0.4246,0.48976,0.4724,0.54934,0.4797,0.64176,0.4744,0.73982,0.4628,0.81428,0.4568
0.5,False,0.8378199934959412,0.460099995136261,0.44044,0.4216,0.49486,0.4634,0.5592,0.487,0.65804,0.4858,0.74654,0.4731,0.81712,0.4605
0.5,False,0.844539999961853,0.46790000796318054,0.44288,0.4253,0.49714,0.4695,0.55982,0.4953,0.65764,0.4857,0.75078,0.4703,0.81604,0.4669
0.5,False,0.8507999777793884,0.45739999413490295,0.44514,0.4308,0.49386,0.4688,0.55858,0.4943,0.65414,0.4787,0.75676,0.4691,0.8117,0.4603
0.5,False,0.8394799828529358,0.4575999975204468,0.44158,0.4281,0.48606,0.4656,0.54646,0.4872,0.639,0.4794,0.73378,0.4736,0.79386,0.4602
0.5,False,0.8503599762916565,0.4571000039577484,0.4406,0.4266,0.4949,0.4674,0.5592,0.4935,0.66566,0.4831,0.76782,0.4669,0.8263,0.4558
0.5,False,0.8468800187110901,0.46860000491142273,0.44506,0.4342,0.48778,0.4715,0.55364,0.4906,0.6551,0.4883,0.75232,0.4729,0.82282,0.4725
0.5,False,0.8410999774932861,0.460999995470047,0.45328,0.4345,0.4957,0.4736,0.55606,0.4891,0.6578,0.4896,0.75856,0.4698,0.82228,0.4649
0.5,False,0.8345400094985962,0.46540001034736633,0.44512,0.4326,0.49222,0.4645,0.5554,0.4869,0.65394,0.4866,0.75172,0.4676,0.81632,0.4685
0.5,False,0.8395599722862244,0.4641999900341034,0.4496,0.4399,0.4962,0.4716,0.56334,0.4951,0.65724,0.4905,0.75172,0.4758,0.80132,0.4646
0.5,False,0.8493599891662598,0.4560000002384186,0.42466,0.4088,0.48906,0.4667,0.55446,0.4917,0.64994,0.4863,0.74042,0.4689,0.80552,0.4562
0.5,False,0.8359000086784363,0.45559999346733093,0.4386,0.4285,0.48574,0.4584,0.54688,0.4893,0.6357,0.4855,0.71954,0.4694,0.78564,0.4608
0.5,False,0.8410999774932861,0.4602000117301941,0.4495,0.4357,0.49324,0.467,0.5607,0.4911,0.6565,0.4896,0.74496,0.4682,0.79426,0.4627
0.5,False,0.8490599989891052,0.4641000032424927,0.445,0.4381,0.49714,0.4712,0.56124,0.4984,0.6636,0.4831,0.76234,0.4739,0.82736,0.469
0.5,False,0.8309599757194519,0.4706999957561493,0.4571,0.4384,0.50262,0.4751,0.5651,0.4925,0.65918,0.4835,0.74242,0.4738,0.80416,0.4713
0.5,False,0.8422200083732605,0.451200008392334,0.44584,0.4284,0.49076,0.4645,0.55796,0.485,0.65292,0.4762,0.75112,0.4612,0.81878,0.4575
0.5,False,0.8386800289154053,0.45840001106262207,0.44024,0.425,0.49254,0.4704,0.55604,0.4887,0.6442,0.4838,0.72408,0.472,0.78002,0.4693
1,True,0.8786399960517883,0.4648999869823456,0.43668,0.4202,0.49858,0.4728,0.54132,0.4905,0.61458,0.4953,0.66324,0.4985,0.75948,0.4766
1,True,0.8723199963569641,0.4544999897480011,0.43504,0.4243,0.49156,0.4698,0.5295,0.4875,0.59552,0.4907,0.63928,0.4939,0.75018,0.4672
1,True,0.8698800206184387,0.4625999927520752,0.4309,0.4157,0.4957,0.4758,0.5378,0.4897,0.61174,0.4997,0.65236,0.4959,0.75466,0.4659
1,True,0.8753200173377991,0.45989999175071716,0.437,0.4227,0.49668,0.4729,0.52632,0.4815,0.59372,0.4961,0.63324,0.4979,0.75988,0.472
1,True,0.8824599981307983,0.46549999713897705,0.43408,0.4168,0.49644,0.4731,0.5431,0.49,0.60548,0.4979,0.6528,0.4945,0.75228,0.4791
1,True,0.8678399920463562,0.4747999906539917,0.44262,0.4316,0.50188,0.4725,0.54316,0.4863,0.60912,0.5022,0.65412,0.5046,0.76962,0.4797
1,True,0.8750399947166443,0.46869999170303345,0.43304,0.415,0.49546,0.4718,0.53674,0.484,0.59638,0.4993,0.64388,0.4969,0.77218,0.473
1,True,0.881380021572113,0.47450000047683716,0.44392,0.4274,0.50108,0.475,0.548,0.49,0.61758,0.5014,0.66214,0.5015,0.77554,0.484
1,True,0.896619975566864,0.4708999991416931,0.44238,0.4277,0.5002,0.4721,0.54968,0.4864,0.61418,0.4939,0.66286,0.495,0.77824,0.473
1,True,0.8832600116729736,0.46799999475479126,0.43054,0.4186,0.49748,0.4694,0.53926,0.4853,0.60908,0.4963,0.65428,0.5047,0.77054,0.4741
1,True,0.8770599961280823,0.4675000011920929,0.4321,0.4143,0.4963,0.4668,0.5386,0.4824,0.60768,0.4948,0.65528,0.5025,0.78272,0.4761
1,True,0.8779799938201904,0.46000000834465027,0.44126,0.4221,0.50222,0.4712,0.54312,0.4832,0.61178,0.4998,0.65338,0.5023,0.77068,0.4733
1,True,0.8839799761772156,0.46970000863075256,0.43228,0.4254,0.49624,0.471,0.5363,0.4866,0.60436,0.4936,0.6546,0.4979,0.77002,0.4704
1,True,0.8791599869728088,0.4659000039100647,0.44614,0.4323,0.50488,0.4776,0.54232,0.4869,0.61364,0.4963,0.6586,0.5057,0.77136,0.4766
1,True,0.8745200037956238,0.45840001106262207,0.42624,0.4134,0.49542,0.4717,0.5344,0.4885,0.60162,0.4945,0.64432,0.4971,0.7539,0.471
1,True,0.865339994430542,0.45980000495910645,0.43274,0.4227,0.49792,0.4699,0.53716,0.4869,0.59722,0.4897,0.64534,0.4996,0.7571,0.4694
1,True,0.8817800283432007,0.46790000796318054,0.44184,0.4349,0.49858,0.4726,0.54916,0.4861,0.62052,0.4911,0.67054,0.4988,0.77428,0.4743
1,True,0.8762800097465515,0.4713999927043915,0.43574,0.4213,0.49856,0.4729,0.5376,0.4789,0.60744,0.4956,0.65726,0.5026,0.7754,0.4725
1,True,0.8580999970436096,0.45980000495910645,0.433,0.4161,0.49378,0.47,0.53202,0.4889,0.60304,0.4996,0.64376,0.4975,0.74138,0.4712
1,True,0.8711000084877014,0.4693000018596649,0.44664,0.4304,0.50396,0.4796,0.54522,0.4878,0.60942,0.5014,0.6569,0.5001,0.75514,0.4784
1,True,0.8787000179290771,0.475600004196167,0.4383,0.4226,0.49652,0.4716,0.54058,0.4857,0.62112,0.5058,0.6752,0.5015,0.78604,0.4777
1,True,0.8719599843025208,0.4643000066280365,0.45628,0.4354,0.5051,0.4703,0.54108,0.4783,0.60174,0.4951,0.64872,0.4936,0.74504,0.4702
1,True,0.8865200281143188,0.46619999408721924,0.42938,0.42,0.49504,0.4676,0.54868,0.4861,0.61874,0.4988,0.67094,0.5044,0.779,0.4681
1,True,0.8975800275802612,0.46639999747276306,0.43248,0.4203,0.49422,0.4753,0.54356,0.4908,0.61442,0.4942,0.66822,0.4995,0.77496,0.4696
1,True,0.8880599737167358,0.45809999108314514,0.43914,0.4257,0.49604,0.4717,0.54476,0.4928,0.61662,0.5041,0.66912,0.4988,0.77124,0.4713
1,False,0.8654400110244751,0.4523000121116638,0.43746,0.4226,0.5137,0.4808,0.5685,0.4853,0.67102,0.4822,0.78218,0.474,0.83236,0.4577
1,False,0.8699399828910828,0.45260000228881836,0.43718,0.4257,0.50718,0.4822,0.57108,0.4845,0.67604,0.478,0.78674,0.4678,0.83952,0.4562
1,False,0.8790599703788757,0.46299999952316284,0.42574,0.419,0.5055,0.4778,0.56734,0.4893,0.67906,0.4885,0.80438,0.475,0.8665,0.4627
1,False,0.8618000149726868,0.46129998564720154,0.44062,0.4234,0.51686,0.475,0.5781,0.4896,0.6655,0.4908,0.76974,0.4825,0.82714,0.4616
1,False,0.858299970626831,0.4690999984741211,0.43836,0.4288,0.51484,0.4863,0.56802,0.4898,0.65136,0.492,0.75206,0.4841,0.8004,0.4643
1,False,0.8628399968147278,0.46700000762939453,0.43254,0.4192,0.51068,0.4804,0.5736,0.4924,0.67694,0.4886,0.78374,0.4789,0.83848,0.4641
1,False,0.8590400218963623,0.450300008058548,0.44062,0.4273,0.51268,0.4812,0.57226,0.4899,0.6547,0.484,0.7526,0.4694,0.7916,0.4601
1,False,0.8675199747085571,0.4603999853134155,0.42512,0.4162,0.50784,0.4781,0.56562,0.4902,0.6594,0.4846,0.77142,0.4718,0.8336,0.4578
1,False,0.8637599945068359,0.4593999981880188,0.44194,0.423,0.51498,0.4765,0.57494,0.4831,0.67082,0.4785,0.77708,0.4781,0.83742,0.458
1,False,0.8721200227737427,0.4575999975204468,0.43342,0.4219,0.51192,0.4769,0.57672,0.4879,0.67766,0.4864,0.79064,0.4738,0.85334,0.4613
1,False,0.8622000217437744,0.4537000060081482,0.4297,0.4226,0.5076,0.477,0.57144,0.4956,0.66522,0.4915,0.77722,0.4734,0.83564,0.4581
1,False,0.8650199770927429,0.44679999351501465,0.41918,0.41,0.50118,0.4774,0.55964,0.4855,0.65182,0.4788,0.7671,0.4625,0.8202,0.4363
1,False,0.8593999743461609,0.4595000147819519,0.42146,0.4108,0.50668,0.4846,0.55546,0.485,0.64172,0.4817,0.7529,0.4724,0.82596,0.4593
1,False,0.8599600195884705,0.45969998836517334,0.43266,0.427,0.50762,0.4819,0.56786,0.4929,0.66226,0.4903,0.7658,0.474,0.81468,0.4589
1,False,0.8715800046920776,0.45910000801086426,0.4426,0.431,0.5107,0.4825,0.57294,0.4898,0.67444,0.4873,0.7902,0.4711,0.84266,0.4511
1,False,0.8757200241088867,0.45989999175071716,0.43826,0.4259,0.50986,0.4774,0.57672,0.4922,0.67578,0.4883,0.80338,0.478,0.86956,0.4624
1,False,0.8737199902534485,0.451200008392334,0.43048,0.4183,0.50674,0.4781,0.56704,0.4875,0.66512,0.4783,0.76822,0.4698,0.82428,0.4511
1,False,0.8667600154876709,0.460099995136261,0.43648,0.4247,0.50966,0.4842,0.57316,0.4868,0.66254,0.4829,0.77082,0.4709,0.8296,0.4561
1,False,0.8812199831008911,0.4636000096797943,0.43412,0.4288,0.51188,0.4811,0.57148,0.4913,0.66998,0.4924,0.78984,0.4773,0.84458,0.4649
1,False,0.8563200235366821,0.45910000801086426,0.43412,0.4208,0.5088,0.4795,0.56528,0.4836,0.65894,0.4824,0.76638,0.4778,0.82362,0.4631
1,False,0.8789200186729431,0.45170000195503235,0.42392,0.421,0.50804,0.478,0.5678,0.4854,0.6651,0.4794,0.7658,0.4652,0.80808,0.4505
1,False,0.8783599734306335,0.4643000066280365,0.42472,0.4157,0.5083,0.48,0.56884,0.4871,0.65716,0.4831,0.76352,0.4755,0.81796,0.4647
1,False,0.8647599816322327,0.45419999957084656,0.43222,0.4252,0.51176,0.4819,0.56846,0.4916,0.66394,0.4853,0.7578,0.4682,0.80676,0.4603
1,False,0.8669000267982483,0.46239998936653137,0.43492,0.4177,0.51132,0.4805,0.56884,0.4934,0.65156,0.4841,0.76228,0.4813,0.81758,0.4648
1,False,0.8741199970245361,0.46320000290870667,0.44162,0.4307,0.51546,0.4857,0.57552,0.4954,0.67898,0.4894,0.79388,0.4657,0.84042,0.4521
2,True,0.850059986114502,0.462799996137619,0.45502,0.4355,0.53188,0.4933,0.54058,0.4808,0.6141,0.4994,0.65514,0.5017,0.74554,0.4712
2,True,0.8547599911689758,0.4560999870300293,0.43418,0.4182,0.51794,0.4859,0.51912,0.4761,0.5901,0.4972,0.63454,0.4975,0.71948,0.469
2,True,0.853659987449646,0.474700003862381,0.44572,0.4308,0.5264,0.4889,0.54546,0.4891,0.62244,0.5027,0.67204,0.5069,0.76256,0.4669
2,True,0.8386399745941162,0.46459999680519104,0.42998,0.4205,0.52246,0.4855,0.53122,0.48,0.60056,0.5003,0.644,0.5018,0.73484,0.4719
2,True,0.861240029335022,0.47049999237060547,0.4361,0.4234,0.52306,0.4896,0.53902,0.4902,0.61294,0.5028,0.6568,0.5108,0.74162,0.4671
2,True,0.8492199778556824,0.46650001406669617,0.4556,0.4322,0.5363,0.4895,0.54406,0.4891,0.62266,0.5051,0.66622,0.5075,0.75392,0.4706
2,True,0.8439000248908997,0.4666000008583069,0.4359,0.4241,0.52226,0.4871,0.5304,0.479,0.60208,0.4933,0.6452,0.4985,0.73814,0.4713
2,True,0.83788001537323,0.45989999175071716,0.44,0.4216,0.52662,0.4927,0.53342,0.4785,0.61274,0.4987,0.6587,0.5027,0.73774,0.4695
2,True,0.8664399981498718,0.4562000036239624,0.43458,0.427,0.52044,0.4855,0.52722,0.4766,0.60812,0.4896,0.65898,0.4931,0.77084,0.4647
2,True,0.8713399767875671,0.45969998836517334,0.44686,0.4295,0.52674,0.4852,0.53694,0.4787,0.60728,0.4914,0.64914,0.5014,0.73288,0.4631
2,True,0.8454999923706055,0.4650000035762787,0.45168,0.4373,0.52968,0.4891,0.52902,0.4783,0.60278,0.5,0.64136,0.502,0.72538,0.4715
2,True,0.8642600178718567,0.4607999920845032,0.43302,0.4222,0.52132,0.4846,0.52834,0.4733,0.60218,0.4992,0.65218,0.504,0.74714,0.4737
2,True,0.8694800138473511,0.45890000462532043,0.44174,0.427,0.5226,0.4863,0.5339,0.4757,0.61036,0.4953,0.65238,0.5011,0.74108,0.4627
2,True,0.8606200218200684,0.4699999988079071,0.45124,0.4332,0.52728,0.4852,0.53536,0.4731,0.61236,0.4942,0.65982,0.4999,0.75618,0.4727
2,True,0.855679988861084,0.45239999890327454,0.44026,0.4314,0.52396,0.4855,0.52834,0.4775,0.60908,0.4888,0.65394,0.4918,0.72792,0.4536
2,True,0.8514000177383423,0.4535999894142151,0.44132,0.432,0.52478,0.4837,0.52686,0.4772,0.60116,0.5017,0.64652,0.5026,0.72252,0.4729
2,True,0.858780026435852,0.47049999237060547,0.44808,0.427,0.52758,0.491,0.53682,0.484,0.61726,0.503,0.66514,0.5049,0.75454,0.4687
2,True,0.8611199855804443,0.46160000562667847,0.44426,0.429,0.52452,0.4888,0.53748,0.4889,0.62014,0.5012,0.66422,0.5064,0.74446,0.4672
2,True,0.8674799799919128,0.4641000032424927,0.444,0.4304,0.5236,0.4826,0.53332,0.4752,0.6111,0.4942,0.6622,0.4987,0.74126,0.4666
2,True,0.8504800200462341,0.4717999994754791,0.4436,0.4259,0.5274,0.4897,0.53914,0.4864,0.61522,0.502,0.65856,0.5043,0.7582,0.4786
2,True,0.8720399737358093,0.46630001068115234,0.43784,0.4204,0.52564,0.4859,0.54546,0.4829,0.62066,0.4978,0.6634,0.5011,0.73462,0.4627
2,True,0.8630800247192383,0.4544000029563904,0.43192,0.4144,0.52014,0.4858,0.53184,0.486,0.60188,0.4962,0.65164,0.5024,0.74496,0.4644
2,True,0.8569200038909912,0.46380001306533813,0.42824,0.414,0.52148,0.4858,0.52398,0.4725,0.59394,0.4963,0.64184,0.5047,0.7345,0.4692
2,True,0.8605200052261353,0.46239998936653137,0.45346,0.4364,0.52832,0.4914,0.53984,0.4838,0.61816,0.5015,0.6611,0.5038,0.75934,0.4659
2,True,0.8702399730682373,0.4733000099658966,0.44982,0.4271,0.52918,0.49,0.54406,0.4833,0.62848,0.5064,0.68174,0.5086,0.75416,0.4837
2,False,0.8949000239372253,0.4553999900817871,0.43626,0.4223,0.53396,0.49,0.60294,0.4837,0.69678,0.4808,0.81996,0.4766,0.85962,0.4553
2,False,0.8790799975395203,0.454800009727478,0.43588,0.4224,0.53352,0.4872,0.58846,0.4863,0.6819,0.4803,0.80884,0.4709,0.85834,0.4512
2,False,0.8889600038528442,0.4652999937534332,0.43306,0.4269,0.53264,0.4901,0.59464,0.4872,0.70456,0.4886,0.83654,0.4817,0.87382,0.4669
2,False,0.8877400159835815,0.4560000002384186,0.43018,0.416,0.5301,0.4915,0.57478,0.4842,0.65904,0.4805,0.77924,0.4717,0.82064,0.4538
2,False,0.8774799704551697,0.445499986410141,0.41314,0.4082,0.51748,0.4879,0.56882,0.4852,0.65452,0.4799,0.78426,0.472,0.84832,0.4517
2,False,0.8826199769973755,0.4560000002384186,0.419,0.4065,0.52458,0.4922,0.56524,0.4794,0.66188,0.4871,0.80734,0.4724,0.85982,0.4539
2,False,0.8833799958229065,0.45820000767707825,0.42172,0.4121,0.5275,0.4924,0.57988,0.4871,0.67556,0.4868,0.80686,0.4793,0.86206,0.4605
2,False,0.8831200003623962,0.45210000872612,0.42536,0.4125,0.52096,0.4827,0.56728,0.4748,0.6576,0.469,0.80352,0.4667,0.85772,0.4492
2,False,0.8792200088500977,0.46050000190734863,0.42894,0.4152,0.53152,0.4919,0.58338,0.4885,0.66784,0.4912,0.79686,0.4778,0.85006,0.4579
2,False,0.8822799921035767,0.44859999418258667,0.4225,0.4139,0.52102,0.4839,0.5757,0.4812,0.67154,0.4843,0.80766,0.4726,0.87204,0.4502
2,False,0.8750200271606445,0.45969998836517334,0.40934,0.4079,0.51582,0.4852,0.55958,0.4786,0.64226,0.478,0.7806,0.4694,0.84476,0.4487
2,False,0.8542600274085999,0.429500013589859,0.4038,0.3912,0.50262,0.4715,0.5318,0.4693,0.60126,0.4731,0.7254,0.4639,0.79542,0.4393
2,False,0.8801199793815613,0.4587000012397766,0.42616,0.4185,0.52618,0.4886,0.58026,0.4856,0.67948,0.4859,0.79672,0.4684,0.84266,0.4498
2,False,0.8716800212860107,0.44679999351501465,0.41256,0.3956,0.52308,0.4822,0.56934,0.4723,0.65946,0.4713,0.78918,0.4629,0.84314,0.4429
2,False,0.8762800097465515,0.4578000009059906,0.43194,0.4245,0.52412,0.491,0.57852,0.4819,0.67228,0.48,0.79508,0.4792,0.84262,0.4645
2,False,0.8663600087165833,0.4505999982357025,0.42176,0.4107,0.5234,0.4888,0.55616,0.4807,0.6399,0.4909,0.75974,0.4802,0.8175,0.4542
2,False,0.8673400282859802,0.4546000063419342,0.42312,0.4196,0.51924,0.4839,0.55074,0.4774,0.6413,0.4884,0.7557,0.4748,0.81378,0.4502
2,False,0.8853600025177002,0.4537999927997589,0.42142,0.4154,0.52354,0.4848,0.57764,0.4798,0.68368,0.4843,0.8149,0.4689,0.87152,0.4507
2,False,0.8855199813842773,0.4684999883174896,0.42794,0.415,0.53266,0.491,0.59486,0.4912,0.68984,0.4845,0.80516,0.4865,0.84318,0.4675
2,False,0.8813199996948242,0.4494999945163727,0.4081,0.3998,0.52022,0.4807,0.5678,0.4728,0.65768,0.4805,0.78716,0.4668,0.85046,0.4476
2,False,0.8726400136947632,0.4374000132083893,0.41336,0.4046,0.51166,0.4807,0.5448,0.4701,0.62262,0.4768,0.74564,0.4668,0.81618,0.4487
2,False,0.8273599743843079,0.4259999990463257,0.3856,0.379,0.4926,0.4667,0.49876,0.457,0.54998,0.4614,0.65648,0.4648,0.76724,0.439
2,False,0.8762400150299072,0.4560999870300293,0.43436,0.4207,0.5331,0.4917,0.5706,0.484,0.65544,0.4861,0.76908,0.4771,0.81372,0.4512
2,False,0.8803200125694275,0.45350000262260437,0.43262,0.4184,0.53042,0.4842,0.5904,0.4815,0.68464,0.4771,0.80334,0.4682,0.84876,0.4521
2,False,0.8781599998474121,0.46230000257492065,0.43084,0.4196,0.52762,0.4883,0.57928,0.4861,0.66966,0.4871,0.7991,0.4734,0.8495,0.4559
4,True,0.8197000026702881,0.46140000224113464,0.44856,0.4333,0.553,0.4927,0.51818,0.4722,0.60836,0.4946,0.66202,0.5027,0.72004,0.4633
4,True,0.7849599719047546,0.46779999136924744,0.42914,0.4168,0.54322,0.4951,0.5054,0.4703,0.5809,0.4965,0.63468,0.5065,0.69044,0.4582
4,True,0.8000400066375732,0.45899999141693115,0.44882,0.434,0.56014,0.5036,0.52854,0.4748,0.61016,0.5058,0.66442,0.51,0.72336,0.4688
4,True,0.8299999833106995,0.45890000462532043,0.43924,0.4235,0.54858,0.4988,0.5244,0.4746,0.59778,0.4988,0.65072,0.5029,0.72132,0.4596
4,True,0.8202400207519531,0.46219998598098755,0.43748,0.419,0.55214,0.4965,0.5235,0.479,0.60086,0.5019,0.6536,0.5113,0.71762,0.4707
4,True,0.8162000179290771,0.461899995803833,0.43868,0.4168,0.55262,0.4958,0.51718,0.4689,0.6082,0.4947,0.66624,0.5015,0.73146,0.4657
4,True,0.8189200162887573,0.46549999713897705,0.44294,0.4267,0.55448,0.4956,0.52608,0.4757,0.60584,0.4941,0.6597,0.5,0.7109,0.4616
4,True,0.8147799968719482,0.4625000059604645,0.42342,0.4066,0.54948,0.4991,0.51886,0.4751,0.59904,0.4918,0.65414,0.5011,0.72276,0.4693
4,True,0.8030200004577637,0.45419999957084656,0.43318,0.421,0.54648,0.4888,0.50794,0.4706,0.5867,0.4938,0.64222,0.4964,0.70056,0.4653
4,True,0.8045799732208252,0.44670000672340393,0.43046,0.417,0.54346,0.4912,0.5074,0.4631,0.58088,0.4898,0.63328,0.4967,0.70246,0.4515
4,True,0.784500002861023,0.4560000002384186,0.43334,0.4174,0.54272,0.4958,0.49918,0.4735,0.56964,0.4963,0.6197,0.5027,0.67712,0.4591
4,True,0.8008800148963928,0.4611000120639801,0.44056,0.4234,0.54618,0.4954,0.5077,0.4673,0.5939,0.4971,0.64434,0.4964,0.69546,0.4637
4,True,0.8380799889564514,0.4684999883174896,0.44402,0.4263,0.55686,0.4993,0.53156,0.4791,0.61774,0.5009,0.67518,0.5045,0.72974,0.4673
4,True,0.8299800157546997,0.45989999175071716,0.43802,0.425,0.55176,0.4978,0.5252,0.4779,0.59912,0.4981,0.65426,0.5082,0.717,0.4672
4,True,0.8034800291061401,0.46000000834465027,0.44302,0.4293,0.5503,0.4967,0.51912,0.4738,0.59536,0.4967,0.65388,0.5009,0.70716,0.4664
4,True,0.7601400017738342,0.4424000084400177,0.41196,0.4064,0.52876,0.4843,0.47804,0.4591,0.54484,0.4805,0.59202,0.4859,0.65202,0.4459
4,True,0.8194800019264221,0.46549999713897705,0.43606,0.4195,0.54904,0.4959,0.50984,0.4773,0.58522,0.5005,0.6406,0.5004,0.71202,0.4701
4,True,0.8348199725151062,0.447299987077713,0.43818,0.4286,0.54794,0.5009,0.52452,0.4782,0.59892,0.499,0.65418,0.5038,0.71464,0.4624
4,True,0.8280400037765503,0.461899995803833,0.45146,0.4301,0.5575,0.4977,0.53512,0.4789,0.60996,0.4987,0.6692,0.5021,0.72926,0.4615
4,True,0.8040199875831604,0.45910000801086426,0.44592,0.4326,0.54922,0.494,0.51378,0.472,0.58934,0.4897,0.64586,0.4967,0.69878,0.4572
4,True,0.8168399930000305,0.4560000002384186,0.43492,0.4237,0.54738,0.4921,0.51212,0.4718,0.58616,0.5003,0.63524,0.5046,0.69192,0.4634
4,True,0.8255800008773804,0.46389999985694885,0.45368,0.4409,0.56002,0.5066,0.53362,0.4755,0.6105,0.4972,0.66626,0.5027,0.7302,0.4662
4,True,0.8014400005340576,0.4611000120639801,0.42892,0.4183,0.54104,0.4977,0.50408,0.4751,0.58112,0.4931,0.63276,0.5011,0.68256,0.4658
4,True,0.796019971370697,0.4478999972343445,0.42662,0.4124,0.54462,0.4936,0.50198,0.4642,0.57754,0.4923,0.6279,0.4987,0.67882,0.4544
4,True,0.8138200044631958,0.46309998631477356,0.43486,0.4185,0.54952,0.4999,0.51752,0.4689,0.60046,0.4977,0.65962,0.5048,0.72256,0.46
4,False,0.8746399879455566,0.4397999942302704,0.41226,0.4084,0.5336,0.4856,0.5512,0.4667,0.6263,0.474,0.76096,0.467,0.80946,0.4422
4,False,0.8748599886894226,0.4523000121116638,0.41706,0.4116,0.54108,0.487,0.55916,0.4786,0.63694,0.4769,0.788,0.4722,0.84578,0.4495
4,False,0.8727200031280518,0.4542999863624573,0.4279,0.4188,0.55076,0.4962,0.59138,0.4783,0.68004,0.4804,0.81412,0.4765,0.85456,0.4563
4,False,0.8555999994277954,0.4388999938964844,0.4098,0.4025,0.51684,0.4804,0.52428,0.4583,0.58628,0.4689,0.7186,0.4645,0.77222,0.4373
4,False,0.847320020198822,0.4255000054836273,0.39176,0.3825,0.50484,0.4712,0.49318,0.4492,0.54536,0.4644,0.68206,0.4653,0.78946,0.4312
4,False,0.8443400263786316,0.436599999666214,0.39616,0.385,0.50538,0.4743,0.50232,0.4552,0.55502,0.4635,0.68976,0.4614,0.7651,0.4295
4,False,0.8568400144577026,0.4253000020980835,0.39846,0.3856,0.51326,0.4706,0.5086,0.457,0.5647,0.4686,0.70226,0.4626,0.79426,0.43
4,False,0.867579996585846,0.44690001010894775,0.40986,0.4017,0.54028,0.4904,0.55496,0.4667,0.63116,0.4757,0.76502,0.4765,0.80788,0.4441
4,False,0.853659987449646,0.4422000050544739,0.39668,0.3905,0.52438,0.4767,0.52924,0.4579,0.5933,0.4742,0.7377,0.4668,0.8128,0.4368
4,False,0.862060010433197,0.4490000009536743,0.41932,0.4056,0.54302,0.4881,0.56884,0.4675,0.63864,0.4749,0.76092,0.4734,0.8068,0.4508
4,False,0.8687599897384644,0.43630000948905945,0.41372,0.4087,0.52004,0.4823,0.52654,0.4718,0.59136,0.4803,0.73264,0.4652,0.79236,0.4363
4,False,0.8504199981689453,0.4440000057220459,0.3995,0.3882,0.52766,0.4777,0.53162,0.4674,0.60138,0.4715,0.73156,0.4656,0.79266,0.4372
4,False,0.847000002861023,0.4163999855518341,0.3947,0.3832,0.5106,0.4753,0.50032,0.4603,0.55918,0.468,0.68966,0.4654,0.75872,0.4261
4,False,0.8846799731254578,0.450300008058548,0.41662,0.4015,0.5344,0.4813,0.56042,0.4688,0.64434,0.4752,0.8004,0.4709,0.85198,0.4439
4,False,0.8758400082588196,0.4417000114917755,0.4192,0.4105,0.52986,0.4811,0.5521,0.466,0.63746,0.4728,0.78494,0.4629,0.8482,0.4444
4,False,0.874019980430603,0.44269999861717224,0.4135,0.4126,0.53712,0.4859,0.55466,0.474,0.63514,0.4812,0.78296,0.4665,0.829,0.4458
4,False,0.8570200204849243,0.4318000078201294,0.40594,0.3966,0.52032,0.4852,0.5148,0.4595,0.56712,0.4733,0.70108,0.4707,0.77372,0.4362
4,False,0.8725200295448303,0.44670000672340393,0.41236,0.3998,0.53118,0.4875,0.55214,0.4698,0.62052,0.4739,0.76362,0.469,0.82264,0.4514
4,False,0.8679999709129333,0.45239999890327454,0.41458,0.4102,0.53742,0.4886,0.56662,0.4768,0.6497,0.4732,0.78776,0.4672,0.83234,0.4442
4,False,0.886139988899231,0.4602999985218048,0.43004,0.4191,0.55072,0.4955,0.59078,0.4792,0.68226,0.4824,0.81462,0.4773,0.85544,0.46
4,False,0.8811799883842468,0.459199994802475,0.41954,0.4132,0.54344,0.4912,0.57792,0.4797,0.66406,0.4795,0.80646,0.4765,0.86342,0.4591
4,False,0.8804000020027161,0.45329999923706055,0.43184,0.4195,0.55028,0.4955,0.59874,0.4818,0.6829,0.4879,0.8169,0.4792,0.85268,0.4538
4,False,0.8691999912261963,0.4471000134944916,0.41372,0.4051,0.53244,0.4872,0.5406,0.4641,0.6155,0.4789,0.76142,0.4669,0.82152,0.4457
4,False,0.873420000076294,0.44589999318122864,0.42054,0.4132,0.54284,0.4879,0.57398,0.4724,0.64894,0.4855,0.77188,0.4765,0.8029,0.4516
4,False,0.8473799824714661,0.43320000171661377,0.3984,0.3896,0.51648,0.4774,0.51362,0.4584,0.57462,0.4674,0.71524,0.4621,0.7972,0.4321
8,True,0.7828800082206726,0.46480000019073486,0.45064,0.4338,0.58512,0.5038,0.51928,0.4662,0.60318,0.4883,0.68194,0.4976,0.70754,0.4635
8,True,0.7672200202941895,0.46000000834465027,0.44064,0.4261,0.58514,0.5058,0.51998,0.4757,0.59742,0.4991,0.67148,0.5032,0.67678,0.4555
8,True,0.7929400205612183,0.4611000120639801,0.44572,0.4247,0.58646,0.5032,0.51894,0.4728,0.5964,0.4939,0.67246,0.4969,0.6863,0.4662
8,True,0.7251999974250793,0.43650001287460327,0.40686,0.4005,0.5679,0.4911,0.48194,0.449,0.55396,0.4826,0.6279,0.4862,0.64024,0.437
8,True,0.7562000155448914,0.4555000066757202,0.42928,0.4172,0.5789,0.4993,0.5004,0.4676,0.57916,0.4943,0.65528,0.5003,0.65238,0.4469
8,True,0.7202600240707397,0.44830000400543213,0.42646,0.4116,0.56364,0.4906,0.47876,0.451,0.54782,0.4828,0.62046,0.486,0.64842,0.4462
8,True,0.7634000182151794,0.4602999985218048,0.4392,0.4187,0.58462,0.4975,0.50676,0.4619,0.5847,0.4959,0.66198,0.5057,0.6737,0.4594
8,True,0.7287399768829346,0.4602000117301941,0.42076,0.4041,0.57316,0.4969,0.4914,0.4585,0.56868,0.4957,0.63688,0.5016,0.64062,0.4547
8,True,0.7548400163650513,0.45489999651908875,0.41934,0.4007,0.5726,0.4956,0.49436,0.4614,0.56874,0.4898,0.64956,0.492,0.6946,0.4483
8,True,0.7615200281143188,0.460099995136261,0.42742,0.4108,0.57588,0.5013,0.50098,0.4641,0.58146,0.4909,0.65554,0.4953,0.67092,0.4541
8,True,0.7602800130844116,0.46000000834465027,0.41848,0.403,0.5751,0.4977,0.49154,0.4682,0.5691,0.4965,0.64174,0.502,0.66712,0.4596
8,True,0.7702400088310242,0.4740999937057495,0.44588,0.427,0.59306,0.5057,0.53052,0.4707,0.6137,0.4988,0.6943,0.5059,0.709,0.4679
8,True,0.725820004940033,0.4648999869823456,0.42844,0.4077,0.57028,0.4932,0.49438,0.4542,0.55974,0.4864,0.6356,0.4961,0.662,0.4512
8,True,0.7550600171089172,0.4562000036239624,0.42692,0.4134,0.57654,0.4987,0.50374,0.4622,0.58264,0.4917,0.65842,0.4963,0.68712,0.453
8,True,0.750540018081665,0.4699999988079071,0.44424,0.4244,0.58426,0.5002,0.51344,0.4661,0.58788,0.4943,0.66176,0.506,0.67454,0.4656
8,True,0.7695800065994263,0.46470001339912415,0.43902,0.4233,0.58436,0.5037,0.50998,0.4735,0.58892,0.4969,0.66462,0.5111,0.68038,0.4598
8,True,0.7311599850654602,0.4544999897480011,0.41498,0.3984,0.5717,0.496,0.48586,0.4573,0.56404,0.4916,0.63884,0.4973,0.66372,0.4583
8,True,0.7135400176048279,0.44440001249313354,0.41482,0.4076,0.55876,0.4878,0.47208,0.4478,0.53322,0.4819,0.60844,0.4932,0.63266,0.4476
8,True,0.7063999772071838,0.45820000767707825,0.40686,0.3986,0.56072,0.4853,0.48188,0.4517,0.55286,0.4796,0.62692,0.4835,0.6377,0.4445
8,True,0.7539600133895874,0.44929999113082886,0.42468,0.409,0.56788,0.491,0.49166,0.4601,0.56372,0.4849,0.64528,0.4912,0.67318,0.4473
8,True,0.7425400018692017,0.4422999918460846,0.4276,0.4159,0.56626,0.4867,0.48082,0.4583,0.55518,0.4832,0.62666,0.4859,0.65376,0.4399
8,True,0.7618200182914734,0.45489999651908875,0.42766,0.4117,0.57828,0.5,0.50624,0.4638,0.5847,0.4992,0.66378,0.5046,0.6888,0.4507
8,True,0.7042999863624573,0.44690001010894775,0.40382,0.3912,0.56188,0.4882,0.48102,0.4506,0.5498,0.4822,0.62118,0.4884,0.62894,0.4398
8,True,0.7330800294876099,0.44699999690055847,0.4309,0.4202,0.56922,0.4939,0.4875,0.4491,0.56556,0.4832,0.63554,0.4873,0.64966,0.4475
8,True,0.7406399846076965,0.4580000042915344,0.42512,0.4131,0.57412,0.4944,0.48754,0.4558,0.56496,0.4923,0.64012,0.4942,0.65874,0.4497
8,False,0.8228399753570557,0.40630000829696655,0.37664,0.3696,0.4953,0.4501,0.4621,0.4312,0.50552,0.4477,0.63552,0.4501,0.68374,0.415
8,False,0.8345199823379517,0.39879998564720154,0.37728,0.3704,0.48268,0.4436,0.45286,0.4221,0.49322,0.4463,0.64866,0.4379,0.7617,0.4072
8,False,0.7832800149917603,0.38960000872612,0.36386,0.356,0.4791,0.4421,0.44022,0.4106,0.48462,0.4373,0.62186,0.4347,0.69426,0.4018
8,False,0.8285800218582153,0.42250001430511475,0.39708,0.3868,0.5279,0.4789,0.51218,0.4641,0.56134,0.4673,0.70212,0.4588,0.75194,0.4271
8,False,0.78302001953125,0.3743000030517578,0.37888,0.3714,0.46804,0.4399,0.44306,0.4202,0.47422,0.4331,0.61266,0.4223,0.69326,0.3928
8,False,0.769860029220581,0.3862000107765198,0.36214,0.3545,0.48568,0.4492,0.4378,0.4107,0.48376,0.442,0.59184,0.4431,0.6413,0.4038
8,False,0.7609599828720093,0.3695000112056732,0.37632,0.3679,0.45642,0.4261,0.42488,0.4038,0.46182,0.4188,0.57998,0.4184,0.64524,0.3769
8,False,0.6349800229072571,0.36730000376701355,0.33816,0.3355,0.43042,0.409,0.38308,0.3686,0.43638,0.4124,0.52526,0.4091,0.56882,0.3804
8,False,0.8050000071525574,0.3995000123977661,0.38864,0.3819,0.50162,0.4496,0.46318,0.4307,0.51316,0.4445,0.64478,0.4432,0.71752,0.4113
8,False,0.850820004940033,0.44209998846054077,0.41102,0.4049,0.53736,0.4771,0.52976,0.4606,0.58952,0.4692,0.76006,0.4635,0.81894,0.4375
8,False,0.8229799866676331,0.3772999942302704,0.37728,0.3728,0.4719,0.4481,0.43248,0.4166,0.47984,0.4411,0.61562,0.4353,0.72832,0.398
8,False,0.8325999975204468,0.39559999108314514,0.38706,0.3827,0.4987,0.4611,0.46842,0.4415,0.51472,0.4572,0.64852,0.4516,0.71182,0.4141
8,False,0.7949600219726562,0.3783999979496002,0.36278,0.3542,0.46678,0.4358,0.42698,0.4117,0.47,0.4348,0.58476,0.4297,0.6723,0.3985
8,False,0.8455399870872498,0.4228000044822693,0.3962,0.3853,0.518,0.4742,0.50298,0.46,0.55678,0.4681,0.72054,0.4633,0.80052,0.4257
8,False,0.8001999855041504,0.38830000162124634,0.37896,0.3709,0.48604,0.4446,0.44788,0.4273,0.49238,0.4466,0.61656,0.4394,0.68526,0.3985
8,False,0.829259991645813,0.4368000030517578,0.40362,0.395,0.53408,0.4813,0.51094,0.4602,0.56698,0.4671,0.71628,0.4688,0.76494,0.4341
8,False,0.8098000288009644,0.39800000190734863,0.37092,0.3694,0.48362,0.449,0.4487,0.4249,0.49426,0.4435,0.63036,0.4428,0.70212,0.4134
8,False,0.8167799711227417,0.39590001106262207,0.37636,0.3652,0.48092,0.4509,0.4445,0.4338,0.49088,0.4466,0.63142,0.4452,0.73224,0.412
8,False,0.8340200185775757,0.42250001430511475,0.3845,0.379,0.51348,0.4742,0.48958,0.4528,0.53376,0.4608,0.65908,0.4634,0.69354,0.43
8,False,0.7548999786376953,0.40299999713897705,0.38552,0.3775,0.48472,0.4472,0.43788,0.4156,0.48268,0.4451,0.59246,0.4418,0.65792,0.415
8,False,0.8070200085639954,0.40299999713897705,0.37704,0.3692,0.487,0.4499,0.45222,0.4275,0.49664,0.4473,0.63184,0.4468,0.70544,0.4073
8,False,0.8488600254058838,0.43149998784065247,0.40584,0.3963,0.5362,0.4812,0.52184,0.4567,0.5785,0.4662,0.73256,0.4672,0.768,0.4348
8,False,0.8132200241088867,0.4196000099182129,0.39114,0.3846,0.5173,0.4697,0.48612,0.4462,0.5294,0.4616,0.65892,0.4596,0.70568,0.4222
8,False,0.7822800278663635,0.39239999651908875,0.37048,0.3644,0.48038,0.4463,0.43838,0.4135,0.48756,0.4444,0.61046,0.4413,0.69074,0.4065
8,False,0.8150799870491028,0.4300000071525574,0.3987,0.3833,0.51706,0.4697,0.49716,0.4481,0.54406,0.4608,0.68706,0.4602,0.75912,0.426
16,True,0.680620014667511,0.44339999556541443,0.41326,0.4014,0.60376,0.4778,0.47646,0.4459,0.5441,0.4771,0.65412,0.4801,0.62334,0.4324
16,True,0.6769000291824341,0.462799996137619,0.41934,0.4075,0.61786,0.4928,0.4921,0.4549,0.56608,0.4873,0.66992,0.4924,0.6243,0.4602
16,True,0.6488400101661682,0.44440001249313354,0.40118,0.3929,0.59308,0.4747,0.4621,0.44,0.53274,0.4736,0.64108,0.4717,0.60956,0.4344
16,True,0.6425399780273438,0.44119998812675476,0.40174,0.3871,0.59412,0.4723,0.45742,0.4349,0.52358,0.4667,0.63168,0.4686,0.5964,0.4502
16,True,0.6490399837493896,0.4514999985694885,0.42732,0.4101,0.60766,0.4771,0.47698,0.4459,0.54772,0.4822,0.64964,0.4801,0.60678,0.4494
16,True,0.48137998580932617,0.41749998927116394,0.33208,0.3243,0.50956,0.3982,0.36952,0.3575,0.45416,0.4252,0.55022,0.418,0.47692,0.4123
16,True,0.6213799715042114,0.44999998807907104,0.40888,0.3984,0.59572,0.4724,0.46282,0.4346,0.52752,0.4728,0.63462,0.4747,0.59872,0.4417
16,True,0.48443999886512756,0.41019999980926514,0.3633,0.3566,0.51466,0.3991,0.37072,0.3565,0.4579,0.4239,0.5521,0.4271,0.46748,0.4105
16,True,0.6858599781990051,0.459199994802475,0.41772,0.4017,0.61176,0.4844,0.48888,0.4512,0.5614,0.4803,0.66776,0.4808,0.6451,0.4467
16,True,0.5888000130653381,0.4343999922275543,0.39848,0.3868,0.57292,0.4547,0.4314,0.4185,0.50094,0.4546,0.60556,0.4617,0.55718,0.4273
16,True,0.6439800262451172,0.4341999888420105,0.40696,0.3969,0.5924,0.4745,0.45732,0.4348,0.528,0.4682,0.63944,0.4693,0.59252,0.4303
16,True,0.60589998960495,0.45989999175071716,0.40494,0.3937,0.59344,0.4737,0.4459,0.4224,0.52574,0.4763,0.62186,0.4802,0.55578,0.4588
16,True,0.5964999794960022,0.4390000104904175,0.40644,0.3969,0.58402,0.4644,0.44936,0.4275,0.51584,0.4677,0.613,0.4624,0.55686,0.4348
16,True,0.6456999778747559,0.4397999942302704,0.40684,0.3958,0.58926,0.4656,0.46254,0.4347,0.52598,0.4717,0.63238,0.4627,0.58522,0.4387
16,True,0.6184800267219543,0.44760000705718994,0.40102,0.3919,0.58642,0.4654,0.45634,0.4389,0.51594,0.4675,0.62214,0.4683,0.5732,0.4421
16,True,0.4869399964809418,0.42590001225471497,0.34932,0.343,0.5222,0.4065,0.39526,0.3809,0.4553,0.4289,0.5522,0.4257,0.47962,0.4226
16,True,0.6914399862289429,0.45649999380111694,0.42266,0.411,0.6195,0.4967,0.48896,0.4566,0.56446,0.4875,0.67496,0.4857,0.64176,0.446
16,True,0.6776599884033203,0.4544000029563904,0.41464,0.4072,0.60748,0.4859,0.47432,0.4466,0.5479,0.4849,0.6574,0.4839,0.62972,0.4529
16,True,0.6479600071907043,0.4334999918937683,0.39118,0.3786,0.58786,0.4702,0.44838,0.435,0.5171,0.4621,0.62936,0.4622,0.6022,0.4232
16,True,0.5182600021362305,0.4230000078678131,0.36922,0.3622,0.53548,0.421,0.39392,0.3832,0.47674,0.4377,0.57198,0.4398,0.49926,0.4151
16,True,0.6984999775886536,0.4641000032424927,0.42382,0.4091,0.62206,0.4916,0.49488,0.4609,0.5662,0.4887,0.67054,0.4897,0.64366,0.4549
16,True,0.6368399858474731,0.43540000915527344,0.41088,0.3966,0.58998,0.4685,0.45768,0.4359,0.52354,0.4649,0.62896,0.4696,0.58272,0.4311
16,True,0.680079996585846,0.4537000060081482,0.41706,0.4045,0.60478,0.4812,0.4781,0.4525,0.55,0.4776,0.6536,0.4832,0.63224,0.4533
16,True,0.6662200093269348,0.45080000162124634,0.41144,0.4019,0.60992,0.4862,0.4713,0.447,0.55008,0.4764,0.65308,0.4836,0.61036,0.448
16,True,0.6412799954414368,0.4546999931335449,0.41466,0.3982,0.60718,0.4781,0.48284,0.4486,0.54846,0.4829,0.64888,0.4873,0.59532,0.455
16,False,0.7094799876213074,0.3785000145435333,0.34564,0.3339,0.45106,0.4238,0.4171,0.3969,0.4534,0.4227,0.59428,0.4119,0.63254,0.377
16,False,0.7685400247573853,0.384799987077713,0.3761,0.3688,0.4736,0.435,0.41892,0.3986,0.4663,0.4256,0.6103,0.4331,0.66484,0.3995
16,False,0.6224799752235413,0.37950000166893005,0.34346,0.3347,0.44372,0.4175,0.40062,0.3855,0.44318,0.4163,0.56352,0.4201,0.57152,0.3884
16,False,0.769320011138916,0.4002000093460083,0.3831,0.371,0.48868,0.4487,0.43266,0.415,0.4829,0.4391,0.6172,0.446,0.6624,0.4049
16,False,0.8266800045967102,0.4196999967098236,0.39524,0.39,0.51516,0.468,0.46736,0.4406,0.518,0.4574,0.68786,0.4545,0.71642,0.4246
16,False,0.5924400091171265,0.3750999867916107,0.35136,0.3465,0.42604,0.411,0.39726,0.3877,0.42882,0.4051,0.52654,0.4057,0.52126,0.3848
16,False,0.7419800162315369,0.3621000051498413,0.34654,0.3372,0.44574,0.4232,0.41058,0.3967,0.44768,0.4167,0.58584,0.4033,0.62932,0.3696
16,False,0.6263800263404846,0.3637999892234802,0.3184,0.3186,0.42294,0.4045,0.39352,0.3823,0.43422,0.403,0.54594,0.402,0.56182,0.3753
16,False,0.5098000168800354,0.38920000195503235,0.33926,0.3292,0.42446,0.3979,0.3862,0.365,0.4234,0.3948,0.4928,0.406,0.49302,0.387
16,False,0.47863999009132385,0.38260000944137573,0.34202,0.3336,0.4154,0.3941,0.38072,0.3678,0.41012,0.3875,0.48838,0.3944,0.47168,0.3771
16,False,0.6929600238800049,0.3833000063896179,0.35176,0.3461,0.44512,0.423,0.40092,0.3933,0.4465,0.4219,0.56598,0.4258,0.61974,0.398
16,False,0.7674000263214111,0.39649999141693115,0.38044,0.3723,0.48514,0.4437,0.43546,0.4146,0.4785,0.4351,0.62746,0.4366,0.64592,0.3985
16,False,0.5505800247192383,0.3677000105381012,0.3337,0.3327,0.41442,0.3936,0.3795,0.3628,0.41834,0.3929,0.50814,0.397,0.52588,0.3747
16,False,0.6723200082778931,0.38920000195503235,0.36096,0.3548,0.472,0.4397,0.42104,0.403,0.4633,0.4254,0.58766,0.4319,0.60158,0.3948
16,False,0.4980199933052063,0.37070000171661377,0.33706,0.326,0.41472,0.3902,0.37104,0.3544,0.40478,0.3791,0.48052,0.392,0.47716,0.3798
16,False,0.7991200089454651,0.3950999975204468,0.38028,0.3737,0.4858,0.4522,0.44738,0.431,0.48542,0.4445,0.63422,0.4385,0.6543,0.4043
16,False,0.7759400010108948,0.38659998774528503,0.37326,0.3658,0.4682,0.4375,0.4254,0.4102,0.46812,0.4307,0.62654,0.4273,0.67044,0.3937
16,False,0.4517199993133545,0.365200012922287,0.29382,0.2843,0.3902,0.3735,0.35942,0.3492,0.39652,0.378,0.45012,0.3801,0.43402,0.3734
16,False,0.3536800146102905,0.3336000144481659,0.2602,0.2528,0.3442,0.3272,0.31742,0.3057,0.3454,0.3299,0.36908,0.3444,0.35788,0.3477
16,False,0.6292999982833862,0.3946000039577484,0.35594,0.356,0.45876,0.4267,0.41702,0.4037,0.4552,0.4184,0.57436,0.4276,0.5851,0.3957
16,False,0.7053599953651428,0.3758000135421753,0.35926,0.3511,0.46454,0.4311,0.41478,0.3933,0.45642,0.4197,0.57102,0.4302,0.58934,0.3961
16,False,0.8153200149536133,0.39570000767707825,0.37448,0.3687,0.49722,0.4474,0.45868,0.4352,0.49574,0.4464,0.66936,0.4332,0.73252,0.4051
16,False,0.39375999569892883,0.36160001158714294,0.25572,0.2495,0.36142,0.3486,0.35262,0.3432,0.37538,0.3556,0.40368,0.3623,0.3894,0.3634
16,False,0.53684002161026,0.39879998564720154,0.3322,0.3284,0.43284,0.4106,0.39554,0.385,0.42942,0.4014,0.51276,0.4186,0.5156,0.4058
16,False,0.5362600088119507,0.3953000009059906,0.32646,0.3237,0.42752,0.4015,0.37686,0.364,0.43196,0.4124,0.50912,0.4169,0.4858,0.4024
32,True,0.4322800040245056,0.3894999921321869,0.33886,0.3233,0.55676,0.338,0.35202,0.3405,0.42678,0.39,0.59808,0.3658,0.4293,0.387
32,True,0.48758000135421753,0.4156999886035919,0.35106,0.3395,0.60288,0.3871,0.36862,0.3542,0.46552,0.4286,0.63216,0.4165,0.48588,0.423
32,True,0.2720400094985962,0.26750001311302185,0.17122,0.1681,0.31716,0.1605,0.21592,0.2151,0.27538,0.2694,0.44836,0.2319,0.26542,0.2675
32,True,0.5565800070762634,0.41940000653266907,0.39756,0.382,0.64282,0.4302,0.43064,0.406,0.48786,0.4427,0.6559,0.4276,0.51126,0.4168
32,True,0.20197999477386475,0.20020000636577606,0.10222,0.1019,0.23596,0.0972,0.14552,0.147,0.19006,0.1878,0.33908,0.179,0.20026,0.2007
32,True,0.1009799987077713,0.10339999943971634,0.1029,0.1036,0.11036,0.1023,0.10302,0.103,0.1036,0.1034,0.11092,0.1028,0.10046,0.1001
32,True,0.5548999905586243,0.44600000977516174,0.41534,0.3952,0.65932,0.443,0.45396,0.4255,0.51918,0.4569,0.67228,0.4384,0.55124,0.4431
32,True,0.4344800114631653,0.3982999920845032,0.31916,0.3022,0.56252,0.3472,0.36152,0.3482,0.42666,0.3982,0.59758,0.372,0.43504,0.3978
32,True,0.4247399866580963,0.39489999413490295,0.33894,0.3271,0.55136,0.3394,0.36158,0.3472,0.42,0.3981,0.58814,0.3621,0.42842,0.3997
32,True,0.47944000363349915,0.41749998927116394,0.36232,0.3519,0.60084,0.391,0.4032,0.3812,0.45974,0.4259,0.62308,0.3991,0.47524,0.4118
32,True,0.20747999846935272,0.20819999277591705,0.10302,0.1029,0.23142,0.1054,0.10302,0.1029,0.20868,0.2096,0.35866,0.1859,0.21114,0.2105
32,True,0.37591999769210815,0.3707999885082245,0.30208,0.2964,0.4957,0.284,0.25926,0.2512,0.37636,0.3605,0.54668,0.3163,0.38208,0.3679
32,True,0.2951200008392334,0.2888000011444092,0.19674,0.1947,0.40898,0.2056,0.20226,0.2022,0.30514,0.2915,0.48518,0.2482,0.30096,0.2917
32,True,0.3442400097846985,0.33009999990463257,0.25352,0.2417,0.44072,0.249,0.23442,0.2247,0.34996,0.3316,0.52074,0.2979,0.3533,0.3302
32,True,0.47558000683784485,0.41929998993873596,0.36248,0.3495,0.59354,0.3777,0.3926,0.3744,0.46234,0.4216,0.62766,0.4027,0.4812,0.4162
32,True,0.4777199923992157,0.41019999980926514,0.36422,0.3533,0.59998,0.3833,0.39748,0.3836,0.45242,0.4202,0.6223,0.3972,0.46926,0.4115
32,True,0.2678399980068207,0.2549000084400177,0.20388,0.204,0.3999,0.1846,0.20532,0.2056,0.25936,0.2536,0.46272,0.2138,0.24836,0.2445
32,True,0.28703999519348145,0.2459000051021576,0.16506,0.1614,0.35442,0.1761,0.19048,0.192,0.28776,0.2786,0.45578,0.239,0.28574,0.2803
32,True,0.4161199927330017,0.3880000114440918,0.2972,0.2876,0.53388,0.3308,0.35716,0.3492,0.41314,0.3963,0.58016,0.3589,0.41626,0.3923
32,True,0.3054400086402893,0.30880001187324524,0.18244,0.1799,0.37758,0.2044,0.1848,0.1844,0.30972,0.3042,0.48,0.2534,0.30448,0.2992
32,True,0.5104600191116333,0.4334999918937683,0.36284,0.352,0.62772,0.4137,0.40978,0.3906,0.47834,0.4366,0.64654,0.421,0.50416,0.4319
32,True,0.21121999621391296,0.20589999854564667,0.19216,0.1884,0.35844,0.1758,0.15294,0.1517,0.16286,0.1611,0.30246,0.1576,0.18762,0.1886
32,True,0.3860200047492981,0.3619999885559082,0.31556,0.3001,0.52306,0.3136,0.31928,0.3069,0.39472,0.3679,0.5601,0.3296,0.39462,0.3731
32,True,0.27531999349594116,0.27379998564720154,0.17136,0.1679,0.32754,0.1604,0.22304,0.2241,0.27944,0.2729,0.44718,0.2434,0.27684,0.2717
32,True,0.44029998779296875,0.4092999994754791,0.34914,0.3422,0.57234,0.3613,0.37084,0.3547,0.43692,0.4093,0.60658,0.3845,0.43926,0.4033
32,False,0.4398399889469147,0.3864000141620636,0.30128,0.2922,0.40612,0.3858,0.3314,0.3245,0.3975,0.3796,0.45002,0.3989,0.43758,0.3886
32,False,0.3000999987125397,0.288100004196167,0.17356,0.1667,0.29232,0.2795,0.25236,0.248,0.27314,0.2648,0.3107,0.2941,0.30662,0.2947
32,False,0.4098399877548218,0.3625999987125397,0.30174,0.2941,0.37024,0.3511,0.34332,0.3295,0.38484,0.3655,0.42774,0.3687,0.40642,0.3648
32,False,0.39208000898361206,0.3709000051021576,0.29318,0.2864,0.37252,0.3572,0.333,0.3213,0.34884,0.3349,0.4075,0.3722,0.40016,0.3718
32,False,0.5225800275802612,0.40400001406669617,0.34446,0.3393,0.44256,0.4145,0.3905,0.3756,0.43288,0.4089,0.53056,0.4189,0.51828,0.4089
32,False,0.28665998578071594,0.2842000126838684,0.16968,0.1677,0.2869,0.2825,0.23048,0.2341,0.2637,0.2575,0.29244,0.2786,0.2893,0.2819
32,False,0.09963999688625336,0.10000000149011612,0.10016,0.1,0.10118,0.1001,0.10042,0.1001,0.10042,0.1,0.10026,0.1002,0.1,0.1
32,False,0.4150199890136719,0.3781000077724457,0.28386,0.2808,0.38852,0.3747,0.35734,0.3465,0.38554,0.3688,0.43814,0.3755,0.41804,0.375
32,False,0.29868000745773315,0.29100000858306885,0.206,0.1974,0.28786,0.2834,0.22394,0.2175,0.26922,0.2613,0.3071,0.2874,0.30266,0.291
32,False,0.30121999979019165,0.29679998755455017,0.191,0.1849,0.2924,0.2867,0.24094,0.2314,0.29716,0.2892,0.31032,0.2918,0.3077,0.2952
32,False,0.4053199887275696,0.37529999017715454,0.30926,0.3025,0.38326,0.3666,0.3548,0.3373,0.38562,0.3696,0.42732,0.3764,0.40408,0.3765
32,False,0.20452000200748444,0.2078000009059906,0.10322,0.1033,0.20852,0.2039,0.16702,0.1696,0.19048,0.1892,0.21624,0.2019,0.20902,0.2039
32,False,0.5078799724578857,0.37720000743865967,0.32172,0.3126,0.40972,0.3912,0.36818,0.3525,0.41158,0.389,0.48496,0.4012,0.46628,0.3798
32,False,0.21153999865055084,0.20990000665187836,0.10506,0.1058,0.2156,0.2051,0.19802,0.1984,0.17248,0.1754,0.2158,0.2094,0.21282,0.2104
32,False,0.45719999074935913,0.3822999894618988,0.3057,0.3001,0.39052,0.3764,0.35482,0.3394,0.40596,0.3848,0.47102,0.3916,0.45742,0.3833
32,False,0.3310999870300293,0.32600000500679016,0.24116,0.2264,0.3346,0.321,0.29778,0.2929,0.31446,0.3028,0.34704,0.3269,0.33862,0.3283
32,False,0.3508400022983551,0.33550000190734863,0.26438,0.258,0.33966,0.3279,0.30174,0.294,0.34398,0.3331,0.36482,0.3448,0.35754,0.3426
32,False,0.35346001386642456,0.33820000290870667,0.28292,0.2734,0.34552,0.3292,0.31252,0.299,0.33666,0.3197,0.37144,0.3456,0.36366,0.3446
32,False,0.390500009059906,0.3736000061035156,0.29176,0.2853,0.37228,0.3554,0.33694,0.3282,0.35924,0.3455,0.40622,0.3789,0.3941,0.3745
32,False,0.7386599779129028,0.37459999322891235,0.3596,0.3512,0.4522,0.4282,0.40978,0.399,0.4509,0.4219,0.638,0.4071,0.67464,0.3764
32,False,0.30423998832702637,0.29260000586509705,0.21052,0.2025,0.29558,0.2918,0.2312,0.2276,0.28354,0.2772,0.31248,0.2933,0.30714,0.2908
32,False,0.5172399878501892,0.38029998540878296,0.3283,0.3213,0.41644,0.3972,0.3665,0.3543,0.41478,0.3901,0.50974,0.401,0.49638,0.3813
32,False,0.09623999893665314,0.10000000149011612,0.10006,0.1,0.10002,0.0999,0.10002,0.1,0.09988,0.1001,0.10002,0.1,0.1,0.1
32,False,0.4484800100326538,0.36489999294281006,0.31406,0.302,0.3979,0.3792,0.3616,0.3516,0.39632,0.3743,0.4604,0.384,0.43306,0.3746
32,False,0.4325999915599823,0.3741999864578247,0.32324,0.3202,0.3963,0.3825,0.36252,0.3542,0.39298,0.3761,0.44962,0.3787,0.42598,0.3776
